Id;Typ;Namn;Undertyp;Nivå;Säljvärde;Stats;Krav;Effekter;Yrke;Material;Föremål;Mynt;Tid;Handlare;Loot;Kategorier;Beskrivning
32;material;Adamantium;;-;150;-;-;-;;;;;;Kajsa Fjärdingsväg;;Exotiskt;
22;material;Sandhavsläder;;-;151;-;-;-;;;;;;Kajsa Fjärdingsväg;Drakfanatiker;Exotiskt;
66;material;Elementsav;;-;30;-;-;-;Rustningssmide 2;3 x Blodpint;;0;50;Durin Hammarhjälm;Ajakava, Harpya, Liten eldelementar, Massiv skalbagge, Pärlvaran, Skrattande Kookaburras, Slavdrivare, Stor eldelementar, Trehövdad hydra, Ökenstorm;Vätska;Utvunnen ur olika odjur sägs saven ha magiska förmågor.
54;material;Härdad lönn;;-;200;-;-;-;;;;;;;;Härdat;Härdningsprocessen för detta träslag mycket tidskrävande och noggrann. Resultatet är ett exceptionellt hanterbart stycke trä som kan böjas och bearbetas väldigt enkelt.
137;material;En adelsröst;;-;200;-;-;-;;;;;;;;;En röst på det adliga partiet av Stenhem. Fungerar också som en lott i det stora partilotteriet.
50;material;Härdad sand;;-;200;-;-;-;;;;;;;;Härdat;En mörk och mycket hård sand från ökenområdet väst om stenhem.
48;material;Cyklopöga;;-;10;-;-;-;;;;;;;Cyklop, Stengolem, Uråldrig cyklop;Unik;
47;material;Draköga;;-;175;-;-;-;;;;;;;Drakdrottning, Drakprins, Förvuxen Blå Drake, Förvuxen Grön Drake, Grön drake, Järndrake, Onyxdrake, Svart drake;Drakdel;Ett öga från en drake.
46;material;Drakben;;-;100;-;-;-;;;;;;;Blå drake, Drakdrottning, Drakprins, Förvuxen Blå Drake, Förvuxen Grön Drake, Grön drake, Gul drake, Järndrake, Onyxdrake, Röd drake, Svart drake;Drakdel;Ett ben från en drake.
45;material;Drakfjäll;;-;75;-;-;-;;;;;;;Blå drake, Drakdrottning, Drakorm, Drakprins, Drakpräst, Drakyngling, Förvuxen Blå Drake, Förvuxen Grön Drake, Grön drake, Gul drake, Järndrake, Lindorm, Onyxdrake, Röd drake, Svart drake;Drakdel;Fjäll från en drake.
44;material;Draktand;;-;150;-;-;-;;;;;;;Drakdrottning, Drakfanatiker, Drakprins, Förvuxen Blå Drake, Förvuxen Grön Drake, Grön drake, Gul drake, Järndrake, Onyxdrake, Svart drake;Drakdel;En tand från en drake.
37;material;Förstenad ros;;-;142;-;-;-;;;;;;Kajsa Fjärdingsväg;;Exotiskt;En vacker ros som blivit förstenad med okända trollkonster. En mycket kraftfull alkemisk reagent.
36;material;Pegasusfjäder;;-;180;-;-;-;;;;;;Kajsa Fjärdingsväg;;Exotiskt;En liten vit fjäder från en pegasus, given som frivillig gåva har dessa stor kraft. Tagen med våld säger legenderna att dem förbannar vem som än rör vid dem.
138;material;En knegarröst;;-;200;-;-;-;;;;;;;;;En röst på knegarpartiet i Stenhem. Fungerar också som en lott i det stora partilotteriet
96;material;Vitsippa;;-;;-;-;-;;;;;;;;;
103;material;Lila tulpan;;-;;-;-;-;;;;;;;;;
102;material;Grön tulpan;;-;;-;-;-;;;;;;;;;
90;material;Vatten från istapp;;-;;-;-;-;;;;;;;;;En smält istapp
87;material;Röd okänd vätska;;-;50;-;-;-;;;;;;;;;
86;material;Grön okänd vätska;;-;50;-;-;-;;;;;;;;;
81;material;Excellent Opal;;-;250;-;-;-;;;;;;;Apellonisk Bjorc, Bergatroll, Cervusbagge, Drakdrottning, Drakprins, Skogsrå, Tengu;;
80;material;Excellent Smaragd;;-;250;-;-;-;;;;;;;Apellonisk Bjorc, Bergatroll, Bergsrå, Cervusbagge, Drakdrottning, Drakprins, Tengu;;
79;material;Excellent Topas;;-;250;-;-;-;;;;;;;Apellonisk Bjorc, Bergatroll, Cervusbagge, Drakdrottning, Drakprins, Skogsrå, Tengu;;
78;material;Excellent Safir;;-;250;-;-;-;;;;;;;Apellonisk Bjorc, Bergatroll, Cervusbagge, Drakdrottning, Drakprins, Havsrå, Tengu;;
75;material;Opal;;-;150;-;-;-;;;;;;;Ajakava;;
74;material;Smaragd;;-;150;-;-;-;;;;;;;Pärlvaran;;
73;material;Topas;;-;150;-;-;-;;;;;;;Ajakava;;
61;material;Alvsilver;;-;100;-;-;-;Rustningssmide 4;3 x Stål;;0;100;Durin Hammarhjälm;Enorm sten, Enorm tvåhörning, Fullvuxen Silverbjörn, Förvuxen Tvåhörning, Havsrå, Kättare, Rasande svartalv, Uråldrig skogssköldpadda;Metall och mineral;Alvsilver har inget gemensamt med vanligt silver mer än färgen. Metallen är lätt, hård och oerhört lättarbetad. Namnet alvsilver är sprungen från den tid endast alver brukade materialet och det tillhörde ovanligheten bland andra raser. Numera har även andra lyckats bryta metallen, om än dock det fortfarande är relativt sällsynt med alvsilver är det ett omåttligt populärt material.
56;material;Granträ;;-;8;-;-;-;;;;;;Durin Hammarhjälm;Bandvaran, Ent, Förvuxen Ent, Goblin, Gruvtroll, Harpya, Mancinellaent, Mästerlig Goblin, Omegavarg, Rasande Goblin, Skogstroll, Trehövdad hydra, Ung Svartbjörn, Ung onkh, Uråldrig ek, Ökentroll;Trä;Granträ är vanligt, billigt och lätt att hantera.
43;material;Drakklo;;-;125;-;-;-;;;;;;;Blå drake, Drakdrottning, Drakprins, Förvuxen Blå Drake, Förvuxen Grön Drake, Grön drake, Gul drake, Järndrake, Onyxdrake, Röd drake, Svart drake;Drakdel;En klo från en drake.
124;material;Vulkanaska;;-;160;-;-;-;;;;;;Nimbao Vulkiri;;;
106;material;Trasiga Svarta Bergsstövlar;;-;350;-;-;-;;;;;;;Bergsrå;;
104;material;Trasig Skogshuva;;-;250;-;-;-;;;;;;;Skogsrå;;
67;material;Flytande guld;;-;100;-;-;-;Rustningssmide 4;3 x Elementsav;;0;100;Durin Hammarhjälm;Ajakava, Alfavarg, Bergsrå, Drakpräst, Infernalisk spindel, Rasande grådvärg, Tengu;Vätska;En ovanlig vätska, som både används för att färga föremål eller användas i brygder för sina påstådda magiska egenskaper.
105;material;Trasiga Havssnäcksaxlar;;-;350;-;-;-;;;;;;;Havsrå;;
112;material;Nattskärva;;-;50;-;-;-;;;;;;;Nattvandrare;;
115;material;Svartstoft;;-;50;-;-;-;;;;;;;Yurei;;
70;material;Minnesskärva;;-;1000;-;-;-;Alkemi 2;10 x Minnesfragment;;0;500;;;Unik;Ett mystisk material som tillåter dig att skåda det förflutna genom. Hur den fungerar och varför har ännu inte Stenhems främsta kunnat besvara. Vad som är av större vikt är dock att de främsta smederna, alkemisterna och övriga yrkesmän redan insett att skärvan kan frammana oanade krafter från förr genom att användas i tillverkningsprocessen av allehanda föremål och utrustning.
72;material;Safir;;-;150;-;-;-;;;;;;;Pärlvaran;;
69;material;Minnesfragment;;-;75;-;-;-;;;;;;;Banshee, Bergsgrip, Draug, Dödsmal, Nattvandrare, Rasande grådvärg, Ung fornjätte, Yurei;Unik;Kan vid första anblick likna en bit splittrat spegelglas, men vid närmare granskning är det inte din egen spegelbild du möter. Istället skymtas en gången tid om än diffus och svår att tyda.Ryktet säger att flertalet av dessa fragment kan  bilda en klarare bild av tidigare historier och nyttjas för att frammana krafter från förr.
58;material;Svart valnöt;;-;100;-;-;-;Rustningssmide 4;3 x Ekträ;;0;100;Durin Hammarhjälm;Dominant vuxet sto, Ent, Fullvuxen Silverbjörn, Förvuxen Ent, Mancinellaent, Massiv skalbagge, Skogsrå, Stengolem, Totemtroll, Uråldrig ek, Vildvittra;Trä;Svart valnöt tillhör ett av de ovanligare träden runt Stenhem. Träslaget är däremot oslagbart i hållbarhet och eftertraktat av både de som bygger hus eller tillverkar vapen.
140;material;Rasfragment;;-;;-;-;-;;;;;;;;;Ett till synes enkelt fragment. En spricka ur någonting större.Oklart vad helheten ska föreställa.
49;material;En morbrors arv;;-;3;-;-;-;;;;;;;;Unik;Det är helt omöjligt att tyda handstilen, uppenbarligen är brevet skrivet i ett tillstånd av mycket stor förvirring. Pergamentet går i alla fall säkert att sälja för något silvermynt.
40;material;Eryfias tårar;;-;500;-;-;-;;;;;;;;Unik;"Insamlade på högst omoraliskt vis i en liten oansenlig flaska med något slags kork, och sedan sålda utan skrupler på marknaden där dessa tårar kan ge oanade alviska förmågor om de förtärs eller om man doppar sytråden i tårarna när man syr ett plagg som bärs nära kroppen.Tårarnas styrka och kraft avgörs av hur sorgsen alven var när de togs; förlusten av ett barn sägs ge de mest potenta tårarna och ryktet gör gällande att orkbandet Zi kafak, Svarta dödskallen, har gjort mycket goda förtjänster på att leta rätt på nyblivna alvmödrar..."
35;material;Goblinsk svartsopp;;-;250;-;-;-;;;;;;;Goblinsk jägare;Unik;Doftlös för alla utom ett fåtal, men för den som har utvecklat eller fötts med förmågan att känna doften av svartsoppen finns det ingen starkare lukt. Genom skog och mark, över bäckar och floder, färdas lukten många fjärdingsväg för att till slut nå näsan hos en lyckligt lottad själ som kan bege sig ut för att finna den.Svampens yttre är vardagligt, med svartbrun hatt och benvit undersida och fot, men den är delikat särskilt i soppor och kan användas för att brygga tinkturer och mixturer som i bästa fall kan ge en liten skjuts i rätt riktning för den kämpaglade.
145;material;Glorifierat läder;;-;;-;-;-;;;;;;;;;Ett enkelt men glorifierat läder.
120;material;Östländskt drakstoft;;-;;-;-;-;;;;;;Kajsa Fjärdingsväg;;;
121;material;Botefragment;;-;200;-;-;-;;;;;;;;;Vägen till försoning är både lång och farlig och kan endast uppnås genom att samla på sig ett antal botefragment.
113;material;Svarta tårar;;-;50;-;-;-;;;;;;;Banshee;;
125;material;Gyllene drakägg;;-;200;-;-;-;;;;;;;Gyllene Drake, Gyllene Drakorm, Gyllene Lindorm;;Ett gyllene drakägg som sägs ha magiska krafter.
95;material;Excellent vulkansten;;-;300;-;-;-;;;;;;;;;En vacker och mycket hård sten av härdad magma.
127;material;Stort gyllene drakägg;;-;200;-;-;-;;;;;;;Gyllene Drake;;I jämförelse med de gyllene drakkägg som setts i stenhem är detta betydligt större. De gyllene drakäggen säga ha magiska krafter.
101;material;Gul tulpan;;-;;-;-;-;;;;;;;;;
100;material;Blå tulpan;;-;;-;-;-;;;;;;;;;
99;material;Röd tulpan;;-;;-;-;-;;;;;;;;;
128;material;Palladium;;-;;-;-;-;;;;;;;;;
141;material;Kaptenstyg;;-;;-;-;-;;;;;;;;;Kaptenstyg är ett tungt, slitstarkt tyg broderat med silver och guldtråd, buret av vissa befäl inom stadsvaktens övre skifte. Det står emot både väder och slitage, och enligt andra rykten kan man med tillräckligt mycket av det, smida en Kaptensbindel eller en Besättningsbindel.
146;material;Inklinors signatur;;-;;-;-;-;;;;;;;;;I de tidiga dagarna av Stenhem vandrade en man vid namn Inklinor genom staden. Han var inte en krigare i kroppen, men hans själ bar samma tyngd som en gladiators svärd. Inklinor hade en gåva - hans namn, ristad med egen hand, hade kraften att öppna portar, skapa förtroende och inge respekt bland både mästare och de kämpande i sanden.Det kallades för hans signatur. Inte bara ett namn skrivet på pergament, utan ett märke, ett sigill som bar hela hans auktoritet.
143;material;Kaptensbindel;;-;;-;-;-;;;;;;;;;Ett armband smitt från det finaste kaptenstyget i Stenhem. En symbol för ledarskap och strategi.
123;material;Kraftfullt runfragment;;-;200;-;-;-;;;;;;;;;Kraftfullt runfragment har inga problem med att hämta kraft från Vulkanön dock är de näst intill omöjliga att kontrollera. Frisläppta runfragment kan orsaka stor skada på omgivningen. Ingen vet ännu vad denna kraft kan fördärva.
98;material;Vit tulpan;;-;;-;-;-;;;;;;;;;
122;material;Försvagat runfragment;;-;100;-;-;-;;;;;;;;;Försvagade runfragment kommer bara åt en bråkdel av dess potential. Det är den långa distansen från Vulkanön som gör de latenta. Med rätt förutsättningar finns det en möjlighet att kanalisera kraften.
111;material;Dödens vingar;;-;50;-;-;-;;;;;;;Dödsmal;;
149;material;Drakprinsens fjäll;;-;800;-;-;-;;;;;;;Drakprins;Drakdel;Ett fjäll från en drakprins.
150;material;Trasig Ceremoniell tunika;;-;350;-;-;-;;;;;;;Tengu;;
153;material;Svartskinn;;-;;-;-;-;;;;;;;;;Svartskinn är ett ovanligt och kusligt garvat läder, framställt genom förbjudna ritualer som få vågar tala om. Materialet bär på en mörk kraft och används uteslutande vid skapandet av förbjudna föremål, vars existens ofta är lika fruktad som eftertraktad.
159;material;Vattenessens;;-;;-;-;-;;;;;;;;;En följsam kraft som bär på vattnets smidighet och rörelse.
164;material;Jordfragment;;-;;-;-;-;;;;;;;;;Ett hårt fragment som fortfarande bär på en del av jordens kraft.
162;material;Luftfragment;;-;;-;-;-;;;;;;;;;Ett lätt fragment som bär på en svag del av luftens kraft.
160;material;Vattenfragment;;-;;-;-;-;;;;;;;;;Ett svalt fragment som bär på en svag del av vattnets kraft.
158;material;Eldfragment;;-;;-;-;-;;;;;;;;;Ett varmt fragment som fortfarande bär på en del av eldens kraft.
24;weapon;Värja;Sword;1-19;30;Skada 3-8 · Krit 9 + (1% till 5%) · Kritchans 0-5% · Hållbarhet 39 · Block/runda 2 · Dual · Vikt 3 · Ench 1;35 Styrka, 75 Svärd (rek);+1% Perfekt träff, +4 Initiativstyrka;Vapensmide 1;1 x Granträ, 2 x Järn;;0;330;;;;Värjan är ett udda svärd, eftersom det egentligen mer liknar ett stickvapen än ett huggvapen. Dess klinga liknar en lång, tunn stav vars spets är slipad och vass som en nål för att kunna penetrera både hud, läder och rustningar.
224;weapon;Enkelt svartspjut;Spear;1-19;42;Skada 4-10 · Krit 11 + (1% till 5%) · Kritchans 0-4% · Hållbarhet 24 · Block/runda 2 · Dual · Vikt 6 · Ench 1;Kräver att du är av rasen ork, Kräver att du är av rasen troll, Kräver att du är av rasen goblin, 35 Styrka, 50 Stickvapen (rek);+6 Uthållighet;;;;;;;;;Där alvsmederna lägger stor vikt vid form satsar svartbloden istället på funktion. Detta spjut är ett ypperligt exempel på det, då det inte är vackert att titta på men mycket robust konstruerat.
764;weapon;Eremitstav;Stave;1-19;50;Skada 6-7 · Krit 8 + (10% till 10%) · Kritchans 0-7% · Hållbarhet 38 · Block/runda 2 · 2H · Vikt 4 · Ench 2;35 Styrka, 40 Stavar (rek);-;Vapensmide 1;2 x Granträ;;0;350;;;;En vandringsstav gjord av någon form av ekträ, förstärkt med järnbitar på väl utvalda ställen.
15;weapon;Sjusvansad piska;Chain;1-19;15;Skada 5-8 · Krit 9 + (45% till 90%) · Kritchans 0-11% · Hållbarhet 23 · Block/runda 2 · Dual · Vikt 3 · Ench 1;35 Styrka, 80 Kättingvapen (rek);+4% Perfekt träff;;;;;;;;;Denna piska har, som namnet antyder, sju svansar. Det gör att den slår hårdare än en vanlig piska men också är lite svårare att använda. Då och då ser man en novis med en sjusvansad piska trassla in sig själv helt i sitt vapen, vilket ofta uppskattas av publiken som kan skratta åt spektaklet.
191;weapon;Högalviskt kortsvärd;Sword;1-19;85;Skada 5-6 · Krit 7 + (1% till 5%) · Kritchans 0-4% · Hållbarhet 45 · Block/runda 2 · Dual · Vikt 3 · Ench 1;Kräver att du är av rasen alv, 25 Styrka, 55 Svärd (rek);+2% Perfekt träff, +5 svärd, +5 Undvika anfall;;;;;;;;;Högalvernas variant på det populära kortsvärdet. Deras skicklighet i smideskonsten gör det här svärdet ovanligt skarpt.
1151;weapon;Glödstav;Stave;1+;750;Skada 1 · Krit 2 + (1% till 5%) · Hållbarhet 1 · Block/runda 2 · Ench 1;70 Stavar (rek);-;;;;;;;;;Staven representerar Strykavs väg. Glöden i kärnan symboliserar den inre eld som ibland falnar men aldrig helt slocknar.
499;weapon;Flagellant piska;Chain;1-19;67;Skada 3-11 · Krit 12 + (40% till 65%) · Kritchans 0-9% · Hållbarhet 22 · Block/runda 2 · Dual · Vikt 2 · Ench 1;Kräver att du har bedriften Sjukling, 50 Styrka, 75 Kättingvapen (rek);+3% Perfekt träff, +10 kättingvapen, -10 Bashälsa, -5 Uthållighet, +10 Initiativstyrka;;;;;;;;;Piska som i första hand används i olika religiösa sammanhang för självflagellation i andra delar av världen.Både vapnet och självflagellationen har hittat till den blodiga sanden och ses som moralhöjande främst bland svartblod. För att bruka vapnet krävs dock en martyr i alla dess bemärkelser.
34;weapon;Klyvyxa;Axe;1-19;40;Skada 3-11 · Krit 12 + (20% till 30%) · Kritchans 0-8% · Hållbarhet 30 · Block/runda 2 · Dual · Vikt 7 · Ench 1;45 Styrka, 70 Yxor (rek);+5 Styrka;;;;;;;;;Trästockar, läderjackor eller onkhhuvuden.Lägg det framför Klyvyxan och det kommer delas i två.
438;weapon;Skärppiska;Chain;1-19;34;Skada 6-9 · Krit 10 + (35% till 70%) · Kritchans 0-7% · Hållbarhet 19 · Block/runda 2 · Dual · Vikt 4 · Ench 1;40 Styrka, 70 Kättingvapen (rek);+2% Perfekt träff, +5 Uthållighet;Vapensmide 1;1 x Järn, 1 x Päls;;0;310;;;;En enkel piska gjord av ett gammalt skärp fäst i ett handtag. Enkelt, men effektivt.
906;weapon;Enkel slaga;Chain;1-19;7;Skada 2-6 · Krit 7 + (20% till 50%) · Kritchans 0-4% · Hållbarhet 17 · Block/runda 2 · Vikt 5 · Ench 1;70 Styrka, 35 Kättingvapen (rek);+2% Perfekt träff;;;;;;;;;Vanligen används detta redskap för att slå högt gräs vid skörd. Men den fungerar också som ett enklare vapen för den nyblivna gladiatorn.
124;weapon;Tvåhandsslaga;Chain;1-19;50;Skada 4-21 · Krit 22 + (5% till 15%) · Kritchans 0-7% · Hållbarhet 40 · Block/runda 2 · 2H · Vikt 21 · Ench 2;85 Styrka, 60 Kättingvapen (rek);+5 Initiativstyrka;Vapensmide 1;1 x Granträ, 2 x Järn;;0;450;;;;En stor, tung och rostig järnkula, sammanlänkad med en likväl tung och rostig kedja som fästs vid en trästav. Vapnet har sett bättre dagar och är illa omhändertaget. Kan dock fortfarande utan problem åsamka stor skada.
33;weapon;Bredyxa;Axe;1-19;30;Skada 4-7 · Krit 8 + (20% till 30%) · Kritchans 0-5% · Hållbarhet 39 · Block/runda 2 · Dual · Vikt 8 · Ench 1;25 Styrka, 65 Yxor (rek);+1% Perfekt träff, +5 yxor;Vapensmide 1;1 x Granträ, 1 x Järn;;0;275;;;;"Yxan är jämte klubban och spjutet, ett av människans allra äldsta vapen. Så småningom började man utveckla särskilda yxor för att enbart nyttja som vapen, även om ""vanliga"" yxor också ibland fick tjäna samma syfte. En yxa som särskilt framställdes för vapenbruk är den så kallade bredyxan.Bredyxan är ett dagligt inslag när du besöker Arenan."
144;weapon;Vandringsstav;Stave;1-19;30;Skada 2-8 · Krit 9 + (10% till 10%) · Kritchans 0-7% · Hållbarhet 28 · Block/runda 2 · 2H · Vikt 7 · Ench 2;55 Styrka, 35 Stavar (rek);-;;;;;;;;;En simpel vandringsstav gjord av någon form av ekträ. Fungerar utmärkt att använda med enbart en hand när man är ute på promenad.
1;weapon;Handyxa;Axe;1-19;13;Skada 2-5 · Krit 6 + (0% till 0%) · Kritchans 0-6% · Hållbarhet 21 · Block/runda 2 · Dual · Vikt 3 · Ench 1;20 Styrka, 50 Yxor (rek);+3% Perfekt träff, +3 yxor, +3 Undvika anfall;;;;;;;;;En simpel yxa, massproducerad i stadens smedjor. Skaftet är oftast ek men det finns även att hitta i al och björk.
14;weapon;Stridsslaga;Chain;1-19;24;Skada 5-9 · Krit 10 + (20% till 50%) · Kritchans 0-4% · Hållbarhet 26 · Block/runda 2 · Vikt 9 · Ench 1;75 Styrka, 60 Kättingvapen (rek);+2% Perfekt träff, +5 kättingvapen;Vapensmide 1;2 x Granträ, 2 x Järn;;0;375;;;;Huvudet på detta vapen är av trä med två taggförsedda järnringar som omsluter den yttre, ledade delen. Slagan kan svingas med stor kraft och orsaka förödande skador, även på bepansrade mål. Stridsslagans design är hämtad från jordbruksverktyget med samma namn, som används till att tröska med. Den visade sig dock snabbt fungera lika bra på slagfältet.
7;weapon;Spikklubba;Mace;1-19;24;Skada 4-6 · Krit 7 + (10% till 10%) · Kritchans 0-1% · Hållbarhet 27 · Block/runda 2 · Dual · Vikt 8 · Ench 1;40 Styrka, 25 Hammare (rek);-;;;;;;;;;Detta vapen är mycket likt klubban, skillnaden är dock att dess topp är försedd med ett varierande antal spikar i olika storlekar. Dess spikförsedda huvud gör den till ett aningen mer dödligt vapen än klubban. Ett utmärkt vapen för den fattige novisen.
31;weapon;Enkel piska;Chain;1-19;12;Skada 2-5 · Krit 6 + (40% till 80%) · Kritchans 0-8% · Hållbarhet 14 · Block/runda 2 · Dual · Vikt 1 · Ench 1;15 Styrka, 55 Kättingvapen (rek);+4% Perfekt träff, +5 kättingvapen;;;;;;;;;Ofta ser man denna typen av piska vid utdelade straff på torgen i staden.
101;shield;Gammal björnsköld;Shield;1-19;40;Absorption 12 · Kritchans 0-2% · Hållbarhet 16 · Block/runda 2 · Vikt 9 · Ench 1;90 Styrka, 25 Sköldar (rek);+3 Styrka;;;;;;;;;
437;weapon;Obalanserat träspjut;Spear;1-19;3;Skada 1-4 · Krit 5 + (1% till 5%) · Kritchans 0-3% · Hållbarhet 14 · Block/runda 2 · Dual · Vikt 5 · Ench 1;25 Styrka, 40 Stickvapen (rek);+2 stickvapen;;;;;;;;;Ett enkelt träspjut med täljd spets. Väldigt lätt, men något ostadigt.
283;weapon;Svartskogsyxa;Axe;1-19;80;Skada 4-11 · Krit 12 + (20% till 30%) · Kritchans 0-5% · Hållbarhet 31 · Block/runda 2 · Dual · Vikt 8 · Ench 1;Kräver att du är av rasen ork, Kräver att du är av rasen troll, Kräver att du är av rasen goblin, 65 Styrka, 60 Yxor (rek);+1% Perfekt träff, +5 Styrka;;;;;;;;;Från början en vanlig stridsyxa upplockad från liket på ett ynkligt rödblod som vågat sig in i svartskogen.  I händerna på ett svartblod har yxan smidits om över svartrökiga eldar djupt inne i skogen.
583;weapon;Slaktyxa;Axe;1-19;21;Skada 7-14 · Krit 15 + (5% till 5%) · Kritchans 0-7% · Hållbarhet 55 · Block/runda 2 · 2H · Vikt 14 · Ench 2;60 Styrka, 50 Yxor (rek);+5 yxor;;;;;;;;;En välanvänd slaktyxa av det större slaget, kräver ett tvåhandsgrepp och är dessvärre i ett sämre skick.
69;weapon;Lans;Spear;1-19;40;Skada 12-14 · Krit 15 + (1% till 5%) · Kritchans 0-7% · Hållbarhet 55 · Block/runda 2 · 2H · Vikt 6 · Ench 2;45 Styrka, 65 Stickvapen (rek);+10 Initiativstyrka;Vapensmide 1;2 x Granträ, 1 x Järn;;0;475;;;;Lansen är ett otympligt vapen som icke desto mindre kan vara väldigt effektivt om man lär sig använda den på rätt sätt. Det är relativt sällsynt att se gladiatorer i arenan nyttja dessa då de flesta vänder sig till vapen som är lättare att använda.
530;weapon;Generalens tvåhandshammare;Mace;1-19;;Skada 15-60 · Krit 61 + (1% till 5%) · Kritchans 0-7% · Hållbarhet 300 · Block/runda 2 · 2H · Vikt 19 · Ench 2;100 Styrka, 100 Hammare (rek);+10 hammare, +10 Initiativstyrka, +10 Ledarskap;;;;;;;;;Dug Durbuls massiva hammare endast tidigare använd för att slåss mot Kejsarens och hans anhängare, nu i bruk för Kejsaren och hans anhängare underhållning.
123;weapon;Tvåhövdat stridsgissel;Chain;1-19;40;Skada 4-12 · Krit 13 + (20% till 45%) · Kritchans 0-5% · Hållbarhet 28 · Block/runda 2 · Vikt 9 · Ench 1;100 Styrka, 50 Kättingvapen (rek);-5 Uthållighet;;;;;;;;;Det är vanligt att gladiatornoviser i början på sina karriärer inte har mycket stridsvana, utan mest förlitar sig på sin egen fysik. Några av de starkaste väljer då detta vapen som sin utgångspunkt i arenans sand. Det är en solid strategi, för om man ändå inte kan vara säker på att träffa motståndaren varje gång kan man lika gärna se till att när man träffar, då märks det.
841;weapon;Förbannat gissel;Chain;1-19;500;Skada 0-1 · Krit 2 + (1% till 5%) · Kritchans 0-7% · Hållbarhet 1 · Block/runda 2 · 2H · Vikt 50 · Ench 2;-;-;;;;;;;;;En kedja med rostiga länkar.
1016;shield;Barksköld;Shield;1-19;40;Absorption 10 · Kritchans 0-2% · Hållbarhet 21 · Block/runda 2 · Vikt 1 · Ench 1;30 Styrka, 45 Sköldar (rek);+2 sköldar, +2 Undvika anfall;;;;;;;;;
1018;shield;Sandsköld;Shield;1-19;35;Absorption 11 · Kritchans 0-3% · Hållbarhet 25 · Block/runda 1 · Vikt 4 · Ench 1;60 Styrka, 30 Sköldar (rek);+3 sköldar;Vapensmide 1;1 x Granträ, 1 x Järn;;0;300;;;;
17;weapon;Bergshammare;Mace;1-19;50;Skada 7-9 · Krit 10 + (10% till 10%) · Kritchans 0-1% · Hållbarhet 42 · Block/runda 2 · Dual · Vikt 11 · Ench 1;55 Styrka, 50 Hammare (rek);+4 Uthållighet;Vapensmide 1;2 x Granträ, 1 x Järn;;0;275;;;;En enkel men effektiv hammare som används flitigt i Gruvorna, både som vapen och verktyg. Få tillhyggen är lika tillförlitliga som en kompetent tillverkad hammare.
70;weapon;Jaktspjut;Spear;1-19;50;Skada 3-9 · Krit 10 + (1% till 5%) · Kritchans 0-7% · Hållbarhet 25 · Block/runda 2 · Dual · Vikt 4 · Ench 1;30 Styrka, 65 Stickvapen (rek);+3% Perfekt träff, +8 Initiativstyrka;Vapensmide 1;2 x Granträ, 1 x Järn;;0;350;;;;Sedan spjutet uppfanns har det använts till jakt, och det är förstås också ett solitt vapenval för en gladiator som valt att använda stickvapen. En mycket vanlig syn i händerna på en novisgladiator.
516;weapon;Entklubba;Mace;1+;;Skada 1-65 · Krit 66 + (1% till 5%) · Kritchans 0-7% · Hållbarhet 60 · Block/runda 2 · 2H · Vikt 50 · Ench 2;Kräver att du har bedriften En respektabel träff, 300 Styrka, 185 Hammare (rek);-;Vapensmide 5;2 x Entträ, 4 x Järn;;0;3500;;;;Få varelser är så vackra och sällsynta som de uråldriga enter som kan hittas i de djupaste och äldsta skogar.En klubba som är tillverkade av inte en, utan två av dessa varelser är något av det mest enorma som skådats i mannaminne, och också bland de mest sorgsna när den ständigt påminner om de liv som berövats för att tillåta denna skapelse.
23;weapon;Jaktyxa;Axe;1-19;18;Skada 2-6 · Krit 7 + (20% till 30%) · Kritchans 0-6% · Hållbarhet 25 · Block/runda 2 · Dual · Vikt 5 · Ench 1;30 Styrka, 40 Yxor (rek);+2% Perfekt träff;;;;;;;;;Jaktyxan går under många namn. Klyvaren av harar, rävslaktaren, ung tigerbane, bara för att nämna några få…
20;weapon;Kroksabel;Sword;1-19;20;Skada 3-5 · Krit 6 + (1% till 5%) · Kritchans 0-3% · Hållbarhet 40 · Block/runda 2 · Dual · Vikt 4 · Ench 1;30 Styrka, 55 Svärd (rek);+1% Perfekt träff;;;;;;;;;Vapnet anses vara av orientaliskt ursprung och har använts av både fotfolk och ryttare. Kroksabeln är ett huggvapen, från början med krökt, oftast eneggad klinga och asymmetriskt fäste.Flera sabelmodeller är utvecklade med en skålformig parerplåt som sitter stadigt vid fästet.Ett perfekt vapen för gladiatorer som vill ta nästa steg på arenan.
256;weapon;Alviskt träningssvärd;Sword;1-19;45;Skada 10-12 · Krit 13 + (1% till 5%) · Kritchans 0-7% · Hållbarhet 55 · Block/runda 2 · 2H · Vikt 8 · Ench 2;Kräver att du är av rasen alv, 40 Styrka, 50 Svärd (rek);+10 svärd, +10 Undvika anfall;;;;;;;;;Ett första träningssvärd i trä många alver börjar med. Lätt och smidigt men fortfarande farligt i rätt händer.
159;weapon;Förbannat svärd;Sword;1-19;500;Skada 0-1 · Krit 2 + (1% till 5%) · Kritchans 0-7% · Hållbarhet 1 · Block/runda 2 · 2H · Vikt 50 · Ench 2;-;-;;;;;;;;;Vid en snabb anblick ser svärdet ståtligt ut. Med en längd på 120 cm och guldbestyckat fäste.Men så fort du håller i det försvinner guldet och svärdet liknar mer en gammal rostig eldgaffel.
146;weapon;Stridsstav;Stave;1-19;24;Skada 6-9 · Krit 10 + (10% till 10%) · Kritchans 0-7% · Hållbarhet 41 · Block/runda 2 · 2H · Vikt 6 · Ench 2;45 Styrka, 55 Stavar (rek);+5 Initiativstyrka;Vapensmide 1;2 x Granträ, 1 x Järn;;0;425;;;;En stridsstav i något längre format än kort striddstav. Denna stav är gjord utav ek med järnförstärkta ändar för bättre balans och för att kunna slå hårdare med.
149;weapon;Storslägga;Mace;1-19;140;Skada 1-30 · Krit 31 + (1% till 5%) · Kritchans 0-7% · Hållbarhet 30 · Block/runda 2 · 2H · Vikt 39 · Ench 2;200 Styrka, 40 Hammare (rek);-10 Initiativstyrka;;;;;;;;;Fruktansvärt tung och byggd enkom för att utnyttja bärarens egen muskelstyrka är denna hammare ett ovanligt vapen, då det är få som äger den enorma kraft som krävs för att använda den effektivt. De som är tillräckligt starka har dock ett formidabelt vapen i sina händer, men tyngden gör att det är riskabelt. Slagen blir så tunga och långsamma att det är svårt att få upp garden innan motståndaren straffat en för försöket.
35;weapon;Skäggyxa;Axe;1-19;50;Skada 10-19 · Krit 20 + (7% till 7%) · Kritchans 0-7% · Hållbarhet 50 · Block/runda 2 · 2H · Vikt 15 · Ench 2;80 Styrka, 70 Yxor (rek);+5 Initiativstyrka;Vapensmide 1;2 x Granträ, 1 x Järn;;0;475;;;;"En skäggig yxa, eller Skeggøx, användes som verktyg och vapen, redan långt innan rikets tideräkning började.Kroken eller ""skägget"", dvs den nedre delen av yxbitens egg som sträcker sig under yxans huvudbredd, ger en bred skäryta samtidigt som yxans totala vikt hålls låg."
32;weapon;Övningsstav;Stave;1-19;5;Skada 3-4 · Krit 5 + (10% till 10%) · Kritchans 0-7% · Hållbarhet 17 · Block/runda 2 · 2H · Vikt 3 · Ench 2;20 Styrka, 25 Stavar (rek);-5 Initiativstyrka;;;;;;;;;Ett ypperligt första vapen för ett barn som vill lära sig hantera en stav. Även för den okunniga gladiatorn kan vapnet lämpa sig väl, om än ens kamrater kanske ser ner på valet.
570;weapon;Rött baner;Stave;1-19;20;Hållbarhet 15 · Block/runda 2 · Vikt 5 · Ench 1;50 Styrka;+10 sköldar, +10 Bashälsa, +10 Provokation;;;;;;;;;Ett stort rött baner som fladdrar i vinden. Den djupa röda färgen och rörelsen är perfekt för att lura både tjurar och troll att attackera bäraren. Varför någon frivilligt skulle vara måltavla för ett rusande troll är en helt annan fråga.
840;weapon;Förbannad stav;Stave;1-19;500;Skada 0-1 · Krit 2 + (10% till 10%) · Kritchans 0-7% · Hållbarhet 1 · Block/runda 2 · 2H · Vikt 50 · Ench 2;-;-;;;;;;;;;En sliten vandringsstav.
18;weapon;Trollhammare;Mace;1-19;55;Skada 8-11 · Krit 12 + (10% till 10%) · Kritchans 0-1% · Hållbarhet 38 · Block/runda 2 · Dual · Vikt 16 · Ench 1;Kräver att du är av rasen troll, 70 Styrka, 40 Hammare (rek);-5 Uthållighet;;;;;;;;;Denna hammare är ett av trollsmedernas storverk, vilket betyder att den har ungefär samma kvalitet som det första stapplande steget ett dvärgiskt barn tar i sin fars smedja när de ska känna på yrket.
22;weapon;Dubbelyxa;Axe;1-19;36;Skada 4-10 · Krit 11 + (0% till 0%) · Kritchans 0-7% · Hållbarhet 33 · Block/runda 2 · Dual · Vikt 6 · Ench 1;40 Styrka, 80 Yxor (rek);+3% Perfekt träff, +5 yxor, +5 Undvika anfall;;;;;;;;;En yxa med egg som sticker ut från båda sidorna av skaftet. Cirka 20 tum lång och 12 tum cm bred. Ett ypperligt bra val av vapen då man möter en agil motståndare.Varför nöja sig med en, när man (om ens styrka tillåter) kan bära två?
436;weapon;Ostadig stenyxa;Axe;1-19;90;Skada 3-8 · Krit 9 + (10% till 20%) · Kritchans 0-5% · Hållbarhet 27 · Block/runda 2 · Dual · Vikt 6 · Ench 1;25 Styrka, 35 Yxor (rek);+1% Perfekt träff;Vapensmide 1;1 x Granträ, 1 x Järn;;0;125;;;;En enkel stenyxa med en bit flinta som fästs något slarvigt på en pinne.
585;weapon;Enkel tvåhandsslaga;Chain;1-19;32;Skada 2-16 · Krit 17 + (5% till 10%) · Kritchans 0-7% · Hållbarhet 35 · Block/runda 2 · 2H · Vikt 16 · Ench 2;70 Styrka, 40 Kättingvapen (rek);-;;;;;;;;;Även en bondes verktyg duger som vapen på den blodiga sanden.
278;weapon;Goblinklubba;Mace;1-19;15;Skada 12-17 · Krit 18 + (1% till 5%) · Kritchans 0-7% · Hållbarhet 45 · Block/runda 2 · 2H · Vikt 13 · Ench 2;Kräver att du är av rasen goblin, 80 Styrka, 50 Hammare (rek);+5 Initiativstyrka;;;;;;;;;En liten och relativt enkel klubba. Perfekt för en goblin att greppa i två händer men alldeles för liten och tunn för ett troll att nyttja. Kan, trots sin storlek, göra hyggligt med skada i rätt händer.
88;weapon;Parerdolk;Spear;1-19;36;Skada 1-2 · Krit 3 + (1% till 5%) · Kritchans 0-2% · Hållbarhet 47 · Block/runda 2 · Dual · Vikt 2 · Ench 1;20 Styrka, 65 Stickvapen (rek);+10 Undvika anfall;;;;;;;;;Tack vare hacken i klingans ovansida och det extra stora hjaltet lämpar sig denna dolk extra väl för att parera motståndarens attacker med. Det går förstås att sticka motståndaren med den också, men syftet är att använda den mer defensivt än offensivt.
12;weapon;Morgonstjärna;Mace;1-19;36;Skada 6-9 · Krit 10 + (15% till 15%) · Kritchans 0-1% · Hållbarhet 40 · Block/runda 2 · Dual · Vikt 10 · Ench 1;50 Styrka, 45 Hammare (rek);-;Vapensmide 1;2 x Granträ, 1 x Järn;;0;225;;;;Morgonstjärnan är ett mycket effektivt krossvapen. Det är strax längre än två människofot med ett tungt, runt järnhuvud vilket med lätthet krossar det den möter. Det är inte helt ovanligt att man fäster taggar runtomkring det runda huvudet för ännu mer effekt i slagen.
13;weapon;Stridshammare;Mace;1-19;60;Skada 9-21 · Krit 22 + (1% till 5%) · Kritchans 0-7% · Hållbarhet 40 · Block/runda 2 · 2H · Vikt 20 · Ench 2;100 Styrka, 45 Hammare (rek);+5 Initiativstyrka;Vapensmide 1;1 x Granträ, 2 x Järn;;0;500;;;;Stridshammaren är ett tungt krossvapen. Den består av ett ca två människofot långt skaft med ett järnhuvud, vars platta ändar både kan användas till att bryta hål i rustningar eller knäcka revbenen bakom rustningen.
435;weapon;Tillyxat träsvärd;Sword;1-19;8;Skada 2-3 · Krit 4 + (1% till 5%) · Kritchans 0-2% · Hållbarhet 31 · Block/runda 2 · Dual · Vikt 2 · Ench 1;20 Styrka, 35 Svärd (rek);-;;;;;;;;;Ett träsvärd gjort av två grovt tillyxade plankor som spikats ihop. Perfekt som första vapen när du ska ge dig ut på sanden.
51;weapon;Oljeklinga;Sword;1-19;80;Skada 5-8 · Krit 9 + (1% till 5%) · Kritchans 0-4% · Hållbarhet 49 · Block/runda 2 · Dual · Vikt 6 · Ench 1;50 Styrka, 70 Svärd (rek);+5 Bashälsa;;;;;;;;;Ett underligt vapen med ett märkligt namn. Enligt Durin har det fått sitt namn på grund av att han, när vapnet härdas, ständigt smörjer klingan med en särskild olja som gör den synnerligen hållbar och inte behöver slipas lika ofta.
3;weapon;Trubbig klubba;Mace;1-19;12;Skada 3-4 · Krit 5 + (10% till 10%) · Kritchans 0-1% · Hållbarhet 18 · Block/runda 2 · Dual · Vikt 7 · Ench 1;30 Styrka, 15 Hammare (rek);-;;;;;;;;;En simpel träklubba, ungefär 2 människofot lång. Dess handtag är oftast inlindat i läder för ett stadigare grepp. Det är ett primitivt vapen som ofta används av slummens bråkstakar. Klubban används oftast inte för att döda folk, utan snarare för att slå dem medvetslösa eller ge dem ömmande blåmärken.
16;weapon;Tvåhandsklubba;Mace;1-19;44;Skada 5-16 · Krit 17 + (1% till 5%) · Kritchans 0-7% · Hållbarhet 35 · Block/runda 2 · 2H · Vikt 19 · Ench 2;75 Styrka, 30 Hammare (rek);-;;;;;;;;;Precis som klubban fast i större format. Strax kortare än, och marginellt lättare att svinga än, en dvärg. Ett mycket populärt vapen bland stadens troll och andra som prioriterar slagkraft framför precision.
979;weapon;Stenklubba;Mace;1-19;25;Skada 7-9 · Krit 10 + (1% till 5%) · Kritchans 0-1% · Hållbarhet 42 · Block/runda 2 · Dual · Vikt 9 · Ench 1;Kräver att du är av rasen salamanth, 45 Styrka, 45 Hammare (rek);+2 Bashälsa, +2 Initiativstyrka;;;;;;;;;Att knyta en sten på en pinne och kalla det för ett vapen är något vissa skrattar åt. De personerna slutar dock i regel skratta när de får samma sten svingad i huvudet.
147;weapon;Kort stridsstav;Stave;1-19;35;Skada 4-6 · Krit 7 + (10% till 10%) · Kritchans 0-7% · Hållbarhet 25 · Block/runda 2 · 2H · Vikt 4 · Ench 2;30 Styrka, 35 Stavar (rek);+5 stavar;;;;;;;;;En kortare variant av den vanliga stridsstaven. Något enklare att hantera för den nyblivna gladiator som precis vunnit tillträde till arenans sand.
975;weapon;Vulkandolk;Spear;1-19;35;Skada 3-4 · Krit 5 + (1% till 5%) · Kritchans 0-2% · Hållbarhet 49 · Block/runda 2 · Dual · Vikt 4 · Ench 1;Kräver att du är av rasen salamanth, 25 Styrka, 60 Stickvapen (rek);+3 Bashälsa, +3% Bashälsa;;;;;;;;;En böjd men tålig dolk som skimrar med ett rött sken. Vid en första beröring känns handtaget nästan varmt.
12;armor;Lädervaddar;Shoulders;1+;40;Block 2 · Vikt 1;30 Styrka;+1 Initiativstyrka;Rustningssmide 2;1 x Läder;;0;70;;;;Axelvaddar ihopsydda av återvunna läderbitar som stadens sömmare troligtvis har plundrat från fallna gladiatorer. Materialets tyngd och styvhet hämmar gladiatorns rörlighet något men ger också ett bättre skydd än dess motsvarighet i tyg. Må detta plagg tjäna dig bättre än dess tidiga bärare.
11;armor;Läderhandskar;Hands;1+;40;Block 2 · Vikt 1;30 Styrka;+1 Initiativstyrka;Rustningssmide 2;1 x Läder;;0;70;;;;Handskar ihopsydda av återvunna läderbitar som stadens sömmare troligtvis har plundrat från fallna gladiatorer. Materialets tyngd och styvhet hämmar gladiatorns rörlighet något men ger också ett bättre skydd än dess motsvarighet i tyg. Må detta plagg tjäna dig bättre än dess tidiga bärare.
549;armor;Röd tyghuva;Head;1+;70;Block 1;30 Styrka;+1 Bashälsa, +1 Initiativstyrka, +1 Ledarskap;;;;;;;;;En vackert röd tyghuva, erbjuder inte särskilt mycket skydd, men den sägs motivera gladiatorer till strid.
508;jewelry;Lyckosamt guldmynt;Trinket;1+;300;-;-;+1% Perfekt träff, +10 Inlärningsförmåga;;;;;;;;;För den något mer vidskepligt lagda har Brikk alldeles vanliga mynt i olika valörer till salu. Han försäkrar dock alla intresserade om deras signifikans för hans egen lycka både som köpman och smed.Trots allt kan väl inte hela mästersmeden karriär bygga på skicklighet?
20;jewelry;Bronsmedaljong;Neck;1+;30;-;-;+1 Bashälsa;;;;;;;;;En simpel medaljong gjort i något bronsliknande material. Kanske brons.
17;armor;Onkhvävshandskar;Hands;1+;20;Block 2 · Vikt 1;50 Styrka;+1 Styrka;Rustningssmide 1;1 x Päls;;0;80;;;;Handskar gjorda av vävd onkh-päls, ett material som ger ett något bättre skydd för bäraren än dess motsvarighet av tunnare tyg.  Det mesta talar för att de desperata gatubarn som samlar in onkhernas hår besitter mer mod än de gladiatorer som bär detta plagg.
115;jewelry;Blodfylld bägare;Trinket;1+;15;-;-;+1 Styrka;;;;;;;;;
652;jewelry;Svindlarens tärning;Trinket;1+;100;-;-;+15 Tur;;;;;;;;;En tärning med en förskjuten tyngdpunkt, så länge du inte blir upptäckt bör den möjliggöra fler vinster vid tärningsbordet.
653;armor;Smedens handske;Hands;1+;80;Block 3 · Vikt 2;-;+3 Uthållighet, +10 Disciplin;;;;;;;;;En tung handske skyddandes mot både hetta och tillhyggen.
846;armor;Djungelhuva;Head;1+;;Block 2;Kräver att du är av rasen salamanth;+2 Bashälsa;;;;;;;;;
147;jewelry;Byggmästarpendant;Neck;1+;105;-;Kräver att du har bedriften Byggnadsmästare;+3 Bashälsa, +3 Styrka, +3 Ledarskap;;;;;;;;;Kejsaren delar ut detta till den som färdigställt störst andel av en stadsbyggnad. Ingen köpman har något intresse för den men säkert har andra gladiatorer det.
772;jewelry;Sorgeband;Bracelet;1+;;-;-;+5 Inlärningsförmåga, +5 Disciplin;;;;;;;;;"""Vi föds, vi lever, vi dör. Sörj mig, men låt inte sorgen dränka dig. Sörj mig, men ta dig vidare i livet och finn glädje. Det är inte ett 'farväl', det är ett 'till vi möts igen'."""
15;armor;Onkhvävsvaddar;Shoulders;1+;20;Block 2 · Vikt 1;50 Styrka;+1 Styrka;Rustningssmide 1;1 x Päls;;0;80;;;;Axelvaddar gjorda av vävd onkh-päls, ett material som ger ett något bättre skydd för bäraren än dess motsvarighet av tunnare tyg.  Det mesta talar för att de desperata gatubarn som samlar in onkhernas hår besitter mer mod än de gladiatorer som bär detta plagg.
604;armor;Mitra;Head;1+;220;Block 2 · Vikt 1;60 Styrka;+3 Initiativstyrka, +8 Ledarskap;;;;;;;;;En mycket symbolisk huvudbonad som bärs av ledare inom vissa religiösa kretsar.  Mitran är stor och otymplig och utgör egentligen inte särskilt mycket skydd.
16;armor;Onkhvävsjacka;Chest;1+;20;Block 3 · Vikt 2;50 Styrka;+1 Uthållighet;Rustningssmide 1;1 x Päls;;0;80;;;;En jacka gjord av vävd onkh-päls, ett material som ger ett något bättre skydd för bäraren än dess motsvarighet av tunnare tyg.  Det mesta talar för att de desperata gatubarn som samlar in onkhernas hår besitter mer mod än de gladiatorer som bär detta plagg.
14;armor;Onkhvävsmössa;Head;1+;20;Block 3 · Vikt 2;50 Styrka;+1 Uthållighet;Rustningssmide 1;1 x Päls;;0;80;;;;En huvudbonad gjord av vävd onkh-päls, ett material som ger ett något bättre skydd för bäraren än dess motsvarighet av tunnare tyg.  Det mesta talar för att de desperata gatubarn som samlar in onkhernas hår besitter mer mod än de gladiatorer som bär detta plagg.
10;armor;Lädermössa;Head;1+;40;Block 3 · Vikt 2;30 Styrka;+1 Undvika anfall;Rustningssmide 2;1 x Läder;;0;90;;;;Mössa ihopsydd av återvunna läderbitar som stadens sömmare troligtvis har plundrat från fallna gladiatorer. Materialets tyngd och styvhet hämmar gladiatorns rörlighet något men ger också ett bättre skydd än dess motsvarighet i tyg. Må detta plagg tjäna dig bättre än dess tidiga bärare.
527;jewelry;Rött novisband;Bracelet;1+;60;-;-;+5 Provokation;;;;;;;;;Ett armband för att symbolisera uppnådd status i rankade lagspel.
539;jewelry;Själskontrakt;Trinket;1+;;-;Kräver att du är av rasen människa;-6 Bashälsa, +10% Styrka, -6 Undvika anfall;;;;;;;;;Signeras med blod.
497;jewelry;Falskt pärlhalsband;Neck;1+;150;-;-;+1 yxor, +1 svärd, +1 hammare, +1 stavar, +1 sköldar, +1 stickvapen, +1 kättingvapen, +1 Obeväpnat, +1 Inlärningsförmåga, +1 Ledarskap, +1 Provokation;;;;;;;;;
506;jewelry;Lyckosamt silvermynt;Trinket;1+;250;-;-;+3 Undvika anfall;;;;;;;;;För den något mer vidskepligt lagda har Brikk alldeles vanliga mynt i olika valörer till salu. Han försäkrar dock alla intresserade om deras signifikans för hans egen lycka både som köpman och smed.Trots allt kan väl inte hela mästersmeden karriär bygga på skicklighet?
537;jewelry;Shamanens blodstensdolk;Trinket;1+;90;-;Kräver att du är av rasen ork;+7 stavar, +7 stickvapen, +2 Undvika anfall;;;;;;;;;En liten dolk smidd ifrån blodsten med handtag i granträ. För liten för att slåss med, dock har den en viktig roll inom orkisk mytologi och deras shamaner använder ofta dessa i olika offerritualer.
532;jewelry;Blått mästarband;Bracelet;1+;120;-;Kräver att du har bedriften Rankingpoängsmästare;+2% Perfekt träff, +15 Ledarskap;;;;;;;;;Ett armband för att symbolisera uppnådd status i rankade lagspel.
536;jewelry;Bergvaktens emblem;Trinket;1+;90;-;Kräver att du är av rasen dvärg;+7 svärd, +7 stavar, +7 stickvapen, +2 Initiativstyrka;;;;;;;;;Förutom sitt tålamod och skicklighet i strid är den legendariska bergvakten också känd för sina något mer okonventionella vapenval.
531;jewelry;Blått gladiatorband;Bracelet;1+;90;-;-;+1% Perfekt träff, +10 Ledarskap;;;;;;;;;Ett armband för att symbolisera uppnådd status i rankade lagspel.
530;jewelry;Rött gladiatorband;Bracelet;1+;90;-;-;+1% Perfekt träff, +10 Provokation;;;;;;;;;Ett armband för att symbolisera uppnådd status i rankade lagspel.
534;jewelry;Rött mästarband;Bracelet;1+;120;-;Kräver att du har bedriften Rankingpoängsmästare;+2% Perfekt träff, +15 Provokation;;;;;;;;;Ett armband för att symbolisera uppnådd status i rankade lagspel.
516;jewelry;Eryfias fläta;Amulet;1+;100;-;-;-2 Uthållighet, +4 Undvika anfall;;;;;;;;;Efter dagar och nätter i fängelsehålan utan någon som helst kontakt med omvärlden hade Eryfia slitit loss en bit av sitt hår. Av håret hade hon sedan ägnat många timmar åt att göra en intrikat fläta, och fastän den var vacker var det på något sätt som om det gyllenbruna håret hade tappat sin lyster.
547;jewelry;Guldkompass;Neck;1+;657;Kritchans 0-2% · Vikt 1;-;+3% Perfekt träff, +10 Styrka, -7 Uthållighet, -7 Initiativstyrka;;;;;;;;;Kompassen är gjord av rent guld som sedan har fästs på ett enkelt läderband.Denna avser visa sin bärare moralens väg och utlovar god lycka.
541;jewelry;Skogstrollets Rosenband;Trinket;1+;90;-;Kräver att du är av rasen troll;+5 svärd, +5 stavar, +5 stickvapen, +2 Initiativstyrka, +1 Undvika anfall;;;;;;;;;Skogstrollen är kända bland trollen för deras smidighet och skicklighet med spjut och svärd. Bland andra raser verkar de vara precis lika brutala som sina kusiner från träsken.
1070;jewelry;Barbarens mantel;Back;1+;;Vikt 3;800 Styrka;+10% Styrka;;;;;;;;;
1072;jewelry;Maskotens amulett;Amulet;1+;;Vikt -2;-;+150 Tur;;;;;;;;;
546;jewelry;Svärtat benkotshalsband;Neck;1+;666;Kritchans 0-3% · Vikt 1;-;+2% Perfekt träff, -7 Bashälsa, -7 Uthållighet, +10 Initiativstyrka;;;;;;;;;Svärtad av kol och blod är denna halskedja som en riktigt usel goblin har filat av flertalet ryggradskotor. När halsbandet väl har fått sin rättmätiga ägare kommer det inte att godkänna en ny.
512;jewelry;Samfundets Cirkel;Finger;1+;80;-;-;+1% Perfekt träff, +2 Bashälsa;;;;;;;;;"En silversmiden ring med orden ""Ty vägen är svår. I samfundet vi är enade""."
526;jewelry;Blått novisband;Bracelet;1+;60;-;-;+5 Ledarskap;;;;;;;;;Ett armband för att symbolisera uppnådd status i rankade lagspel.
522;armor;Svärtad tunika;Chest;1+;130;Block 3 · Vikt 1;90 Styrka;+2 Styrka, +1 Initiativstyrka;;;;;;;;;En tunika med illavarslande krafter.
525;armor;Visdomskappa;Chest;1+;190;Block 3 · Vikt 1;60 Styrka;+1 Uthållighet, +5 Inlärningsförmåga;;;;;;;;;Den vise tar inte sida.
135;jewelry;Magisk sten;Neck;1+;;-;-;+2 Bashälsa, +2 Styrka, +2 Uthållighet, +2 Initiativstyrka, +2 Undvika anfall, +2 Inlärningsförmåga, +2 Ledarskap, +2 Provokation, +2 Intellekt;;;;;;;;;I kejsarens hov finns en trollkarl vid namn Ekterion. En av hans största bedrifter är att ha tagit fram en magi som håller i evighet så länge man knyter an den till ett föremål. Om föremålet förstörs försvinner även magin. Ekterion har därför gjort en handfull halsband med magiska stenar på. Dessa går enbart att vinna genom kejsarens gunst i den otroliga lagbaserade bataljen Kejsarens gala där kejsaren bjuder in dignitärer från långväga städer för att vittna de blodiga striderna.
524;armor;Adlig Tunika;Chest;1+;140;Block 3 · Vikt 1;80 Styrka;+1 Bashälsa, +2 Undvika anfall;;;;;;;;;Ett vackert silkestyg hjälper inte mycket mot stick eller hugg, men dess lyster och solljus i rätt vinkel kan hjälpa dig att inte bli träffad alls.
5;armor;Tyghandskar;Hands;1+;1;Block 1;20 Styrka;-;;;;;;;;;Simpla handskar någon form av tyg, troligen en blandning av bomull och linne. Ger minimalt skydd men väger knappt någonting vilket ger gladiatorn full möjlighet att röra sig som vanligt.
2;armor;Tygjacka;Chest;1+;1;Block 1;20 Styrka;-;;;;;;;;;En simpel jacka gjord i någon form av tyg, troligen en blandning av bomull och linne. Ger minimalt skydd men väger knappt någonting vilket ger gladiatorn full möjlighet att röra sig som vanligt.
216;jewelry;Klanemblem;Trinket;1+;;-;-;-;;;;;;;;;"""Det här emblemet ger dig rättigheten att skapa en klan"" - Signerat av Kejsaren"
3;armor;Tygmössa;Head;1+;1;Block 1;20 Styrka;-;;;;;;;;;En simpel huvudbonad gjord i någon form av tyg, troligen en blandning av bomull och linne. Ger minimalt skydd men väger knappt någonting vilket ger gladiatorn full möjlighet att röra sig som vanligt.
294;armor;Tunnharnesk;Chest;1+;;Block 4 (10%) · Vikt 1;-;-;;;;;;;;;Ett enkelt harnesk gjort av en gammal trätunna och två hängslen. Ett första steg för en blivande rustningssmed.
456;armor;Axelskydd av trä;Shoulders;1+;;Block 2 (8%);-;-;;;;;;;;;En tunna delad på mitten med lite läderspännen formar ett par vackra axelskydd. Senast du gick in till Beren med dem blev han så avundsjuk att han slängde ut dig ur hans butik.
457;armor;Trähandske;Hands;1+;;Block 2 (8%);-;-;;;;;;;;;Ett par gamla läderhandskar förstärkta med trä för ökat skydd. Enkla men funktionella för en aspirerande gladiator.
458;armor;Trästövlar;Feet;1+;;Block 2 (8%);-;-;;;;;;;;;Ett par läderstövlar förstärkta med träbitar. Inte det vackraste en gladiator kan ha på sig, men definitivt funktionella.
973;jewelry;Gult adelsband;Bracelet;1+;120;-;-;+2% Perfekt träff, +21 Tur;;;;;;;;;Det fanns flera adelsband i Stenhem, men bara ett som detta. Ett armband utan like, buret av endast en man. Detta armband var inte skapat av guld eller silver, inte av dyrbara ädelstenar eller insmickrande ornament. Det var smitt av uppoffring. För i en stund av både nöd och övertygelse offrade han sin älskade plåtburk – en trogen följeslagare genom år av strid och maktspel – och lät den smälta ner i elden för att bli något större. För Strykav behövde varken mer makt eller mer inflytande. Han behärskade redan konsten att leda och förhandla. Det han behövde var tur – ren, obändig, ostoppbar tur. Armbandet skimrade som guld men bar ett djupare värde än så. Det var ett löfte till sig själv, en länk till ödet, ett spel med universum. Ingen visste om det verkligen fungerade – men det behövdes inte. För den som bär ett sådant band, och tror på dess kraft, går aldrig riktigt tomhänt från bordet.
528;jewelry;Grönt novisband;Bracelet;1+;60;-;-;+5 Inlärningsförmåga;;;;;;;;;Ett armband för att påminna dig om din hårda träning och vad du dragit för lärdomar under tidens gång.
9;armor;Läderjacka;Chest;1+;40;Block 3 · Vikt 2;30 Styrka;+1 Uthållighet, +1 Initiativstyrka;Rustningssmide 2;1 x Läder;;0;90;;;;Jacka ihopsydd av återvunna läderbitar som stadens sömmare troligtvis har plundrat från fallna gladiatorer. Materialets tyngd och styvhet hämmar gladiatorns rörlighet något men ger också ett bättre skydd än dess motsvarighet i tyg. Må detta plagg tjäna dig bättre än dess tidiga bärare.
760;jewelry;Glänsande Lyckoamulett;Amulet;1+;100;Kritchans 0-1% · Vikt 1;-;+1% Perfekt träff, +1 Initiativstyrka, +1 Undvika anfall, +5 Inlärningsförmåga, +13 Tur;;;;;;;;;Ett föremål som delades ut i en turnering för ära och berömmelse på Zurins årsdag.
976;jewelry;Eversoriansk Silversigil;Trinket;1-45;400;-;-;+15 Disciplin;;;;;;;;;För att hedra Eversor den allsmäktige har Kejsaren låtit detta ornament smidas, som en symbol för alla gladiatorers, oavsett adel eller knegare, hängivenhet till mannen som ligger bakom Stenhems framkomst.
694;jewelry;Lyckoamulett;Amulet;1+;;Kritchans 0-1% · Vikt 1;-;+1% Perfekt träff, +1 Initiativstyrka, +1 Undvika anfall, +8 Tur;;;;;;;;;En amulett som hittades nedgrävd i skogen. Ursprunget är ovisst och utseendet lockar inte alls. Den ser även något tyngre ut än en vanlig amulett. Enligt de riktigt ålderstigna alverna är det ingen tvekan om saken, lyckoamuletten bringar tur.
22;jewelry;Silverhalsband;Neck;1+;;-;-;+2 Uthållighet;Föremålssmide 1;1 x Päls;;0;50;;;;Ett halsband av silver som glimrar fint i solen.
717;jewelry;Solidaritetens armband;Bracelet;1+;200;-;-;+2 Bashälsa, +2 Initiativstyrka, +12 Disciplin;;;;;;;;;Ett tecken på tacksamhet från Kejsaren i samband med upprättandet av Auktionshuset.
535;jewelry;Blodalvsruna;Trinket;1+;90;-;Kräver att du är av rasen alv;+7 yxor, +7 hammare, +7 kättingvapen, +2 Styrka;;;;;;;;;En mindre runa som ristats av en av de alver som valt att vandra en annan väg. De som väljer vreden och stridslustens väg kallas av sina fränder för blodalver, och andra alver har delade uppfattningar om dessa.
719;armor;Tomtebyxa;Legs;1+;;Block 1;-;+1 Bashälsa, +1 Undvika anfall, +1 Inlärningsförmåga;;;;;;;;;
1147;jewelry;Bergets urkraft;Trinket;1+;;Kritchans 0-1% · Vikt 1;Kräver att du är av rasen odöd;+10% yxor, +10% hammare, +5% sköldar, +15% Bashälsa, +10% Styrka, -20% Undvika anfall;;;;;;;;;En kraft äldre än de flesta riken och starkare än de flesta murar. Bergets urkraft fyller bäraren med dess orubblighet, tålamod och tyngd. Det är en kraft som vägrar ge vika.
523;armor;Adlig Bröstplåt;Chest;1+;290;Block 6 · Vikt 4;100 Styrka;+1 Bashälsa, +3 Undvika anfall, +5 Ledarskap;;;;;;;;;Inga prinsessor har räddats från drakar av heroiska prinsar som inte burit en heroisk bröstplåt.
4;armor;Tygvaddar;Shoulders;1+;1;Block 1;20 Styrka;-;;;;;;;;;Simpla axelvaddar gjorda i någon form av tyg, troligen en blandning av bomull och linne. Ger minimalt skydd men väger knappt någonting vilket ger gladiatorn full möjlighet att röra sig som vanligt.
29;jewelry;Arenans Signum;Finger;1+;20;-;Kräver att du har bedriften Gladiatornovis;+3 Ledarskap;;;;;;;;;En simpel stenring, massproducerad i stadens hantverkarkvarter. Delas ut till alla som någon gång visat sitt mod och besökt Arenans sand.
260;jewelry;Kejsarens favör;Trinket;1+;;-;-;+5 Styrka, +3 Uthållighet, +5 Initiativstyrka;;;;;;;;;
529;jewelry;Grönt gladiatorband;Bracelet;1+;90;-;-;+1% Perfekt träff, +10 Inlärningsförmåga;;;;;;;;;Ett armband för att påminna dig om din hårda träning och vad du dragit för lärdomar under tidens gång.
1052;jewelry;Förfinad kaptensbindel;Bracelet;1+;;Kritchans 0-2%;-;+1% Perfekt träff, +4% Styrka, +40 Ledarskap, +4 Provokation;;;;;;;;;Det finns bara en Förfinad kaptensbindel i staden. Resten är historia.
1034;jewelry;Trillingarmbandet;Bracelet;1+;500;Träffchans +1;-;+6 Styrka, +6 Uthållighet, +6 Initiativstyrka, -1% Undvika anfall, +30 Disciplin;;;;;;;;;De ser inte mycket ut för världen. Slitet läder, kall metall och ett nästan utsuddat märke. Men de bär på något större.Ingen vet säkert hur de skapades. Några nämner Durin. Andra säger ingenting alls - bara att de förändrar den som bär dem.När tre kämpar bär dem tillsammans vaknar något. Armbanden pulserar, som om de minns. Det sägs att de slår i takt med sina bärare. Inte som tre viljor, utan som en.Men Trillingarmbandet kan inte bara tas. Det måste förtjänas. Genom blod, trofasthet och samhörighet. Det är inte kraften i metallen som gör dem unika. Det är kraften i bandet mellan dem som bär det.
1150;jewelry;Krigets urkraft;Trinket;1+;;Vikt 1;Kräver att du är av rasen odöd;+5% Bashälsa, +20% Styrka, +10% Initiativstyrka, -20% Undvika anfall;;;;;;;;;En uråldrig kraft född ur otaliga slag, blod och konflikter. Krigets urkraft bär på erfarenheten från de som aldrig lade ner sina vapen. Den känner ingen rädsla, ingen tvekan och framför allt ingen önskan att retirera.
1148;jewelry;Öknens urkraft;Trinket;1+;;-;Kräver att du är av rasen odöd;-10% Bashälsa, +15% Styrka, +5% Initiativstyrka, +15% Undvika anfall;;;;;;;;;Från en plats där svaghet snabbt förvandlas till död kommer denna skoningslösa kraft. Öknens urkraft ger bäraren samma tålighet som de varelser som överlever där vatten är sällsynt och varje dag är en kamp.
505;jewelry;Lyckosamt bronsmynt;Trinket;1+;250;-;-;+4 Bashälsa;;;;;;;;;För den något mer vidskepligt lagda har Brikk alldeles vanliga mynt i olika valörer till salu. Han försäkrar dock alla intresserade om deras signifikans för hans egen lycka både som köpman och smed.Trots allt kan väl inte hela mästersmeden karriär bygga på skicklighet?
827;armor;Vadderat förkläde;Chest;1+;;Block 2 · Vikt 1;Kräver att du är av rasen dvärg, 40 Styrka;+1 Uthållighet, +3 Disciplin;;;;;;;;;Ingen hantverkare är bättre än skyddsutrustningen den bär. För en dvärg är rätt kläder på rätt plats en självklarhet. Trots deras otroliga tålighet för både värme och kyla ses knappast en dvärg i smedjans glöd utan ett vadderat förkläde.
824;jewelry;Stamtalisman;Trinket;1+;;-;Kräver att du är av rasen ork;+3 Uthållighet, +5 Ledarskap;;;;;;;;;En obskyr talisman för den gemene invånaren av Stenhem. För en ork från Isvalla är det däremot vilken stam talismanen tillhört och därför också dess värde.
825;armor;Goblinska läderstövlar;Feet;1+;;Block 3 · Vikt 1;Kräver att du är av rasen goblin, 30 Styrka;+1 Styrka;;;;;;;;;Ett par mycket små läderstövlar, möjligtvis ett barns eller då givetvis en goblins förvridna fötter.
826;jewelry;Ärvd mantel;Back;1+;10;Vikt 1;Kräver att du är av rasen människa;+2 Uthållighet, +4 Inlärningsförmåga;;;;;;;;;Ärvd är ett mer välformulerat sätt att helt enkelt beskriva något gammalt. Bättre än en bar rygg oavsett.
823;jewelry;Lappad mantel;Back;1+;20;Vikt 1;Kräver att du är av rasen troll;+3 Bashälsa, +1 Uthållighet;;;;;;;;;Att beskriva manteln som lappad är en underdrift, snarare är det dussinet mantlar som sytts ihop till denna, ur ett estetiskt perspektiv, förskräckliga skapelse.
1145;jewelry;Träskets urkraft;Trinket;1+;;Vikt 2;Kräver att du är av rasen odöd;-15% yxor, -20% svärd, -10% hammare, -20% stavar, -15% sköldar, -15% stickvapen, -10% kättingvapen, +35% Bashälsa, -20% Obeväpnat, +35% Styrka, -40% Uthållighet, -40% Initiativstyrka, -60% Undvika anfall;;;;;;;;;En mörk och uråldrig kraft hämtad från träskens djupaste gömmor. Den som bär ornamentet känner sumpmarkens sega uthållighet och träskets obarmhärtiga natur flöda genom kroppen.
835;jewelry;Bevandrad bronsmedaljong;Neck;1+;100;-;-;+3 Bashälsa;;;;;;;;;En simpel medaljong gjord i brons. Medaljen ser mycket gammal ut, men dess tecken av ålder får den snarare att se episk och häpnande ut, än sliten och trött.
834;jewelry;Bevandrat signum;Trinket;1+;100;-;Kräver att du har bedriften Gladiatornovis;+6 Ledarskap;;;;;;;;;En mycket vacker sten fäst i en träkonstruktion. Detta föremål kan tyckas otympligt och otydligt i användningsområde, men den vackra stenen gör att föremålet ändå är mycket åtråvärt.
837;armor;Bevandrade tygbyxor;Legs;1+;100;Block 2;20 Styrka;-;;;;;;;;;Simpla byxor gjorda i någon form av tyg, troligen en blandning av bomull och linne. Ger minimalt skydd men väger knappt någonting vilket ger gladiatorn full möjlighet att röra sig som vanligt. Detta exemplar ser betydligt mer välarbette ut än normala tygbyxor.
602;armor;Lärlingsstövlar;Feet;1-14;;Block 1 · Vikt 1;40 Styrka;+5 yxor;;;;;;;;;Stövlarna sitter perfekt på foten, nästan som att de vore skräddarsydda. Materialet antyder dock att stövlarna kan komma att tappa sin passform vid slitage.
833;jewelry;Bevandrat silverhalsband;Neck;1+;100;-;-;+4 Uthållighet;;;;;;;;;Ett halsband av silver som glimrar fint i solen. Smycket känns betydligt tyngre än man kan räkna med då man väger det i handen. Vid en nära anblick noteras ett grönblått sken från smycket.
645;armor;Lärlingshandskar;Hands;1-14;;Block 1 · Vikt 1;40 Styrka;+5 yxor;;;;;;;;;Handskarna sitter perfekt på händerna, nästan som att de vore skräddarsydda. Materialet antyder dock att handskarna kan komma att tappa sin passform vid slitage.
296;jewelry;Felsydd pälsmantel;Back;1+;20;Vikt 1;-;+2 Uthållighet;Föremålssmide 1;1 x Päls;;0;100;;;;En dåligt gjord pälsmantel, med sömmar kors och tvärs över hela tyget. Värmer dock något kalla nätter.
26;jewelry;Lärdomsmantel;Back;1+;140;-;-;+10 Inlärningsförmåga;;;;;;;;;En fint vävd mantel utav sammet. Ett ganska vanligt plagg för många högalver men få personer förutom dem har faktiskt lyckats lägga manken på en. Då Beren Delia personligen känner den alviska väverska som skapat dessa mantlar har han fått ett karavanlass som han nu säljer vidare. Dock till ett otroligt oansenligt pris!
851;jewelry;Vulkanöns essens;Trinket;1+;300;-;Kräver att du är av rasen odöd;+10% Bashälsa, -10% Styrka, +10% Initiativstyrka, -30 Inlärningsförmåga;;;;;;;;;Denna lilla glasflaska innehåller sten från vulkanön. Flaskans glas är ständigt varmt och ger en påminnelse om den magiska kraft som finns på den mytiska ön. Vid en snabb anblick ser det nästan ut som att magma långsamt rinner längs stendammet i flaskan. Den som bär med sig denna flaska kan också få en del av den magi som vulkanöns salamanthrar bär inom sig.
855;jewelry;Lianarmband;Bracelet;1+;;Vikt 1;-;+2 Styrka, +1 Initiativstyrka;;;;;;;;;Ett armband tillverkat av de starka lianrepen som endast kan hittas på Vulkanön.
493;jewelry;Stadens essens;Trinket;1+;150;Kritchans 0-2% · Vikt 1;Kräver att du är av rasen odöd;+10% yxor, +10% svärd, +10% hammare, +10% stavar, +10% sköldar, +10% stickvapen, +10% kättingvapen, +10% Obeväpnat, -10 Inlärningsförmåga;;;;;;;;;En till synes helt vanlig sten, men enligt Derbur en del av den första ringmur som omringade Stenhem för hundratals år sedan, många år före den bastanta muren som existerar idag. Som namngivare till en stad som främst hyser människor och mörka krafter har den möjligheten att ge en odöd de karaktärsdrag som ger en människa fördelar på slagfältet.
955;jewelry;Fingercymbaler;Finger;1+;50;Vikt 1;-;+1 Uthållighet;;;;;;;;;
952;jewelry;Halsband i mithril;Neck;1+;;-;-;+3 Bashälsa, -20 Bashälsa;;;;;;;;;
813;armor;Olivkrans;Head;1+;;Block 4 · Vikt 1;-;+4 Bashälsa, +2 Initiativstyrka, +2 Undvika anfall;;;;;;;;;En olivkrans som tilldelades Gylne, vinnaren av Lagspelsligan XXVI
928;armor;Palladiumprydd visdomskappa;Chest;1+;;Block 3 · Vikt 1;-;+3 Uthållighet, +40 Inlärningsförmåga;Rustningssmide 5;15 x Palladium;1 x Visdomskappa;0;950;;;;
741;armor;Vargkranium;Head;1+;;Block 4 · Vikt 2;70 Styrka;+2 Initiativstyrka, +2 Undvika anfall;;;;;;;;;Ett präktigt kranium från en varg, helt oskadat och mycket välbevarat.
1094;jewelry;Rutten potatis;Amulet;1+;;Träffchans +-2 · Vikt 2;-;-5 Uthållighet, +6% Initiativstyrka, +5 Undvika anfall;;;;;;;;;En potatis som legat ombord på Kaptenens skepp vid någon av hans många resor. För många ser det bara ut som en rutten potatis som gemene man skulle göra sig av med snabbare än snabbt, medan vissa säger att denna potatis gör ägaren lite kvickare då ingen egentligen vill ha en rutten potatis runt halsen.
1096;armor;Kalasbyxor;Legs;1+;1;Block 1;30 Styrka;+3% Bashälsa, +10 Uthållighet, -15 Inlärningsförmåga, +45 Tur, -15 Disciplin, +45 Provokation;;;;;;;;;Ett par randiga byxor. Storleken är okänd då de tycks sitta lika fånigt tight oavsett om de bärs upp av en fjoskig alv eller ett bamsetroll.
1080;jewelry;Allas mantel;Back;1+;;Vikt 1;-;+3 Bashälsa, +3 Styrka, +3 Uthållighet, +3 Initiativstyrka, +3 Undvika anfall;;;;;;;;;
1076;jewelry;En halv kaka;Trinket;1+;;-;-;+15 Tur;;;;;;;;;En halvt uppäten kaka
1057;armor;Sommarhatt;Head;1+;;-;-;+1 Initiativstyrka, +2 Undvika anfall;;;;;;;;;"En tunn och till synes obetydlig huvudbonad, ofta buren av vandrare från de södra slätterna. Den väger nästan ingenting och erbjuder ett bra skydd mot sol, men sämre mot svärd – och ändå väljer vissa krigare att bära den in i strid.Det sägs att hatten bär spår av gammal magi: en närvaro som skingrar oro, kyler sinnet och stillar tankar som annars flammar upp före blodspillan. Vissa påstår att bäraren, om så bara för en stund, kan minnas somrar de aldrig levt – och finna ro i det.""De som bär den säger inget. Men de hör vinden tala."""
1075;jewelry;Kaptenens hyllning;Trinket;1+;;-;-;-;;;;;;;;;Ornamentet är format som en liten medaljong i brons, med motiv av ett styrhjul omslutet av lagerblad. På baksidan finns en stiliserad våg som symboliserar havets kraft, men också rättvisan i ledarskapet. När en kapten bär ornamentet tilldelas ett poäng till valfri kapten – ett tecken på ära inför både besättning och rivaler.För att använda föremålet och ge ett (1) poäng till en kapten behöver du skriva till Strykav af Stav i brev eller på Discord och ornamentet kommer att förstöras efteråt. Föremålet kommer att förstöras på Söndag 16.00.
718;armor;Tomteluva;Head;1+;;Block 1;-;+1 Bashälsa, +1 Undvika anfall, +1 Inlärningsförmåga;;;;;;;;;
1077;jewelry;Piratens initiativ;Trinket;1+;;-;-;-;;;;;;;;;Piratens initiativ är ett svartglänsande ornament i form av en kompassros, med en obsidiansten i mitten som pulserar svagt vid havets närhet. Det sägs ha skapats av en förrädisk kapten som en gång tog tillbaka sitt skepp i en natt av storm och svek. Den som bär ornamentet får en enda gång under en tour kraften att ta över ett skepp och kasta ut dess kapten. När det använts blir det kallt och kraftlöst tills nästa säsong. Att bära det är att bära både havets vrede och en förbannelse – för ingen kan helt lita på en kapten som tagit sin plats genom förräderi. För att använda föremålets krafter och ta över ett lag i Kaptenstouren behöver detta göras innan fredag 00.00 den 22/08. Om innehavaren redan är med i Kaptenstouren byter man istället plats. Skriv till Strykav af Stav på discord eller brev för att aktivera.
1074;jewelry;Kaptenens sigill;Trinket;1+;;-;-;-;;;;;;;;;I en tung, svart ram vilar detta ornament. Bilden av Kaptenen i svartvitt, fångad i triumfens ögonblick när han, som arenans kapten, ledde sitt lag till seger i den första touren för tjugo säsonger sedan. Hans hållning och skarpa blick vittnar om ledarskap, om mod som ristats i sten, och om en ära som än idag ekar genom historien.Med detta ornament får du möjligheten att byta plats på dig själv och en annan spelare (Ej kapten). Gladiatorn du byter plats med måste vara samma eller högre grad än dig. För att använda ornamentets krafter och aktivera det behöver du skriva till Strykav af Stav i brev eller på Discord och ornamentet kommer att förstöras efteråt. Föremålet kommer att förstöras på Lördag 12.00.
1108;armor;KaIasbyxor;Legs;1+;1;Block 1;30 Styrka;+1 Bashälsa, +1 Uthållighet, -1 Inlärningsförmåga, +1 Tur, -1 Disciplin, +1 Provokation;;;;;;;;;Ett par randiga byxor. Storleken är okänd då de tycks sitta lika fånigt tight oavsett om de bärs upp av en fjoskig alv eller ett bamsetroll.
1119;armor;Kallas byxor;Legs;1+;;Vikt 10;400 Styrka;-10 Initiativstyrka, -10 Undvika anfall, +5 Provokation;;;;;;;;;Ett par riktigt klumpigiga stövlar, de är så höga att de nästan går upp till midjan. Byxor blir därför i princip överflödiga för bäraren. En disciplinerad gladiator kan lätt ignorera de fula stövlarna men för en novis kan det vara svårt att låta bli att störa sig på dem.
1198;jewelry;Derburs Fasa;Bracelet;1+;;Kritchans 0-1% · Vikt 1;-;+1% Perfekt träff, +5 yxor, +5 svärd, +5 hammare, +5 stavar, +5 stickvapen, +5 kättingvapen, +5 Uthållighet;;;;;;;;;
1199;jewelry;Gragkhur Vhen;Bracelet;1+;;Kritchans 0-1% · Vikt 1;-;+1% Perfekt träff, +5 yxor, +5 svärd, +5 hammare, +5 stavar, +5 stickvapen, +5 kättingvapen, +5 Styrka;;;;;;;;;
1200;jewelry;Svartband;Bracelet;1+;;Kritchans 0-1% · Vikt 1;-;+1% Perfekt träff, +5 yxor, +5 svärd, +5 hammare, +5 stavar, +5 stickvapen, +5 kättingvapen, +5 Bashälsa;;;;;;;;;
1201;jewelry;Khuruk Shetra;Bracelet;1+;;Kritchans 0-1% · Vikt 1;-;+1% Perfekt träff, +5 yxor, +5 svärd, +5 hammare, +5 stavar, +5 stickvapen, +5 kättingvapen, +4 Undvika anfall;;;;;;;;;
1202;jewelry;Mörkerband;Bracelet;1+;;Kritchans 0-1% · Vikt 1;-;+1% Perfekt träff, +5 yxor, +5 svärd, +5 hammare, +5 stavar, +5 stickvapen, +5 kättingvapen, +5 Initiativstyrka;;;;;;;;;
1151;jewelry;Vulkanöns urkraft;Trinket;1+;;-;Kräver att du är av rasen odöd;+5% stickvapen, +15% Bashälsa, -5% Styrka, +15% Initiativstyrka, -15 Inlärningsförmåga;;;;;;;;;Eldens raseri har fångats och förseglats i detta ornament. En kraft lika het och oförutsägbar som vulkanerna själva, fylld av hetta, vrede och den råa styrkan från jordens inre.
1149;jewelry;Stadens urkraft;Trinket;1+;;Kritchans 0-2% · Vikt 1;Kräver att du är av rasen odöd;+10% yxor, +10% svärd, +10% hammare, +10% stavar, +10% sköldar, +10% stickvapen, +10% kättingvapen, +2% Bashälsa, +10% Obeväpnat, +5% Styrka, +5% Initiativstyrka, +5% Undvika anfall;;;;;;;;;Städernas verkliga styrka ligger inte i stenarna, utan i de otaliga liv som ryms mellan dem. Denna urkraft bär på människans uppfinningsrikedom, anpassningsförmåga och okuvliga vilja att alltid hitta en väg framåt.
1146;jewelry;Skogens urkraft;Trinket;1+;;Vikt -1;Kräver att du är av rasen odöd;-5% Bashälsa, -5% Styrka, +15% Initiativstyrka, +30% Undvika anfall;;;;;;;;;Djupt inne i gamla skogar finns en kraft som aldrig riktigt dör. Skogens urkraft låter bäraren känna naturens styrka och dess förmåga att växa, anpassa sig och överleva genom århundraden.
1203;armor;Pärlvaranhandskar;Hands;1+;;Block 4;60 Styrka;-;;;;;;;;;Vackra handskar av välarbetat läder från en dräpt pärlvaran.
738;armor;Pärlvaranhandskar;Hands;1+;;Block 4;60 Styrka;-;;;;;;;;;Vackra handskar av välarbetat läder från en dräpt pärlvaran.
244;consumable;Administratörenns Mjöd;;1+;10;Varaktighet 10080 · Cooldown 0 sekunder;-;-30 Bashälsa, +10 Provokation;;;;;;;;;Verkligen inte lämplig för förtäring.
42;consumable;Falska drömmar;;1+;200;Cooldown 1 dag;-;-;;;;;;;;;Genom att ingjuta dessa falska drömmars tinkur utökas din kreativitet för lurendrejeri avsevärt. Det sägas finnas en falsk dröm bakom varje svindlares upptåg.
44;consumable;Adligt extrakt;;1+;100;Cooldown 1 dag;-;-;;;;;;;;;Givetvis säljer Maximillian Bello det mest hedersvärda av allt, essensen av det adliga, sin egen familjs hemlighet: det adliga extraktet. De mest vilsna av busar kan uppvisa imponerande maner efter att ha ingesterat denna mixtur.
48;consumable;Andestoft;;1+;50;Cooldown 0 sekunder;Kräver att du är ung;-;;;;;;;;;Ett grått stoft lätt doftande av förruttnelse och död.
62;consumable;Tre droppar disciplin;;1+;;Varaktighet 600 · Cooldown 0 sekunder;-;+20 Disciplin;;;;;;;;;Förtrollade drycker kan få även en slashas, latmask eller annat patrask att utföra sina uppgifter i tid. Inom det kejserliga hovet sägs betjänter förtära dem dagligen, så inte kan de vara särskilt farliga?
72;consumable;Möjligheternas mixtur;;1+;;Varaktighet 360 · Cooldown 0 sekunder;-;+20 Tur, -10 Disciplin;Alkemi 1;3 x Blodpint;;0;150;;;;
73;consumable;Tålamodets dryck;;1+;;Varaktighet 360 · Cooldown 0 sekunder;-;-10 Inlärningsförmåga, +20 Disciplin;Alkemi 1;3 x Blodpint;;0;150;;;;
75;consumable;Tians helande brygd;;1+;;Återställer 5-15 HP · Cooldown 0 sekunder;-;-;;;;;;;;;
76;consumable;Tians skadande brygd;;1+;;Skada 5-15 · Cooldown 0 sekunder;-;-;;;;;;;;;
245;consumable;En välbehövd paus;;1+;;Cooldown 0 sekunder;-;-;;;;;;;;;
250;consumable;Kejsarens kärlek;;1+;;Varaktighet 60 · Cooldown 0 sekunder;Kräver att du är av rasen goblin;+50 Disciplin;;;;;;;;;"Denna dryck har ett raskrav. Raskravet är veckovis och även beroende på vilken typ av gladiator som vinner turneringen ""Kejsarens kärlek""."
106;consumable;Bra rykte;;1+;;Cooldown 1 timme;-;-;;;;;;;;;
64;consumable;Utvunnet elementextrakt;;1+;;Varaktighet 1440 · Cooldown 0 sekunder;-;+1 Bashälsa, +1 Styrka, +1 Uthållighet, +1 Initiativstyrka, +1 Undvika anfall;Alkemi 2;2 x Elementsav;;0;300;;;;
2;consumable;Upplysande brygd;;1-25;60;Varaktighet 240 · Cooldown 0 sekunder;-;+10 yxor;Alkemi 1;1 x Elementsav;;0;300;;;;Den här drycken gör att du känner dig upprymd och mer mottaglig för nya erfarenheter i livet. Innehållet är lätt guldglimrade och ser faktiskt riktigt gott ut.
205;consumable;En tredje chans;;1+;;Cooldown 0 sekunder;-;-;;;;;;;;;Både noviser och erfarna gladiatorer begår misstag. Denna dryck ger dig möjligheten att åtminstone åtgärda några av dem.Var aktsam dock, den kan endast användas en gång och framtida misstag är dina egna att överkomma!VARNING: Går ej att använda när man är anmäld till legendturnering!
34;consumable;Svartgrogg;;1+;200;Varaktighet 90 · Cooldown 0 sekunder;-;+1% Perfekt träff, +25 Provokation;;;;;;;;;En svart, tjock vätska som luktar skarpt av alkohol och något oheligt. Gladiatorer som dricker av denna brukar bli aggressiva och utåtagerande mot andra gladiatorer.
43;consumable;Tre droppar givmildhet;;1+;50;Cooldown 8 timmar;-;-;;;;;;;;;"Namnet på denna mixtur blev befäst den dagen en av de snålaste av alla vapenmästare delat ut kortsvärd till alla gladiatornoviser. Han hade av misstag förtärt drycken av den girighet som var ett så definierande karaktärsdrag för mannen. Blott tre droppar senare hade han givit bort alla sina kläder för att sedan naken och i extas delat ut kortsvärd från det personliga förrådet.Sådana spektakulära effekter har endast visat sig enstaka gånger, men namnet har sedan den dagen alltid varit ""Tre droppar givmildhet""."
249;consumable;En sjunde chans;;1-45;;Cooldown 2 månader 4 dagar;-;-;;;;;;;;;Både noviser och erfarna crew begår misstag. Denna dryck ger dig möjligheten att åtminstone åtgärda några av dem.Var aktsam dock, den kan endast användas en gång och framtida misstag är dina egna att överkomma!VARNING: Går ej att använda när man är anmäld till legendturnering!
3;consumable;Slemmig vätska;;1+;80;Varaktighet 90 · Cooldown 0 sekunder;-;+5 Undvika anfall;Alkemi 2;3 x Blodpint;;0;600;;;;En tjock, mörk, oljeliknande substans syns inne i glasflaskan. Det ser absolut inte gott ut men försäljaren lovar att den gör dig extra smidig i strider.
80;consumable;Svart spormoln;;1-10;250;Cooldown 0 sekunder;Kräver att du är ung;-;Alkemi 2;1 x Minnesfragment;1 x Andestoft;0;300;;;;“Röken. Fågeln. Röken. Fåglarna”, for likt ett mantra  genom Vimund. Inmundigat av denna dryck riskerar samma utgång som fåglarna, men en gladiator ger väl inte upp vid dödens inträde?
155;consumable;En andra chans;;1+;;Cooldown 2 månader 4 dagar;-;-;;;;;;;;;Både noviser och erfarna gladiatorer begår misstag. Denna dryck ger dig möjligheten att åtminstone åtgärda några av dem.Var aktsam dock, den kan endast användas en gång och framtida misstag är dina egna att överkomma!VARNING: Går ej att använda när man är anmäld till legendturnering!
251;consumable;En sista chans;;1-45;;Cooldown 0 sekunder;-;-;;;;;;;;;
196;consumable;Bergamod;;1+;;Cooldown 0 sekunder;Kräver att du är av rasen dvärg;-;;;;;;;;;Inget är uthålligare och mer discplinerat än berget!
35;consumable;Majestätisk tinktur;;1+;200;Varaktighet 90 · Cooldown 0 sekunder;-;+1% Perfekt träff, +30 Ledarskap;;;;;;;;;En lättflytande gyllene vätska med smått skimmer. Legenden säger att denna bryggd har essens av de forna kungarnas makt. Vad exakt som menas med detta vet ingen, men den bevandrade kvinnan svär att andra gladiatorer kollar på dig med förnyad respekt efter att ha druckit av bryggden.
259;consumable;En manuell plusgrad;;1-45;;Cooldown 0 sekunder;-;-;;;;;;;;;
252;consumable;Supersvart spormoln;;1-45;250;Cooldown 0 sekunder;-;-;;;;;;;;;“Röken. Fågeln. Röken. Fåglarna”, for likt ett mantra  genom Vimund. Inmundigat av denna dryck riskerar samma utgång som fåglarna, men en gladiator ger väl inte upp vid dödens inträde?
220;consumable;Kallsmidd brygd (Stick);;1-34;;Cooldown 1 vecka;Kräver att du är ung;-;;;;;;;;;Den kyliga drycken ger dig en ökad förståelse för din käraste stridskonst.
219;consumable;Kallsmidd brygd (Hammare);;1-34;;Cooldown 1 vecka;Kräver att du är ung;-;;;;;;;;;Den kyliga drycken ger dig en ökad förståelse för din käraste stridskonst.
221;consumable;Kallsmidd brygd (Kätting);;1-34;;Cooldown 1 vecka;Kräver att du är ung;-;;;;;;;;;Den kyliga drycken ger dig en ökad förståelse för din käraste stridskonst.
222;consumable;Kallsmidd brygd (Svärd);;1-34;;Cooldown 1 vecka;Kräver att du är ung;-;;;;;;;;;Den kyliga drycken ger dig en ökad förståelse för din käraste stridskonst.
223;consumable;Kallsmidd brygd (Stav);;1-34;;Cooldown 1 vecka;Kräver att du är ung;-;;;;;;;;;Den kyliga drycken ger dig en ökad förståelse för din käraste stridskonst.
224;consumable;Kallsmidd brygd (Yxa);;1-34;;Cooldown 1 vecka;-;-;;;;;;;;;Den kyliga drycken ger dig en ökad förståelse för din käraste stridskonst.
268;consumable;Snaps;;1+;;Varaktighet 90 · Cooldown 0 sekunder;-;-5% yxor, -5% svärd, -5% hammare, -5% stavar, -5% sköldar, -5% stickvapen, -5% kättingvapen, +5% Styrka, -4 Initiativstyrka, +12 Provokation;;;;;;;;;En överbliven snaps från ett av Kejsarens kalas.
5;enchant;Kraftfullt Rubinfragment;;1+;1;-;-;-;;;;;;;;;
15;enchant;Elegant Safirfragment;;1+;1;-;-;+3 Bashälsa;;;;;;;;;
16;enchant;Kraftfullt Safirfragment;;1+;1;-;-;-;;;;;;;;;
26;enchant;Elegant Topasfragment;;1+;1;-;-;+2 Undvika anfall;;;;;;;;;
27;enchant;Kraftfullt Topasfragment;;1+;1;-;-;-;;;;;;;;;
37;enchant;Elegant Smaragdfragment;;1+;1;-;-;-;;;;;;;;;
38;enchant;Kraftfullt Smaragdfragment;;1+;1;-;-;+2 Initiativstyrka;;;;;;;;;
48;enchant;Elegant Opalfragment;;1+;1;-;-;+3 Styrka;;;;;;;;;
60;enchant;Kraftfullt Onyxfragment;;1+;1;-;-;-;;;;;;;;;
81;enchant;Slunga;;1+;1;-;-;-5 Undvika anfall, -4 vapenfärdigheten yxor, -4 vapenfärdigheten kättingvapen, -4 vapenfärdigheten hammare, -4 vapenfärdigheten stickvapen, -4 vapenfärdigheten stavar, -4 vapenfärdigheten svärd;;;;;;;;;
84;enchant;Kastkniv;;1+;1;-;-;-3 Initiativstyrka, -6 Styrka;;;;;;;;;
82;enchant;Kastyxa;;1+;1;-;-;-;;;;;;;;;
4;enchant;Elegant Rubinfragment;;1+;1;-;-;+1% Perfekt träff;;;;;;;;;
49;enchant;Kraftfullt Opalfragment;;1+;1;-;-;-;;;;;;;;;
59;enchant;Elegant Onyxfragment;;1+;1;-;-;+3 Uthållighet;;;;;;;;;
169;enchant;Uthållig kombattant;;1+;1;-;-;-;;;;;;;;;Efter otaliga strider med både med- och motgångar, där det har varit en krig att ibland ens få vara med och strida, har ljudet av striderna till slut tystnat. Taktiska genidrag där poäng har flödat och ebbat ut. Efter allt detta är denna sten det enda som finns kvar, som ryktet säger håller stridernas framgångar och taktiska genidrag inom sig.
30;jewelry;Vinnarnas Cirkel;Bracelet;4+;;Kritchans 0-1%;Kräver att du har bedriften Turneringsvinnare;+2% Perfekt träff, +1 Styrka, +1 Initiativstyrka;;;;;;;;;
1114;armor;Potatissäck;Chest;4+;;Vikt 5;-;+5 Bashälsa, -5 Undvika anfall;;;;;;;;;En säck med potatis. Ej färskpotatis.
1118;armor;Studentmössa;Head;4-34;150;Vikt 1;-;+1 Bashälsa, +2 Styrka, +3 Uthållighet, +50 Inlärningsförmåga, -20 Disciplin;;;;;;;;;Efter flera år av utbildning är intelligensen på topp.Nedlims - Studentmössa
247;consumable;Fasadens mixtur;;4+;;Cooldown 3 månader 3 veckor 5 dagar 14 timmar 10 minuter;-;-;;;;;;;;;
198;consumable;Svartdryck;;4-45;50;Varaktighet 360 · Cooldown 1 dag;-;+10 Inlärningsförmåga, +5 yxor;;;;;;;;;Svartdryck sägs ge en slags klarhet och ny kraft till den som dricker.
647;jewelry;Uppviglarens signum;Finger;5+;50;-;-;+1 Styrka, +5 Provokation;;;;;;;;;En enkel ring i trä som allt oftast spikas fast i ägarens finger som straff för uppror, eller annat käbbel mot stadens högre uppsatta.
180;jewelry;Blodalvsring;Finger;5+;200;-;Kräver att du är av rasen alv;+12 Styrka, -5 Initiativstyrka, -5 Undvika anfall, +5 Provokation;;;;;;;;;En förbannad ring som sägs förvränga det ädla alviska blodet. Sätter du den på ditt finger känns det som att det börjar koka i dig. Är det denna förbannelse som är upphovet till de som kallas blodalver?
1105;jewelry;Rovansk ring;Finger;5+;;Kritchans 0-1% · Träffchans +1 · Vikt -2;-;+1% Perfekt träff, -4 Bashälsa, +3 Initiativstyrka, +2 Undvika anfall, +10 Inlärningsförmåga;;;;;;;;;En uråldrig ring besmyckad med förgyllda rönnbär och en liten fågel vars blick sägs vaka över bäraren. Ringen sägs göra både kropp och själ lättare.Rykten om dess ursprung är många. Kanske är det sjökaptenen som hittade den på en exotisk ö och gav till sin dotter. Kanske är den kärleksfullt handgjord i den lokala smedjan.. svaret - det får vi aldrig veta.
243;consumable;Nyfikna visdomens svartdryck.;;5-45;50;Varaktighet 2880 · Cooldown 0 sekunder;-;+20 Inlärningsförmåga, +20 yxor;;;;;;;;;Av någon märklig anledning fick en okänd alkemist för sig att experimentera med denna saliga blandning. Ingen har lyckats återskapa denna tinkur, utan detta är det enda exemplaret.
243;jewelry;Armskydd av brons;Bracelet;7+;50;-;-;+3 Bashälsa, +2 Styrka;;;;;;;;;
175;jewelry;Radband;Neck;7+;200;-;Kräver att du är av rasen människa, Kräver att du är av rasen alv, Kräver att du är av rasen dvärg;+5 Uthållighet;;;;;;;;;
170;jewelry;Pärlhalsband;Neck;7+;200;-;Kräver att du är av rasen människa, Kräver att du är av rasen dvärg, Kräver att du är av rasen alv;+1 Bashälsa, +1 Styrka, +1 Uthållighet, +1 Initiativstyrka, +1 Undvika anfall;;;;;;;;;
91;jewelry;Alvsmidd silverring;Finger;8+;100;-;Kräver att du är av rasen alv, Kräver att du är av rasen människa;+2 Bashälsa, +2 Initiativstyrka;;;;;;;;;Från rikets östra skogar har Beren Delia fått en in lass med alvsmidda silverringar. Ringarna är mycket välgjorde och utan det minsta täcken på skråmor. Tyvärr är det enbart alver och människor som kan bära dessa ringar då ingen annna ras har tillräckligt smala fingrar.
90;jewelry;Gug Durbuls svartblodskedja;Neck;8+;60;-;Kräver att du är av rasen ork, Kräver att du är av rasen troll, Kräver att du är av rasen goblin;+3 Initiativstyrka, +1 Ledarskap, +5 Provokation;;;;;;;;;En kedja med insristade glåpord som svartblod brukar skrika innan strid.För vissa mindre begåvade svartblod fungerar denna kedja även som en bra ordbok när dem inte kan finna ordet.
850;jewelry;Liraks kallblodskedja;Neck;8+;90;-;Kräver att du är av rasen salamanth, Kräver att du är av rasen odöd;+1 Initiativstyrka, +2 Undvika anfall, +5 Ledarskap;;;;;;;;;En kedja som - vilket Lirak är mycket noga med att betona - härstammar från den beryktade Vulkanön.
1208;armor;Mästersmidd Onkhvävsjacka;Chest;8+;100;Block 4 · Vikt 1;80 Styrka;+2 Uthållighet;;;;;;;;;En mer välarbetad onkhväv av bättre kvalité, både till ursprung och hantverk.
676;weapon;Välvårdat jaktspjut;Spear;10+;100;Skada 5-12 · Krit 13 + (1% till 5%) · Kritchans 0-8% · Hållbarhet 34 · Block/runda 2 · Dual · Vikt 5 · Ench 1;55 Styrka, 110 Stickvapen (rek);+3% Perfekt träff, +5 stickvapen, +15 Initiativstyrka, +10 Inlärningsförmåga;Vapensmide 2;1 x Ekträ;1 x Jaktspjut;0;1000;;;;Efter att ha lagt timmar på att slipa och polera ditt jaktspjut ser det bättre ut än det någonsin har gjort. Durin själv hade blivit imponerad! Fortsätt ta hand om det på detta viset så kanske det hamnar i kejsarens förråd en dag.
674;weapon;Välvårdad bergshammare;Mace;10+;150;Skada 10-12 · Krit 13 + (10% till 10%) · Kritchans 0-1% · Hållbarhet 62 · Block/runda 2 · Dual · Vikt 15 · Ench 1;80 Styrka, 85 Hammare (rek);+6 Uthållighet, +10 Inlärningsförmåga;Vapensmide 2;1 x Stål;1 x Bergshammare;0;1000;;;;Om den vanliga bergshammaren är ett pålitligt redskap är en välvårdad sådan pålitligheten självt. Fortsätter du ta hand om din bergshammare på det sätt du hittills gjort kommer den aldrig svika dig och förmodligen aldrig gå sönder.
75;weapon;Besmyckat kortspjut;Spear;10+;170;Skada 8-10 · Krit 11 + (1% till 5%) · Kritchans 0-5% · Hållbarhet 41 · Block/runda 2 · Dual · Vikt 4 · Ench 1;50 Styrka, 105 Stickvapen (rek);+3% Perfekt träff, +5 stickvapen, +5 Undvika anfall, +5 Ledarskap;;;;;;;;;Detta utsmyckade spjut är mer effektivt i en strid än de vanliga kortspjuten som arenans noviser ofta bär med sig. Dess kortare längd gör det mer lätthanterligt, vilket är tacksamt såväl för nyare såsom mer erfarna krigare.De glimrande och skinande ädelstenarna i skaftet på detta spjut tycks ingjuta extra kvickhet i den som använder vapnet. Måhända är det bara en psykologisk effekt snarare än en magisk, men den är verklig likväl.
684;weapon;Välvårdad stridsslaga;Chain;10+;80;Skada 8-12 · Krit 13 + (25% till 50%) · Kritchans 0-5% · Hållbarhet 38 · Block/runda 2 · Vikt 9 · Ench 1;115 Styrka, 90 Kättingvapen (rek);+2% Perfekt träff, +5 kättingvapen, +10 Inlärningsförmåga;Vapensmide 2;1 x Stål;1 x Stridsslaga;0;1000;;;;Träet är välpolerat, järnet glänser i solen och vapnet är bättre balanserat än någonsin tidigare. Fortsätt ta hand om din stridsslaga på det här sättet så har du en trofast följeslagare livet ut.
677;weapon;Välvårdad jaktyxa;Axe;10+;100;Skada 6-13 · Krit 14 + (20% till 30%) · Kritchans 0-7% · Hållbarhet 47 · Block/runda 2 · Dual · Vikt 10 · Ench 1;75 Styrka, 95 Yxor (rek);+2% Perfekt träff, +7 yxor, +15 Inlärningsförmåga;Vapensmide 2;1 x Ekträ;1 x Jaktyxa;0;1000;;;;Jaktyxan går under många namn. Klyvaren av harar, rävslaktaren. ung tigerbane bara för att nämna några få...
765;weapon;Välvårdad eremitstav;Stave;10+;150;Skada 9-11 · Krit 12 + (10% till 10%) · Kritchans 0-7% · Hållbarhet 59 · Block/runda 2 · 2H · Vikt 6 · Ench 2;55 Styrka, 75 Stavar (rek);+10 stavar, +5 Undvika anfall, +10 Inlärningsförmåga;Vapensmide 2;1 x Ekträ;1 x Eremitstav;0;1200;;;;Ihärdigt polerande och putsande har gjort att denna stav blivit än bättre av flitigt användande. Fortsätt ta hand om den så kommer du ha en trofast följeslagare för resten av ditt liv.
218;weapon;Svartspjut;Spear;10+;140;Skada 6-14 · Krit 15 + (1% till 5%) · Kritchans 0-4% · Hållbarhet 36 · Block/runda 2 · Dual · Vikt 7 · Ench 1;Kräver att du är av rasen troll, Kräver att du är av rasen ork, Kräver att du är av rasen goblin, 65 Styrka, 95 Stickvapen (rek);+8 Initiativstyrka;;;;;;;;;Svartspjuten kännetecknas av sina sågtandade spetsar och grövre handtag. De är tillverkade för att åsamka smärta, något som brukar slå an en ton i de flesta svartblod. Trots vapnets brutalitet är det inget fel på hantverket och allt från grepp till spets håller hög kvalitet.
173;shield;Alvsköld;Shield;10+;245;Absorption 16 · Kritchans 0-2% · Hållbarhet 30 · Block/runda 2 · Vikt 2 · Ench 1;Kräver att du är av rasen alv, 45 Styrka, 75 Sköldar (rek);+5 sköldar, +15 Undvika anfall;Vapensmide 2;5 x Ekträ, 2 x Järn;;0;575;;;;
576;weapon;Solhammare;Mace;10+;105;Skada 7-13 · Krit 14 + (10% till 10%) · Kritchans 0-1% · Hållbarhet 59 · Block/runda 2 · Dual · Vikt 12 · Ench 1;Kräver att du är av rasen alv, Kräver att du är av rasen människa, 65 Styrka, 90 Hammare (rek);+4 hammare, +4 Styrka;;;;;;;;;Ett vackert vapen som ofta bärs av den mer högborne sorten och har således inte allt för ofta används i strid. Durin har kommit över ett parti, men med strikta order att de endast får användas av de mest ädla raser.
130;weapon;Svartgissel;Chain;10+;140;Skada 6-16 · Krit 17 + (20% till 40%) · Kritchans 0-4% · Hållbarhet 36 · Block/runda 2 · Vikt 13 · Ench 1;Kräver att du är av rasen ork, Kräver att du är av rasen troll, Kräver att du är av rasen goblin, 150 Styrka, 75 Kättingvapen (rek);+10 Styrka;Vapensmide 2;7 x Granträ, 2 x Järn, 1 x Stål;;0;550;;;;Denna variant på stridsgisslet har ett huvud som är tillverkat av svart stål, och skaftet är svärtat med tjära. Effekten är slående, och det extra greppet som tjärans kvarvarande klibbighet bidrar med gör att vapnet kan svingas med extra styrka.
500;weapon;Gruvhacka;Axe;10+;142;Skada 4-15 · Krit 16 + (20% till 40%) · Kritchans 0-7% · Hållbarhet 42 · Block/runda 2 · Dual · Vikt 12 · Ench 1;100 Styrka, 85 Yxor (rek);-;;;;;;;;;En rejäl gruvhacka från de nordligare delarna av kontinenten. Går utmärkt och svinga i strid och lämnar ingen åskådare obemärkt när ett slag träffar rätt.
686;weapon;Välvårdad stridsstav;Stave;10+;100;Skada 7-14 · Krit 15 + (10% till 10%) · Kritchans 0-7% · Hållbarhet 71 · Block/runda 2 · 2H · Vikt 8 · Ench 2;85 Styrka, 75 Stavar (rek);+5 Initiativstyrka, +5 Undvika anfall, +5 Inlärningsförmåga;Vapensmide 2;1 x Stål;1 x Stridsstav;0;1200;;;;En stridstav i en blandning av järn och ek.För den lite mer avancerade stavanvändaren. Kräver både händerna för att använda.
38;weapon;Besmyckad bredyxa;Axe;10+;150;Skada 8-11 · Krit 12 + (20% till 30%) · Kritchans 0-6% · Hållbarhet 51 · Block/runda 2 · Dual · Vikt 10 · Ench 1;60 Styrka, 95 Yxor (rek);+2% Perfekt träff, +5 yxor, +5 Inlärningsförmåga;;;;;;;;;Liknar en vanlig bredyxa men vid närmare anblick ser man att det är ett betydligt mer gediget hantverk.Skaftet är besmyckat med pärlor i olika färger och bäraren av en Besmyckad Bredyxa drar alltid till sig blickar från stadens mindre lyckligt lottade invånare.
36;weapon;Krigsyxa;Axe;10+;110;Skada 7-13 · Krit 14 + (20% till 30%) · Kritchans 0-6% · Hållbarhet 49 · Block/runda 2 · Dual · Vikt 11 · Ench 1;70 Styrka, 90 Yxor (rek);+1% Perfekt träff, +5 Styrka, +5 Initiativstyrka;Vapensmide 2;2 x Granträ, 2 x Stål;;0;700;;;;En klassisk yxa som har använts i strid sen tidernas begynnelse.När en vanlig gladiator har råd och erfarenhet nog att köpa en Krigsyxa, gör denne det med stolthet. Det visar på att gladiatorn har överkommit de första stegen i arenans hänsynslösa värld.
71;weapon;Glav;Spear;10+;100;Skada 2-13 · Krit 14 + (1% till 5%) · Kritchans 0-8% · Hållbarhet 20 · Block/runda 2 · Dual · Vikt 6 · Ench 1;70 Styrka, 110 Stickvapen (rek);+20 Initiativstyrka, -15 Undvika anfall;;;;;;;;;Glaven liknar ett kortsvärd på ett långt skaft. Den är därför lika effektiv att hugga som att sticka med. Vissa gladiatorer tänker att de kan hålla motståndet borta genom att svinga glaven vilt, vilket ibland fungerar men är väldigt riskabelt eftersom det är ganska svårt att justera sin stans när man är i mitt i en sån manöver.
26;weapon;Dvärgisk krigsyxa;Axe;10+;250;Skada 8-13 · Krit 14 + (25% till 35%) · Kritchans 0-6% · Hållbarhet 49 · Block/runda 2 · Dual · Vikt 11 · Ench 1;Kräver att du är av rasen dvärg, 90 Styrka, 115 Yxor (rek);+3% Perfekt träff, +8 yxor, +4 Uthållighet;;;;;;;;;Den Dvärgiska Krigsyxan är skapad av och för dvärgar. Det ovanligt tjocka skaftet gör det omöjligt för någon annan ras att bära detta vapen. I den dvärgiska kulturen är det sed att yxan vandrar från far till son efter den förres bortgång. Den nya ägaren får då lov att rista in sina initialer på skaftet. En Dvärgisk Krigsyxa är utformad på ett sätt som gör den mer hanterbar för dvärgars relativt små och tjocka händer, vilket gör att man mer sällan fumlar med en Dvärgisk krigsyxa än de flesta andra yxor.
25;weapon;Ökenyxa;Axe;10+;95;Skada 7-12 · Krit 13 + (0% till 0%) · Kritchans 0-7% · Hållbarhet 44 · Block/runda 2 · Dual · Vikt 6 · Ench 1;55 Styrka, 105 Yxor (rek);+2% Perfekt träff, +5 yxor, +5 Undvika anfall;;;;;;;;;"Den gråbruna färgen i Ökenyxans egg kommer från processen av att blanda i små mängder sand under gjutningen. Handelsmännen från söder försöker alltid sälja in sanden från sina riken som den ""bästa"" sanden, men i själva verket är merparten av de erfarna smederna ense om att sand och yxor inte bör beblandas."
206;weapon;Dvärgisk stridshammare;Mace;10+;320;Skada 10-14 · Krit 15 + (15% till 15%) · Kritchans 0-2% · Hållbarhet 55 · Block/runda 2 · Dual · Vikt 13 · Ench 1;Kräver att du är av rasen dvärg, 75 Styrka, 90 Hammare (rek);+5 hammare, -5 Initiativstyrka;;;;;;;;;Denna stridshammare har ett kort skaft och ett tungt huvud, väl anpassad för dvärghänder men i det närmsta obrukbar av någon annan. Dvärgsmederna använder speciella tekniker för att göra hammarens huvud extra kompakt, och de skyddar dessa hemligheter väl.
575;weapon;Förstärkt stridsstav;Stave;10+;150;Skada 8-11 · Krit 12 + (10% till 10%) · Kritchans 0-7% · Hållbarhet 86 · Block/runda 2 · 2H · Vikt 8 · Ench 2;Kräver att du är av rasen dvärg, Kräver att du är av rasen alv, Kräver att du är av rasen människa, 50 Styrka, 80 Stavar (rek);+10 stavar, +5 Initiativstyrka;;;;;;;;;En klassisk stridsstav stöpt i en mer defensiv form för att tåla diverse tillhyggen.
573;weapon;Enkel svartstav;Stave;10+;120;Skada 7-15 · Krit 16 + (10% till 10%) · Kritchans 0-7% · Hållbarhet 66 · Block/runda 2 · 2H · Vikt 10 · Ench 2;Kräver att du är av rasen goblin, Kräver att du är av rasen ork, Kräver att du är av rasen troll, 110 Styrka, 60 Stavar (rek);+5 stavar, +5 Styrka, +5 Initiativstyrka;;;;;;;;;En mindre variant av Gug Durbuls svartstav, mer lämpad åt mindre erfarna gladiatorer.
10;weapon;Ulvsnittare;Spear;10+;90;Skada 4-8 · Krit 9 + (1% till 5%) · Kritchans 0-3% · Hållbarhet 59 · Block/runda 2 · Dual · Vikt 3 · Ench 1;40 Styrka, 100 Stickvapen (rek);+5 stickvapen;Vapensmide 2;2 x Granträ, 2 x Järn, 2 x Stål;;0;550;;;;Ulvsnittaren är kort men bastant med ett krökt blad. Den är endast något längre än en vanlig dolk men trots detta kan den med det krökta bladet åstadkomma rejäla skador. Från början tillverkades dessa knivar av ulvjägare från norr, och de bastanta, krökta bladen gjorde det mycket lättare att flå de tjockpälsade ulvarna. Numera används de även av vanliga gladiatorer, men undviks dock ofta av alver på grund av det makabra utseendet.
962;weapon;Bevandrad krigsyxa;Axe;10+;110;Skada 9-13 · Krit 14 + (20% till 30%) · Kritchans 0-6% · Hållbarhet 46 · Block/runda 2 · Dual · Vikt 11 · Ench 1;70 Styrka, 90 Yxor (rek);+1% Perfekt träff, +5 Styrka, +5 Initiativstyrka;;;;;;;;;En klassisk yxa som har använts i strid sen tidernas begynnelse.När en vanlig gladiator har råd och erfarenhet nog att köpa en Krigsyxa, gör denne det med stolthet. Det visar på att gladiatorn har överkommit de första stegen i arenans hänsynslösa värld.
963;weapon;Bevandrat skymningsgissel;Chain;10+;90;Skada 9-14 · Krit 15 + (20% till 50%) · Kritchans 0-5% · Hållbarhet 37 · Block/runda 2 · Vikt 12 · Ench 1;125 Styrka, 80 Kättingvapen (rek);-;;;;;;;;;Det finns två teorier om varifrån detta vapen har fått sitt namn. Den första är att den mörka metallen i huvudet ger associationer till natten och mörker. Den andra, kanske något mer skämtsam, är att detta vapen inte sällan signalerar att motståndarens ”skymning” är kommen.
965;weapon;Bevandrad gladiatorstav;Stave;10+;50;Skada 11-13 · Krit 14 + (10% till 10%) · Kritchans 0-7% · Hållbarhet 65 · Block/runda 2 · 2H · Vikt 7 · Ench 2;60 Styrka, 80 Stavar (rek);+10 stavar, +5 Initiativstyrka;;;;;;;;;Inga kompromisser men heller inget överflöd.En stabil stav som fungerar lika väl för den erfarne, som för nybörjaren. Köp den för en resonlig summa mynt och Gladiatorstaven kommer inte svika dig i striden.
108;weapon;Skymningshammare;Mace;10+;115;Skada 8-14 · Krit 15 + (10% till 10%) · Kritchans 0-1% · Hållbarhet 57 · Block/runda 2 · Dual · Vikt 14 · Ench 1;80 Styrka, 70 Hammare (rek);-;;;;;;;;;Ett huvud av svart sten, på vilket enkla runor finns inristat, fäst i ett skaft av granträ. Skymningshammaren är ett enkelt vapen, men den svarta stenen ger ett illavarslande intryck.
964;weapon;Bevandrad molnhammare;Mace;10+;160;Skada 8-13 · Krit 14 + (10% till 10%) · Kritchans 0-1% · Hållbarhet 51 · Block/runda 2 · Dual · Vikt 12 · Ench 1;60 Styrka, 85 Hammare (rek);+3 hammare;;;;;;;;;Namnet kommer från denna hammares osedvanliga lätthet. Avsaknaden av tyngd gör hammaren lätt att svinga, men å andra sidan orsakar den inte lika katastrofala skador som tyngre varianter.Viktreduceringen härrör mest från att Durin bearbetat metallen till huvudet på ett experimentellt sätt som sänker dess densitet utan att inkräkta allt för mycket på dess stabilitet.
967;weapon;Bevandrad ulvsnittare;Spear;10+;90;Skada 6-8 · Krit 9 + (1% till 5%) · Kritchans 0-3% · Hållbarhet 59 · Block/runda 2 · Dual · Vikt 3 · Ench 1;40 Styrka, 100 Stickvapen (rek);+5 stickvapen;;;;;;;;;Ulvsnittaren är kort men bastant med ett krökt blad. Den är endast något längre än en vanlig dolk men trots detta kan den med det krökta bladet åstadkomma rejäla skador. Från början tillverkades dessa knivar av ulvjägare från norr, och de bastanta, krökta bladen gjorde det mycket lättare att flå de tjockpälsade ulvarna. Numera används de även av vanliga gladiatorer, men undviks dock ofta av alver på grund av det makabra utseendet.
492;weapon;Vredeshammare;Mace;10+;225;Skada 9-33 · Krit 34 + (1% till 5%) · Kritchans 0-7% · Hållbarhet 90 · Block/runda 2 · 2H · Vikt 23 · Ench 2;150 Styrka, 75 Hammare (rek);+2% Perfekt träff, +10 Styrka, -10 Initiativstyrka, +10 Provokation;;;;;;;;;Fjärran länders orker ses svinga dessa monstruösa skapelser redan från unga år. Slagen som utdelas har en förödande kraft, men är ofta lätta för motståndet att hinna uppmärksamma. Hammarens hiskeliga utseende sägs också uppmuntra även omgivningen till strid.
482;shield;Svartstålsbucklare;Shield;10+;240;Absorption 13 · Kritchans 0-1% · Hållbarhet 51 · Block/runda 2 · Vikt 14 · Ench 1;Kräver att du är av rasen goblin, Kräver att du är av rasen ork, Kräver att du är av rasen troll, 120 Styrka, 35 Sköldar (rek);+6 Bashälsa, +3 Styrka;Vapensmide 2;5 x Järn, 4 x Stål;;0;550;;;;En liten, makaber bucklare gjord av sammansvetsade plåtar av svartstål. Tung och otymplig, men skyddar bra mot slag.
74;weapon;Gladiatorspjut;Spear;10+;156;Skada 5-13 · Krit 14 + (1% till 5%) · Kritchans 0-6% · Hållbarhet 37 · Block/runda 2 · Dual · Vikt 5 · Ench 1;55 Styrka, 105 Stickvapen (rek);+2% Perfekt träff, +12 Initiativstyrka;;;;;;;;;Ett blygsamt utsmyckat spjut som designats specifikt för att användas av gladiatorer. Det sägs att de första legendariska gladiatorerna använde sig av spjut och det är en stark tradition som lever kvar bland många gladiatorer än idag.
296;weapon;Goblinsk tvåhandshammare;Mace;10+;100;Skada 18-25 · Krit 26 + (1% till 5%) · Kritchans 0-7% · Hållbarhet 85 · Block/runda 2 · 2H · Vikt 16 · Ench 2;Kräver att du är av rasen goblin, 120 Styrka, 75 Hammare (rek);+4 Bashälsa;;;;;;;;;Gobliner är små till växten så denna tvåhandshammare hade varit ett enhandsvapen för de flesta andra. Dock är den väldigt underligt balanserad, på ett sätt som är anpassat för gobliners styrkefördelning men gör att den är oerhört klumpig för de flesta andra.
175;weapon;Escrimastav;Stave;10+;115;Skada 5-16 · Krit 17 + (10% till 10%) · Kritchans 0-7% · Hållbarhet 61 · Block/runda 2 · 2H · Vikt 9 · Ench 2;90 Styrka, 70 Stavar (rek);+5 stavar, +5 Initiativstyrka;;;;;;;;;Denna lite kortare stav används av utövare av en särskild kampstil från ett fjärran land. Även utan träning är staven ett mycket effektivt vapen som kan orsaka förvånansvärt stora skador, men i händerna på en mästare är den rent dödlig.
129;weapon;Stor slaga;Chain;10+;100;Skada 7-28 · Krit 29 + (10% till 20%) · Kritchans 0-7% · Hållbarhet 50 · Block/runda 2 · 2H · Vikt 21 · Ench 2;100 Styrka, 85 Kättingvapen (rek);+1% Perfekt träff, +5 kättingvapen;Vapensmide 2;1 x Granträ, 2 x Ekträ, 3 x Järn;;0;1050;;;;Den stora slagan gör verkligen skäl för sitt namn. Med ett skaft av massiv ek, närmre en meter långt, och ett huvud som väger mer än en nyfödd trollunge är det bland de tyngsta vapen Durin har i sitt sortiment. Den som väljer en stor slaga som sitt vapen har förmodligen ett enda mål i sikte – att döda.
148;weapon;Gladiatorstav;Stave;10+;50;Skada 9-13 · Krit 14 + (10% till 10%) · Kritchans 0-7% · Hållbarhet 65 · Block/runda 2 · 2H · Vikt 7 · Ench 2;60 Styrka, 80 Stavar (rek);+10 stavar, +5 Initiativstyrka;Vapensmide 2;3 x Ekträ;;0;1200;;;;Historiskt har de kämpar som överlevt på arenans stekheta sand och fått den åtråvärda titeln gladiator belönas med just en gladiatorstav. Länge behandlades staven mer som en statussymbol på stadens gator än en vapen i stadens arena. Staven går dock utmärkt att använda i strid och ska inte underskattas.
568;weapon;Litet stridsstandar;Stave;10+;330;Skada 1 · Krit 2 + (10% till 10%) · Hållbarhet 40 · Block/runda 2 · Dual · Vikt 3 · Ench 1;40 Styrka;+10 Undvika anfall, +40 Ledarskap;;;;;;;;;Det lilla stridsstandaret är en kompakt men kraftfull symbol för individuell styrka och beslutsamhet. Till skillnad från sin större motsvarighet används detta mindre standar ofta för att markera en gladiators personliga triumfer eller för att inspirera mindre grupper i strid.
126;weapon;Svartblodsslaga;Chain;10+;76;Skada 5-30 · Krit 31 + (10% till 15%) · Kritchans 0-7% · Hållbarhet 45 · Block/runda 2 · 2H · Vikt 23 · Ench 2;Kräver att du är av rasen ork, Kräver att du är av rasen troll, 125 Styrka, 70 Kättingvapen (rek);+5 Bashälsa;;;;;;;;;Detta vapen är för stort, tungt och klumpigt för att kunna användas effektivt av någon utom de största svartbloden. Den som är kapabel att svinga det har dock ett fruktansvärt vapen i sina händer, och svartblodsslagan har avslutat många gladiatorers karriär i förtid. Spikarna på huvudet är i det närmsta överflödiga, men försäkrar att det som träffas med ett klockrent slag kommer förintas fullständigt.
37;weapon;Pålyxa;Axe;10+;140;Skada 13-24 · Krit 25 + (8% till 8%) · Kritchans 0-7% · Hållbarhet 65 · Block/runda 2 · 2H · Vikt 16 · Ench 2;100 Styrka, 85 Yxor (rek);+5 yxor, +5 Initiativstyrka;Vapensmide 2;1 x Granträ, 2 x Ekträ, 1 x Järn, 1 x Stål;;0;950;;;;Pålyxan tillhör standardutrustningen för stadens vakter. Alltför många busar och svindlare har tvingats till lydnad under Pålyxans hotelser.
257;weapon;Lätt svärdstav;Sword;10+;60;Skada 15-16 · Krit 17 + (1% till 5%) · Kritchans 0-7% · Hållbarhet 75 · Block/runda 2 · 2H · Vikt 9 · Ench 2;Kräver att du är av rasen alv, 60 Styrka, 80 Svärd (rek);+10 svärd, +10 Undvika anfall;;;;;;;;;En enklare svärdstav för de lite mindre stridserfarna alverna.
112;weapon;Orkisk spikklubba;Mace;10+;180;Skada 6-15 · Krit 16 + (10% till 10%) · Kritchans 0-2% · Hållbarhet 49 · Block/runda 2 · Dual · Vikt 14 · Ench 1;Kräver att du är av rasen ork, Kräver att du är av rasen troll, 80 Styrka, 75 Hammare (rek);+5 Styrka;;;;;;;;;En till synes enkel klubba bestående av ett rejält stycke trä och en fastspikad kedja i metall. Däremot stoppar den enkla utformningen inte vapnet från att göra rejält med skada i rätt händer. Materialvalet gör dock att klubban inte är särskilt tålig.
54;weapon;Bastardsvärd;Sword;10+;160;Skada 13-17 · Krit 18 + (1% till 5%) · Kritchans 0-7% · Hållbarhet 90 · Block/runda 2 · 2H · Vikt 11 · Ench 2;90 Styrka, 75 Svärd (rek);+5 svärd, +10 Undvika anfall;;;;;;;;;Detta svärd har fått sitt namn på grund av att det är längre än ett enhandssvärd och kortare än ett tvåhandssvärd, alltså en bastard mellan de två. De flesta behöver därför träna med det innan de vänjer sig vid den något besvärliga längden.
145;weapon;Skogsstav;Stave;10+;13;Skada 2-4 · Krit 5 + (10% till 10%) · Kritchans 0-7% · Hållbarhet 55 · Block/runda 2 · 2H · Vikt 3 · Ench 2;30 Styrka, 45 Stavar (rek);+5 stavar;;;;;;;;;Denna stav fyller många syften - vapen, meditationsredskap, vandringsstav och allmänt tillhygge. I Stenhem är dock det absolut vanligaste att se den användas som vapen, något den är särskilt effektiv till.
489;weapon;Välvårdat storsvärd;Sword;10+;250;Skada 13-18 · Krit 19 + (1% till 5%) · Kritchans 0-7% · Hållbarhet 80 · Block/runda 2 · 2H · Vikt 12 · Ench 2;90 Styrka, 80 Svärd (rek);+10 svärd, +10 Undvika anfall, +5 Inlärningsförmåga;Vapensmide 2;1 x Stål;1 x Storsvärd;0;1200;;;;Det lönar sig att ta hand om sin utrustning. En gladiators vapen är en förlängning av dem själv, och de som inte vårdar sina vapen riskerar trubbiga klingor, bindningar som släpper och andra missöden. Det här storsvärdet är älskat, och presterar därefter.
502;weapon;Lövbesmyckad piska;Chain;10+;200;Skada 5-13 · Krit 14 + (50% till 100%) · Kritchans 0-10% · Hållbarhet 37 · Block/runda 2 · Dual · Vikt 1 · Ench 1;Kräver att du är av rasen alv, Kräver att du är av rasen människa, 50 Styrka, 115 Kättingvapen (rek);+4% Perfekt träff, +5 kättingvapen, +5 Undvika anfall;;;;;;;;;I fjärran skogar hörs om skogsalver vars mörka hemtrakter gjort dem även mörka i sinnet. Ryktet säger att dessa piskor härstammar från dessa alver, att hantverket är av alviskt ursprung kan de lärde bekräfta, men deras användningsområde är omtvistat ...
110;weapon;Besmyckad Hammare;Mace;10+;130;Skada 8-15 · Krit 16 + (10% till 10%) · Kritchans 0-2% · Hållbarhet 68 · Block/runda 2 · Dual · Vikt 15 · Ench 1;85 Styrka, 75 Hammare (rek);-;;;;;;;;;Vissa gladiatorer har för vana att besmycka sina vapen, antingen för sin egen skull eller för publikens skull. Det finns få saker som gör publiken lika uppspelt som att se solens strålar glittra i ett juvelbeklätt vapen innan det slår in skallen på en gladiator. Denna hammare är ett sådant vapen.
589;weapon;Tandad svartyxa;Axe;10+;120;Skada 9-12 · Krit 13 + (20% till 30%) · Kritchans 0-5% · Hållbarhet 49 · Block/runda 2 · Dual · Vikt 11 · Ench 1;Kräver att du är av rasen ork, Kräver att du är av rasen troll, Kräver att du är av rasen goblin, 115 Styrka, 90 Yxor (rek);+1% Perfekt träff, +8 Styrka;;;;;;;;;En yxa vars egg tandats för att inte bara tränga in i motståndarens kropp, utan också få med sig så mycket som möjligt när yxan rycks ut.
111;weapon;Molnhammare;Mace;10+;160;Skada 6-13 · Krit 14 + (10% till 10%) · Kritchans 0-1% · Hållbarhet 51 · Block/runda 2 · Dual · Vikt 12 · Ench 1;60 Styrka, 85 Hammare (rek);+3 hammare;Vapensmide 2;2 x Granträ, 2 x Järn, 2 x Stål;;0;900;;;;Namnet kommer från denna hammares osedvanliga lätthet. Avsaknaden av tyngd gör hammaren lätt att svinga, men å andra sidan orsakar den inte lika katastrofala skador som tyngre varianter.Viktreduceringen härrör mest från att Durin bearbetat metallen till huvudet på ett experimentellt sätt som sänker dess densitet utan att inkräkta allt för mycket på dess stabilitet.
294;weapon;Goblinsk hammare;Mace;10+;130;Skada 7-12 · Krit 13 + (10% till 10%) · Kritchans 0-1% · Hållbarhet 60 · Block/runda 2 · Dual · Vikt 11 · Ench 1;Kräver att du är av rasen goblin, 65 Styrka, 85 Hammare (rek);+4 Styrka, +4 Tur;Vapensmide 2;2 x Granträ, 3 x Ekträ, 2 x Järn;;0;850;;;;Det är ovanligt att gobliner är framstående smeder, men det är desto fler som doppar tårna i smideskonsten genom att bygga enklare vapen. Denna hammare är ett sådant redskap - ett stenhuvud som fästs vid ett skaft av sandhemskt meskit-trä. Enkelt, och som de flesta andra goblinvapen svårt för andra raser att använda.
109;weapon;Tvåhandshammare;Mace;10+;124;Skada 12-30 · Krit 31 + (1% till 5%) · Kritchans 0-7% · Hållbarhet 80 · Block/runda 2 · 2H · Vikt 24 · Ench 2;135 Styrka, 65 Hammare (rek);-;Vapensmide 2;1 x Granträ, 1 x Ekträ, 2 x Järn, 2 x Stål;;0;1000;;;;Ett tungt huvud av sten, fäst på ett halvannan meter långt skaft av ek. Det är vad denna hammare består av, men den representerar något annat – fruktan. Få gladiatorer ler när de ser detta vapen i sin motståndares händer. Skadorna den kan orsaka är katastrofala, och många är de som dumdristigt tänkt att de kan stå emot ett par smällar från en tvåhandshammare. Det är ofta den sista tanken de tänker.
125;weapon;Besmyckad piska;Chain;10+;60;Skada 6-13 · Krit 14 + (40% till 80%) · Kritchans 0-10% · Hållbarhet 33 · Block/runda 2 · Dual · Vikt 3 · Ench 1;45 Styrka, 105 Kättingvapen (rek);+4% Perfekt träff, +5 kättingvapen;;;;;;;;;Med ett handtag omsorgsfullt tillverkat av finaste kattskinn och skira silvertrådar inflätade i svansen är det uppenbart att denna piska tillverkats av någon som kan sin sak. Den är något tyngre än en vanlig piska men är mer välbalanserad.
11;weapon;Hjälmkrossare;Mace;10+;100;Skada 9-12 · Krit 13 + (10% till 10%) · Kritchans 0-1% · Hållbarhet 58 · Block/runda 2 · Dual · Vikt 14 · Ench 1;75 Styrka, 65 Hammare (rek);-;;;;;;;;;Detta vapen är speciellt gjort för att tränga igenom och öppna stora revor i rustningen. Hjälmkrossaren är ungefär 2 människofot lång, dess huvud är tungt och helt i järn med fyra stycken vassa metallskenor på. Tyngden från järnhuvudet och skenornas skärpa gör det till en effektiv pansarbrytare.
588;weapon;Liten stridsyxa;Axe;10+;110;Skada 6-13 · Krit 14 + (0% till 0%) · Kritchans 0-8% · Hållbarhet 44 · Block/runda 2 · Dual · Vikt 7 · Ench 1;50 Styrka, 105 Yxor (rek);+3% Perfekt träff, +8 yxor, +5% Undvika anfall;;;;;;;;;För den som har önskan om att bära en stridsyxa men inte riktigt har styrkan till det så kommer liten stridsyxa väl till pass för att fylla begäret.
976;weapon;Salamanthglav;Spear;10+;115;Skada 6-12 · Krit 13 + (1% till 5%) · Kritchans 0-6% · Hållbarhet 23 · Block/runda 2 · Dual · Vikt 5 · Ench 1;Kräver att du är av rasen salamanth, 65 Styrka, 100 Stickvapen (rek);+20 Initiativstyrka, -15 Undvika anfall;;;;;;;;;Detta vapen skapades när salamantherna kom till Stenhem, för att ära den nykomna rasen. Det är efter bästa förmåga utformat så som en smed från Stenhem tänker sig att ett djungelvapen ser ut, och bär därför inte riktigt med sig den nostalgi för hemlandet som det var tänkt. Det är ändå ett flitigt använt vapen bland salamanther, helt enkelt för att det är välbyggt och ordentligt.
909;weapon;Härdat stålnät;Chain;10+;165;Skada 3-5 · Krit 6 + (0% till 0%) · Kritchans 0-4% · Hållbarhet 44 · Block/runda 2 · Dual · Vikt 5 · Ench 1;55 Styrka, 110 Kättingvapen (rek);+2% Perfekt träff, +5 Uthållighet, +5 Undvika anfall;Vapensmide 2;3 x Granträ, 1 x Järn, 2 x Stål;;0;1000;;;;Ett nät gjort av sammanlänkade kedjor i härdat stål. För att göra nätet än mer effektivt och skräckinjagande har slipade metalkrokar tillsats för att kunna haka tag i motståndare som är olyckliga nog att få detta kastat över sig.
966;weapon;Bevandrat långsvärd;Sword;10+;120;Skada 9-10 · Krit 11 + (1% till 5%) · Kritchans 0-2% · Hållbarhet 66 · Block/runda 2 · Dual · Vikt 7 · Ench 1;50 Styrka, 95 Svärd (rek);+10 svärd;;;;;;;;;Långsvärdet är ett mångsidigt och dödligt vapen som är en vanlig syn i Stenhems arena. Med sin långa vassa klinga och sitt stadiga hjalt kan svärdet leverera dödliga slag till fiender både i extrem närstrid och på lite längre avstånd. Den balanserade vikten och imponerande räckvidden gör det lätt för erfarna krigare att både parera inkommande attacker och slå tillbaks med överraskande snabbhet.
501;weapon;Besudlat krigssvärd;Sword;10+;165;Skada 6-13 · Krit 14 + (1% till 5%) · Kritchans 0-3% · Hållbarhet 70 · Block/runda 2 · Dual · Vikt 10 · Ench 1;Kräver att du är av rasen ork, Kräver att du är av rasen troll, Kräver att du är av rasen goblin, 70 Styrka, 75 Svärd (rek);+6 Bashälsa;;;;;;;;;Ett mannasmitt krigssvärd som burits av orker. Svartblodens prägel går inte att missta då klingan missfärgats och enfaldigt ristade symboler löper längs med bladet.
79;jewelry;Elefantmantel;Back;10+;100;Vikt 1;100 Styrka, Kräver att du är av rasen ork, Kräver att du är av rasen troll, Kräver att du är av rasen goblin;+5 Styrka;;;;;;;;;En mantel vävd av gammal elefanthud, ett otroligt slittåligt material med vissa magiska egenskaper. Stanken denna mantel utsöndrar gör att enbart svartblod kan bära den.
78;jewelry;Alvernas mantel;Back;10+;100;Vikt 1;Kräver att du är av rasen alv;+5 Bashälsa;;;;;;;;;En mycket värdefull och fin mantel av silke. Baren Delia säljer enbart denna mantel till alver då han anser att ingen annan ras är värdig att bära den.Alvernas mantel sägs ge vissa magiska egenskaper till dess ägare.
80;jewelry;Röd Stridsmantel;Back;10+;100;Vikt 1;-;+1 Bashälsa, +1 Styrka, +1 Uthållighet, +1 Undvika anfall;;;;;;;;;Få plagg är lika synonymt med en gladiator som den Röda Stridsmanteln. Den är ett dagligt inslag på arenan och väcker alltid uppmärksamhet och avund hos publiken.
737;armor;Axelskydd av pärlvaran;Shoulders;10+;;Block 3;60 Styrka;+1 Bashälsa, +1 Undvika anfall;;;;;;;;;Ett vackert axelskydd av välarbetat läder från en dräpt pärlvaran.
57;jewelry;Vargpäls;Back;10+;20;Vikt 3;-;+5 Initiativstyrka;;;;;;;;;Lika skräckinjagande som när den levde. Nu vilandes kring dina axlar.
177;jewelry;Svart amulett;Amulet;10+;200;-;Kräver att du är av rasen troll, Kräver att du är av rasen ork, Kräver att du är av rasen goblin;+2% Perfekt träff, +3 Bashälsa;;;;;;;;;
636;jewelry;Drakormsring;Finger;10+;100;-;-;+2 yxor, +2 svärd, +2 hammare, +2 stavar, +2 sköldar, +2 stickvapen, +2 kättingvapen, +1 Initiativstyrka, +1 Undvika anfall;Föremålssmide 2;2 x Drakfjäll;;0;900;;;;Sällsynt material och oerhörd precision krävs för att tillverka en ring likt denna. Ringen sägs spegla attribut hos den drake vars delar använts vid tillverkningen.
176;jewelry;Guldamulett;Amulet;10+;200;-;Kräver att du är av rasen människa, Kräver att du är av rasen alv, Kräver att du är av rasen dvärg;+2% Perfekt träff, +3 Undvika anfall;;;;;;;;;
637;jewelry;Drakynglingsring;Finger;10+;100;-;-;+2 yxor, +2 svärd, +2 hammare, +2 stavar, +2 sköldar, +2 stickvapen, +2 kättingvapen, +2 Bashälsa, +1 Styrka;Föremålssmide 2;2 x Drakfjäll;;0;900;;;;Sällsynt material och oerhörd precision krävs för att tillverka en ring likt denna. Ringen sägs spegla attribut hos den drake vars delar använts vid tillverkningen.
266;jewelry;Tjuvens besmyckade mantel;Back;10+;500;Vikt 1;-;+10 Undvika anfall;;;;;;;;;En mantel lika mörk som natten. Det tycks vara svårt att hålla blicken på denna mantel någon längre stund, då ögonen aldrig vill vila på den.
646;armor;Besmyckat ringbrynjeharnesk;Chest;10+;200;Block 4 · Vikt 1;-;+3 Undvika anfall;;;;;;;;;
569;jewelry;Etsad träring;Finger;10+;110;-;-;+2 Initiativstyrka, +2 Undvika anfall;Föremålssmide 2;4 x Granträ, 1 x Elementsav;;0;600;;;;En enkel ring av trä som etsats med diverse symboler för att ge bäraren lycka.
301;jewelry;Pälsmantel;Back;10+;;Vikt 1;-;+5 Uthållighet;Föremålssmide 2;4 x Päls;;0;400;;;;En rustik mantel i vargpäls som värmer på kalla nätter i arenan.
703;armor;Guldbesmyckad tygbyxa;Legs;10+;;Block 2;50 Styrka;+2 Uthållighet;;;;;;;;;
495;jewelry;Blotband;Bracelet;10+;;Vikt 1;-;-4 Bashälsa, +6 Styrka, +5 Ledarskap;;;;;;;;;
502;jewelry;Blodstensarmband;Bracelet;10+;150;-;-;+3 Bashälsa, +7 Provokation;;;;;;;;;Ett armband i guld prytt med blodstenar vilket ger den ett intensivt rött sken. Dessa stenar sägs ha förmågan att driva närstående varelser till vansinne.
577;jewelry;Träpendant;Neck;10+;110;-;-;+3 Undvika anfall;Föremålssmide 2;3 x Granträ;;0;800;;;;En enkel berlock i trä i en läderrem att hänga runt halsen.
81;jewelry;Sorgmantel;Back;10+;500;Vikt 1;-;+6 Undvika anfall;Föremålssmide 2;1 x Eryfias tårar;;0;500;;;;Tråden som doppats i en sorgsen alvs tårar får manteln att glittra likt stjärnor mot det midvinternatt svarta tyget och döljer bäraren i skuggorna av arenan. Manteln används traditionsenligt på begravningar av vissa alvsläkten då de mist en nära vän eller familjemedlem. Samtidigt som deras tårar faller ner i tyget syr de dessa svarta mantlar som har av förklarliga skäl fått namnet Sorgmantel.
300;jewelry;Armkedja i mithril;Bracelet;10+;;-;-;+3 Bashälsa, +3 Undvika anfall;Föremålssmide 2;2 x Läder, 1 x Flytande guld;;0;350;;;;En vackert smiden armkedja av finaste mithril, eller alvsilver som det också kallas.
520;jewelry;Päls från apellonisk bjorc;Back;10+;100;Vikt 1;-;+2 Bashälsa, +2 Uthållighet, +2 Undvika anfall;;;;;;;;;"""En ynka silvergrå pälsbit från manen från den Apelloniska Bjorcen"", kanske du tänker?Men otaliga duktiga krigare har dött mot Bjorcen utan att ens krökt ett hår från dess rygg. Att stolt kunna visa upp denna vackra päls ingjuter en viss respekt hos kamrater såväl som motståndare.Pälsen är mörk i tonen och tämligen sträv.Det kanske mest fascinerade med pälsen från den Apelloniska Bjorcen är dess styrka. Knappt ens ett troll kan med dess fulla kraft slita sönder håret från Bjorcen."
292;armor;Midsommarkrans;Head;10+;;Block 1;-;+3 Bashälsa, -5 Ledarskap, +5 Provokation;;;;;;;;;Ett sant sommartecken, även bland gladiatorerna.Att bära den i strid ses dock som ett hån mot både sina motståndare och medkämpar.
689;armor;Mästersmidd Onkhvävsjacka;Chest;10+;100;Block 4 · Vikt 1;80 Styrka;+2 Uthållighet;;;;;;;;;En mer välarbetad onkhväv av bättre kvalité, både till ursprung och hantverk.
758;jewelry;Glänsande Zurins Sigil;Trinket;10+;200;-;Kräver att du har bedriften Stridens Gladiator;+3 Bashälsa, +3 Initiativstyrka, +5 Inlärningsförmåga, +5 Tur, +5 Ledarskap;;;;;;;;;Ett föremål som delades ut i en turnering för ära och berömmelse på Zurins årsdag.
759;jewelry;Glänsande Själasten;Neck;10+;150;Kritchans 0-2%;-;+1% Perfekt träff, +5 Inlärningsförmåga, +5 Tur;;;;;;;;;Ett föremål som delades ut i en turnering för ära och berömmelse på Zurins årsdag.
690;armor;Mästersmidda Onkhvävsskor;Feet;10+;100;Block 3;80 Styrka;+2 Bashälsa;;;;;;;;;En mer välarbetad onkhväv av bättre kvalité, både till ursprung och hantverk.
701;armor;Guldbesmyckad tygjacka;Chest;10+;;Block 2;50 Styrka;+2 Styrka, +1 Initiativstyrka;;;;;;;;;
702;armor;Guldbesmyckad tyghuva;Head;10+;;Block 2;50 Styrka;+2 Uthållighet;;;;;;;;;
902;jewelry;Gyllene drakpendant;Neck;10+;;-;-;+2 Bashälsa, +3 Styrka, +1 Initiativstyrka, +3 Undvika anfall, +5 Inlärningsförmåga;Föremålssmide 4;1 x Gyllene drakägg;1 x Drakpendant;0;300;;;;Ett gyllene halsband dekorerat med fjäll från olika drakar, sägs ge bäraren en del av kraften från den drake vars fjäll använts.
1003;jewelry;Människans gnista;Neck;10+;;Kritchans 0-1%;Kräver att du är av rasen människa;+1% Perfekt träff, +4 Initiativstyrka;;;;;;;;;Ett enkelt men kraftfullt halssmycke, smitt av silver från Sandhems gruvor och välsignat av de gamla templens präster. Människans Vilja förstärker bärarens beslutsamhet och ger styrka i både ord och handling. När allt annat sviktar, står viljan kvar.
977;armor;Tvåstegsstövlar;Feet;10+;;Block 3 · Träffchans +-50 · Vikt 1;-;+15 Initiativstyrka;;;;;;;;;Nedlims egen farfar, med om möjligt en ännu större kärlek till portvin än Nedlim själv var lite av en lokalkändis i det kvarter där Nedlim växte upp. Dag in och dag ut arbetade han i sin verkstad på sin farkost som han sa skulle kunna ta honom ut ur atmosfären. Detta tills en dag då hela verkstaden gick upp i rak. I sin iver verkade den gamle mannen ha dragit i fel spak alldeles för tidigt. Något som lärde kvarterets invånare att utomatmosfäriska farkoster aldrig ska stressas utan alltid byggas i två steg. Dessa stövlar är det enda som Nedlim har kvar som minne efter sin farfar, nu tillgängliga för auktionens deltagare. För en saftig slant såklart.
980;jewelry;Glädjemantel;Back;10+;;Vikt 1;-;+7 Styrka;;;;;;;;;En mörkt skimrande mantel som tycks viska av skadeglädje i vinden. Dess magi stärker bäraren varje gång en fiende misslyckas, som om den livnär sig på andras olycka. En plagg för den som njuter av att se motståndare snubbla på sin egen stolthet.
325;jewelry;Själasten;Neck;10+;200;Kritchans 0-2%;-;+1% Perfekt träff;;;;;;;;;Halsbandet går inte att öppna, det har liksom svetsat sig fast vid din hals och alla försök att får bort det gör att hela kroppen viker sig av smärta.
1020;jewelry;Trollets hjärtslag;Neck;10+;;Kritchans 0-1%;Kräver att du är av rasen troll;+1% Perfekt träff, +4 Uthållighet, +4 Ledarskap;;;;;;;;;Ett tungt smycke, ristat ur en förstenad rot från Tusenåriga skogen och omslutet av läder. Det pulserar svagt när faror närmar sig. Trollets Hjärta skänker tålighet bortom det vanliga - och ibland en glimt av urgammal visdom.
445;jewelry;Drakpendant;Neck;10+;;-;-;+2 Bashälsa, +1 Styrka, +1 Initiativstyrka, +2 Undvika anfall, +5 Inlärningsförmåga;Föremålssmide 4;2 x Drakfjäll;;0;1400;;;;Ett halsband dekorerat med fjäll från olika drakar, sägs ge bäraren en del av kraften från den drake vars fjäll använts.
898;armor;Visdommens läderhatt;Head;10+;;Block 1;-;+12 Inlärningsförmåga;;;;;;;;;En enkel, men ack så tjusig hatt.
1006;jewelry;Alvens viskning;Neck;10+;;Kritchans 0-1%;Kräver att du är av rasen alv;+1% Perfekt träff, +4 Undvika anfall, -5 Provokation;;;;;;;;;Format av månljus och vävd med hårstrån från skogens väktare, är detta halsband nästan viktlöst. Det bär på en stilla kraft - en närhet till naturens väsen och ett skydd mot världen. Alvernas Andetag viskar lugn till den rastlösa.
856;jewelry;Kallblodsamulett;Amulet;10+;200;-;Kräver att du är av rasen odöd, Kräver att du är av rasen salamanth;+2% Perfekt träff, +3 Initiativstyrka;;;;;;;;;En gammal amulett smidd av isglittrande metall och prydd med en djupblå safir. Den kyler bärarens sinne och kropp, vilket ger ökat fokus och lugn i intensiva situationer. Kallblodsamulett är mycket smärtsam att vidröra för alla med varmt blod i sina ådror. Den sägs ha skapats i de djupaste grottorna av Isvalla med hjälp av förbjuden magi i en olaglig blotceremoni.
924;jewelry;Förädlad svart amulett;Amulet;10+;200;-;Kräver att du är av rasen troll, Kräver att du är av rasen ork, Kräver att du är av rasen goblin;+2% Perfekt träff, +5 Bashälsa;;;;;;;;;Just detta exemplar av en svart amulett glänser och tycks ge bäraren extra egenskaper.
923;jewelry;Förädlad guldamulett;Amulet;10+;200;-;Kräver att du är av rasen människa, Kräver att du är av rasen alv, Kräver att du är av rasen dvärg;+2% Perfekt träff, +5 Undvika anfall;;;;;;;;;Guldamuletterna glänser alltid när solens ljus träffar dom. Kanske är det för att Beren alltid putsar de extra noga innan de säljs.Just detta exemplar glänser något alldeles extra och tycks ge bäraren extra egenskaper.
925;jewelry;Förädlad kallblodsamulett;Amulet;10+;175;-;Kräver att du är av rasen odöd, Kräver att du är av rasen salamanth;+2% Perfekt träff, +5 Initiativstyrka;;;;;;;;;En enklare amulett från vulkanön. Just detta exemplar glänser och tycks ge bäraren extra egenskaper.
1027;jewelry;Salamanthens värme;Neck;10+;;Kritchans 0-1% · Träffchans +1;Kräver att du är av rasen salamanth;+1% Perfekt träff, +1 Bashälsa, +2 Initiativstyrka;;;;;;;;;Ett smycke av vulkanisk sten och levande låga, format i det heta hjärtat av Vulkanön. Salamanths Glöd skyddar mot värme, förgiftning och rädsla. Den som bär det känner elden inombords och lämnar aska i sitt spår.
1059;jewelry;Björnkranium;Trinket;10+;500;-;-;+5 Styrka;;;;;;;;;Beprydd med noga inristade figurer. På vänster sida syns en kanin, och på höger sida en sovande sköldpadda.
1116;jewelry;Armskydd av silver;Bracelet;10+;;-;-;+3 Bashälsa, +2 Styrka, +1 Undvika anfall;;;;;;;;;Armskydd av silver är både ett skydd och ett hantverk i ett.
1204;armor;Axelskydd av pärlvaran;Shoulders;10+;;Block 3;60 Styrka;+1 Bashälsa, +1 Undvika anfall;;;;;;;;;Ett vackert axelskydd av välarbetat läder från en dräpt pärlvaran.
1207;armor;Mästersmidda Onkhvävsskor;Feet;10+;100;Block 3;80 Styrka;+2 Bashälsa;;;;;;;;;En mer välarbetad onkhväv av bättre kvalité, både till ursprung och hantverk.
10;consumable;Klarblått vatten;;10+;250;Varaktighet 90 · Cooldown 0 sekunder;Kräver att du är av rasen alv;+10 Undvika anfall;Alkemi 2;1 x Blodpint, 1 x Elementsav;;0;800;;;;I de djupaste alviska skogarna rinner det en bäck där vattnet har uppiggande egenskaper. Endast alver hittar till denna magiska plats.
8;consumable;Bärsärkardryck;;10+;80;Varaktighet 90 · Cooldown 0 sekunder;-;+5 Bashälsa, +5 Uthållighet, +5 Initiativstyrka, -10 Undvika anfall;Alkemi 2;1 x Elementsav;;0;500;;;;En dryck vars recept har färdats från ett fjärran land där krigare tror på evigt liv efter död i strid. Med denna mixtur i ditt blod så kommer du se rött och dina fiender kommer att känna din vrede.
19;consumable;Flytande blixtar;;10+;100;Varaktighet 90 · Cooldown 0 sekunder;-;+4% Perfekt träff, +4 Initiativstyrka;;;;;;;;;När du kikar in i den lilla flaskan ser det nästan ut som en åskstorm som rör sig inuti......
28;consumable;Blå drakessens;;10+;500;Varaktighet 90 · Cooldown 0 sekunder;-;+5 Bashälsa, +5 Styrka, +5 Uthållighet;Alkemi 5;1 x Drakklo, 1 x Drakfjäll;;0;1100;;;;Essensen av en blå drake utvunnen av en skicklig alkemist.
70;consumable;Drakens vishet;;10+;;Varaktighet 720 · Cooldown 1 dag 12 timmar;-;+30 Inlärningsförmåga;Alkemi 4;2 x Drakklo, 2 x Drakfjäll;;0;800;;;;
91;consumable;Liten Svart Tinktur;;10+;;Cooldown 0 sekunder;-;+20 Provokation;;;;;;;;;
100;consumable;Droppar av Fokus;;10+;;Cooldown 0 sekunder;-;+5 yxor, +5 svärd, +5 hammare, +5 stavar, +5 sköldar, +5 stickvapen, +5 kättingvapen, +5 Obeväpnat;;;;;;;;;
99;consumable;Droppar av Adrenalin;;10+;;Cooldown 0 sekunder;-;+5 Uthållighet;;;;;;;;;
97;consumable;Heroisk Olja;;10+;;Cooldown 0 sekunder;-;+20 Ledarskap;;;;;;;;;
11;consumable;Goblinsk svampgryta;;10+;700;Varaktighet 90 · Cooldown 0 sekunder;-;+2% Perfekt träff, +8 Initiativstyrka, +3 Undvika anfall, +10 Provokation;Alkemi 4;1 x Goblinsk svartsopp;;0;1000;;;;En mörk svampgryta kokad på goblinsk svartsopp enligt alla de gamla knepen. Sägs förvandla den vekaste lilla goblin till en best att frukta i strid.
95;consumable;Heroiska Droppar;;10+;;Cooldown 0 sekunder;-;+30 Ledarskap;;;;;;;;;
65;consumable;Utmärkt utvunnet elementextrakt;;10+;;Varaktighet 1440 · Cooldown 0 sekunder;-;+2 Bashälsa, +2 Styrka, +2 Uthållighet, +2 Initiativstyrka, +2 Undvika anfall;Alkemi 5;2 x Elementsav;;0;600;;;;
225;consumable;En kallsmidd dryck;;10+;;Varaktighet 60 · Cooldown 0 sekunder;Kräver att du är ung, medelålders, gammal eller uråldrig;+5% Bashälsa, +5% Styrka, +5% Uthållighet, +5% Initiativstyrka, +5% Undvika anfall;;;;;;;;;Denna flaska är uppenbarligen komponerad av en sann mästaralkemist. Dess vidriga textur bekräftar kraften som finns i drycken.Dessvärre anar du att dryckens kyliga textur även förråder att dryckens effekt avtar när den blir upphettad.
6;enchant;Elegant Opak Rubin;;10+;1;-;-;+2% Perfekt träff;;;;;;;;;
7;enchant;Kraftfull Opak Rubin;;10+;1;-;-;-;;;;;;;;;
11;enchant;Balanserad Opak Rubin;;10+;1;-;-;+1% Perfekt träff, -5 Uthållighet;;;;;;;;;
17;enchant;Elegant Opak Safir;;10+;1;-;-;+5 Bashälsa;;;;;;;;;
18;enchant;Kraftfull Opak Safir;;10+;1;-;-;-;;;;;;;;;
19;enchant;Balanserad Opak Safir;;10+;1;-;-;+3 Bashälsa;;;;;;;;;
28;enchant;Elegant Opak Topas;;10+;1;-;-;+3 Undvika anfall;;;;;;;;;
29;enchant;Kraftfull Opak Topas;;10+;1;-;-;-;;;;;;;;;
30;enchant;Balanserad Opak Topas;;10+;1;-;-;+2 Undvika anfall;;;;;;;;;
39;enchant;Elegant Opak Smaragd;;10+;1;-;-;-;;;;;;;;;
41;enchant;Balanserad Opak Smaragd;;10+;1;-;-;-;;;;;;;;;
50;enchant;Elegant Opak Opal;;10+;1;-;-;+5 Styrka;;;;;;;;;
52;enchant;Balanserad Opak Opal;;10+;1;-;-;+3 Styrka;;;;;;;;;
51;enchant;Kraftfull Opak Opal;;10+;1;-;-;+1 Undvika anfall;;;;;;;;;
61;enchant;Elegant Opak Onyx;;10+;1;-;-;+5 Uthållighet;;;;;;;;;
63;enchant;Balanserad Opak Onyx;;10+;1;-;-;+3 Uthållighet;;;;;;;;;
40;enchant;Kraftfull Opak Smaragd;;10+;1;-;-;+3 Initiativstyrka;;;;;;;;;
62;enchant;Kraftfull Opak Onyx;;10+;1;-;-;+3 Uthållighet;;;;;;;;;
123;enchant;Bevandrad Smaragd;;10+;1;-;-;-;;;;;;;;;En mystisk pergamentrulle med tecken som inte liknar något språk du tidigare skådat. Dessutom tycks fraktalerna som täcker pergamentet röra sig och ändra utseende allt eftersom.
124;enchant;Svartalvspergament;;10+;1;-;-;+1 vapenfärdigheten yxor, +1 vapenfärdigheten kättingvapen, +1 vapenfärdigheten hammare, +1 vapenfärdigheten sköldar, +1 vapenfärdigheten stickvapen, +1 vapenfärdigheten stavar, +1 vapenfärdigheten svärd, +1 Undvika anfall, +1 Uthållighet, +1 Initiativstyrka, +1 Bashälsa, +1 Styrka;;;;;;;;;En mycket obehaglig och vid vidrörelse skållhet pergamentrulle. Det känns som om pergamentet kan fatta eld och brinna upp vilken sekund som helst. Ett krusande ljud likt det vid en lägereld hörs från pergamentrullen om man lyssnar noggrant.
207;consumable;Kaptensgrog;;14;30;Varaktighet 120 · Cooldown 0 sekunder;-;+30 Ledarskap;Alkemi 3;1 x Elementsav;;0;300;;;;
208;consumable;Narrens dryck;;14;30;Varaktighet 120 · Cooldown 0 sekunder;-;+20 Provokation;Alkemi 3;1 x Elementsav;;0;300;;;;
209;consumable;Flugsvampstinktur;;14;30;Varaktighet 120 · Cooldown 0 sekunder;-;+1% Perfekt träff, +10 Styrka;Alkemi 3;3 x Blodpint;;0;300;;;;
210;consumable;Marathonessens;;14;30;Varaktighet 120 · Cooldown 0 sekunder;-;+10 Uthållighet;Alkemi 3;3 x Blodpint;;0;300;;;;
212;consumable;Flädersaft;;14;30;Varaktighet 120 · Cooldown 0 sekunder;-;+8 Undvika anfall;Alkemi 3;3 x Blodpint;;0;300;;;;
79;weapon;Glimrande spjut;Spear;15+;270;Skada 8-15 · Krit 16 + (4% till 8%) · Kritchans 0-6% · Hållbarhet 50 · Block/runda 2 · Dual · Vikt 6 · Ench 1;65 Styrka, 115 Stickvapen (rek);+3% Perfekt träff, +3 stickvapen, +3% stickvapen, +3 Initiativstyrka, +3% Undvika anfall, +3 Undvika anfall;;;;;;;;;Metallen i spetsen på detta spjut är uppblandad med silverstoft, vilket gör att den i solljuset glimrar som ytan på en stilla sjö. Få har skådat en bataljon av alver som alla svingar dessa glimrande spjut, men de som har sett det glömmer aldrig synen.
139;weapon;Blodspiska;Chain;15+;400;Skada 3-19 · Krit 20 + (50% till 90%) · Kritchans 0-10% · Hållbarhet 41 · Block/runda 2 · Dual · Vikt 4 · Ench 1;80 Styrka, 130 Kättingvapen (rek);+4% Perfekt träff, -10 Bashälsa, +15 Styrka;;;;;;;;;Lädret i denna piska har behandlats med blod enligt metoder som länge setts som osmakliga. Resultatet är ett djupmörkt material med en omisskännlig järnlukt, och ett vapen som fruktas på arenans sand.
766;weapon;Stylitstav;Stave;15+;250;Skada 13-15 · Krit 16 + (10% till 10%) · Kritchans 0-7% · Hållbarhet 106 · Block/runda 2 · 2H · Vikt 7 · Ench 2;80 Styrka, 115 Stavar (rek);+1% Perfekt träff, +5 stavar, +10 Undvika anfall;;;;;;;;;Styliterna var ett slags eremiter och asketer som valde att leva sina liv på isolerade platser, främst högt uppe på pelare där de tvingades att vara isolerade och sitta still och meditera. Vissa av dem hade långa käppar som hjälpmedel för att utföra olika praktiska sysslor, och denna stav är tillverkad i samma stil som dessa.
138;weapon;Vargpiska;Chain;15+;280;Skada 7-14 · Krit 15 + (40% till 80%) · Kritchans 0-9% · Hållbarhet 87 · Block/runda 2 · Dual · Vikt 5 · Ench 1;170 Styrka, 120 Kättingvapen (rek);+3% Perfekt träff, -5 Uthållighet;;;;;;;;;Ett fruktat vapen som många svartblod dras till då svansen, som består av en lång kedja, är tyngre än på en vanlig kedja och därför besvärlig för rödblod att använda effektivt. Svartblodens i regel kraftfullare muskulatur lämpar sig dock väl för ändamålet, och det är ett bonus att skadorna vapnet orsakar också kan vara brutala. Varför den kallas för ”vargpiska” är oklart.
505;weapon;Blodförstärkt nattspjut;Spear;15+;270;Skada 5-18 · Krit 19 + (1% till 5%) · Kritchans 0-5% · Hållbarhet 42 · Block/runda 2 · Dual · Vikt 7 · Ench 1;90 Styrka, 135 Stickvapen (rek);+15 stickvapen, -15 Bashälsa, +15 Initiativstyrka;;;;;;;;;Enligt legenden har dessa makabra spjut skapats av hemliga, moraliskt tveksamma, alviska seder djupt inne i den tusenåriga skogen.Något som Kajsa själv ogärna pratar närmre om men är något som ger spjuten både en mystiskt aura och gör dem påtagligt dödliga vapen på arenans sand.
687;weapon;Välvårdad gladiatorstav;Stave;15+;200;Skada 12-19 · Krit 20 + (10% till 10%) · Kritchans 0-8% · Hållbarhet 106 · Block/runda 2 · 2H · Vikt 10 · Ench 2;95 Styrka, 115 Stavar (rek);+10 stavar, +5 Undvika anfall, +5 Inlärningsförmåga;Vapensmide 3;1 x Svart valnöt;1 x Gladiatorstav;0;1500;;;;Inga kompromisser men heller inget överflöd.En stabil stav som fungerar lika väl för den erfarne, som för nybörjaren. Köp den för en resonlig summa mynt och Gladiatorstaven kommer inte svika dig i striden.
57;weapon;Tvåhandssvärd;Sword;15+;290;Skada 20-24 · Krit 25 + (1% till 5%) · Kritchans 0-7% · Hållbarhet 120 · Block/runda 2 · 2H · Vikt 13 · Ench 2;115 Styrka, 100 Svärd (rek);+5% svärd, +15 Undvika anfall;Vapensmide 3;2 x Ekträ, 2 x Järn, 2 x Alvsilver;;0;1800;;;;Ett av de mer ikoniska vapnen för gladiatorer. Tvåhandssvärdet representerar mycket en sann gladiator värderar – styrka, hårdhet, och ett inneboende hot om extremt våld.Många framgångsrika gladiatorer har klättrat mot berömdheten med detta massiva svärd i sina händer. Blir du nästa?
93;weapon;Riddardolk;Spear;15+;180;Skada 5-10 · Krit 11 + (1% till 5%) · Kritchans 0-4% · Hållbarhet 95 · Block/runda 2 · Dual · Vikt 3 · Ench 1;60 Styrka, 125 Stickvapen (rek);+7 Bashälsa, +7 Undvika anfall;;;;;;;;;Riddare stred ofta till häst men bar även närstridsvapen som hammare eller svärd, för den eventualiteten att de antingen slogs ner från hästryggen eller mötte motstånd och terräng där hästen inte var det bästa alternativet. Många riddare valde också att ha en dolk på sig, då det är ett ganska effektivt val för att utnyttja glipor i andra riddares tunga rustning.
519;weapon;Offeryxa;Axe;15+;420;Skada 11-19 · Krit 20 + (20% till 30%) · Kritchans 0-4% · Hållbarhet 83 · Block/runda 2 · Dual · Vikt 14 · Ench 1;Kräver att du är av rasen goblin, Kräver att du är av rasen ork, Kräver att du är av rasen troll, 135 Styrka, 105 Yxor (rek);+3% Perfekt träff, -10 Bashälsa, +15 Styrka;;;;;;;;;Yxan har traditionellt använts av de orkiska när stammarna skulle verkställa dödsstraff, göra en offerritual för krigsframgångar eller bara statuera ett exempel. Vapnets skärpa, tyngden i dess slag och stora kraft har med tiden dock gjort vapnet populärt bland även Stenhems gladiatorer. Svartbloden ser dock fortsatt på vapnet och de som bär det med stor respekt.
91;weapon;Alvisk parerdolk;Spear;15+;210;Skada 3-6 · Krit 7 + (1% till 5%) · Kritchans 0-4% · Hållbarhet 108 · Block/runda 2 · Dual · Vikt 1 · Ench 1;Kräver att du är av rasen alv, 25 Styrka, 135 Stickvapen (rek);+2% Perfekt träff, +5 stickvapen, +20 Undvika anfall;;;;;;;;;Ett defensivt vapen som är tillverkat för att stoppa motståndarens vapen i sin bana. Därför är fokus på att göra en stryktålig och hållbar klinga snarare än en som kan orsaka mycket skada. Det går dock förstås ändå att sticka motståndaren med den. Som alla alviska vapen är den mycket lätt och vacker att se på.
221;weapon;Svartblodsdolk;Spear;15+;280;Skada 3-10 · Krit 11 + (1% till 5%) · Kritchans 0-5% · Hållbarhet 93 · Block/runda 2 · Dual · Vikt 4 · Ench 1;Kräver att du är av rasen ork, Kräver att du är av rasen troll, Kräver att du är av rasen goblin, 70 Styrka, 115 Stickvapen (rek);+4% Perfekt träff, +10 stickvapen, +10 Ledarskap;;;;;;;;;Gug importerar dessa dolkar från orkernas hemland, Isvalla. Det är en karg och hård plats, och hantverket i detta vapen representerar brutaliteten i landet självt. Orkhövdingar och militära ledare har för vana att bära liknande vapen, och ju finare dolk en ork bär desto mer sannolikt är det att andra lyssnar på vad hon har att säga.
115;weapon;Stor morgonstjärna;Mace;15+;260;Skada 12-20 · Krit 21 + (10% till 10%) · Kritchans 0-1% · Hållbarhet 91 · Block/runda 2 · Dual · Vikt 17 · Ench 1;145 Styrka, 90 Hammare (rek);-;Vapensmide 3;3 x Ekträ, 3 x Stål;;0;950;;;;Denna fruktade hammare har avslutat många nyblivna gladiatorers karriärer i förtid. Det massiva, spikbeklädda huvudet väger uppemot fem kilo och att bli träffad av det kommer garanterat göra ont. Speciellt uppskattat av svartblod, som generellt är mer brutala i sina stridsstilar.
483;shield;Hydrans lädersköld;Shield;15+;100;Absorption 14 · Hållbarhet 45 · Block/runda 2 · Vikt 10 · Ench 1;70 Styrka, 85 Sköldar (rek);+5 Uthållighet, +10 Initiativstyrka, +5 Undvika anfall;;;;;;;;;En förstärkt träsköld med framsidan täckt av behandlat hydraläder. Står emot de tyngsta attackerna men är fortfarande relativt lätt och smidig.
1025;shield;Bepansrad rosenträsköld;Shield;15+;240;Absorption 21 · Kritchans 0-5% · Hållbarhet 49 · Block/runda 2 · Vikt 7 · Ench 1;105 Styrka, 70 Sköldar (rek);+2% Perfekt träff, +5 Initiativstyrka;Vapensmide 3;3 x Ekträ, 1 x Alvsilver;;0;950;;;;
40;weapon;Orkisk stridsyxa;Axe;15+;210;Skada 5-22 · Krit 23 + (20% till 30%) · Kritchans 0-6% · Hållbarhet 65 · Block/runda 2 · Dual · Vikt 13 · Ench 1;Kräver att du är av rasen ork, 110 Styrka, 115 Yxor (rek);+2% Perfekt träff, +5 Styrka, +5 Initiativstyrka;;;;;;;;;"En gång i tiden smiden i svartstål med hårda slag över en smutsig eld. Enligt orkerna själva blir deras stridsyxor bara bättre med tiden och ju mer de får ""marinera i rödblod"". Därför ärvs de ofta ned mellan generationer av krigare. Detta gör att de orkiska stridsyxorna kan variera kraftigt i kvalité, men deras kraftiga slag förblir desamma."
599;weapon;Hillebard;Spear;15+;240;Skada 20-25 · Krit 26 + (1% till 12%) · Kritchans 0-8% · Hållbarhet 85 · Block/runda 2 · 2H · Vikt 12 · Ench 2;115 Styrka, 105 Stickvapen (rek);+20 Initiativstyrka;Vapensmide 3;2 x Ekträ, 1 x Svart valnöt, 1 x Stål, 1 x Alvsilver;;0;1650;;;;Hillebarden består av ett yxhuvud på ett spjut och kan användas både för att hugga och sticka, tack vare den långa spiken som sitter mitt uppe på huvudet. Det är dock riskabelt att svinga den, då det långa skaftet gör att det tar lång tid att återhämta sig efter varje sving. Därför används den säkrast genom att stöta mot fienden.
685;weapon;Välvårdad svartblodsslaga;Chain;15+;180;Skada 8-38 · Krit 39 + (10% till 25%) · Kritchans 0-7% · Hållbarhet 60 · Block/runda 2 · 2H · Vikt 22 · Ench 2;150 Styrka, 100 Kättingvapen (rek);+5 Bashälsa, +5 Initiativstyrka, +5 Inlärningsförmåga;Vapensmide 3;1 x Svart valnöt;1 x Svartblodsslaga;0;1800;;;;Det eviga putsandet och polerandet har gett resultat, och vapnet tycks svartare än någonsin. Det är som att omhändertagandet förstärkt det inneboende mörkret i vapnet. Fortsätt med det så kommer vapnet aldrig svika dig.
503;weapon;Gudalöst tvåhandssvärd;Sword;15+;1;Skada 19-29 · Krit 30 + (1% till 5%) · Kritchans 0-7% · Hållbarhet 90 · Block/runda 2 · 2H · Vikt 15 · Ench 2;Kräver att du är av rasen människa, 100 Styrka, 100 Svärd (rek);+10 svärd, -10 Bashälsa, +25 Styrka;;;;;;;;;Dessa svärd tas endast fram på förfrågan av Kajsa och förvaras inlidande i ett tygstycke till dess att de fått en ägare tilldelad.Ett lågmält viskande hörs från tygstycket och det vägrar ägandeskap från någonting annat än människor som svurit sig fria från religiösa sällskap … vem du istället svär dig till genom att äga svärdet lär du snart upptäcka.
862;weapon;Rosenträslägga;Mace;15+;315;Skada 13-15 · Krit 16 + (10% till 10%) · Kritchans 0-2% · Hållbarhet 85 · Block/runda 2 · Dual · Vikt 12 · Ench 1;Kräver att du är av rasen människa, Kräver att du är av rasen alv, 75 Styrka, 105 Hammare (rek);+5 hammare, +5 Styrka;;;;;;;;;En elegant men kraftfull hammare smidd av rosenträ från den tusenåriga skogen och förstärkt med alviska silverdetaljer. Dess balans och smidighet gör den lika användbar i strid som den är vacker att beskåda. Rosenträets naturliga mönster sägs bringa tur till sin bärare, men bara om denne för striden med heder.
116;weapon;Gryningshammare;Mace;15+;270;Skada 11-18 · Krit 19 + (10% till 10%) · Kritchans 0-1% · Hållbarhet 95 · Block/runda 2 · Dual · Vikt 17 · Ench 1;135 Styrka, 80 Hammare (rek);+5 Styrka;;;;;;;;;De dvärgiska mästersmederna har talanger som nästan är övernaturliga. Det sägs att de kan arbeta inte bara med vilka material som helst, utan även abstrakta koncept. Denna mytomspunna teknik är förstås en extremt väl bevarad hemlighet, och därför är det svårt att säga om det ligger någon sanning i att denna hammare faktiskt innehåller några av solens första strålar som det sägs. Oavsett hur det ligger till är det en mycket vacker och välbalanserad hammare, och hantverkets kvalitet är odiskutabelt - solljus eller ej.
117;weapon;Enorm klubba;Mace;15+;300;Skada 15-39 · Krit 40 + (1% till 5%) · Kritchans 0-7% · Hållbarhet 95 · Block/runda 2 · 2H · Vikt 29 · Ench 2;185 Styrka, 95 Hammare (rek);-;Vapensmide 3;3 x Granträ, 2 x Ekträ, 1 x Svart valnöt, 1 x Stål, 1 x Alvsilver;;0;1600;;;;Olika gladiatorer väljer olika kampstilar. Vissa satsar på att vara snabbare än sin motståndare, andra tar upp skölden och satsar på att orka längre än sin motståndare. Och vissa väljer att plocka upp det största, tyngsta och klumpigaste vapen de kan hitta och svinga det vilt. För de är den enorma klubban rätt val. Föredrar du råstyrka och kraft över snabbhet och finess? Då kan du sluta leta.
609;weapon;Blodalvsspira;Stave;15+;570;Skada 11-21 · Krit 22 + (10% till 10%) · Kritchans 0-7% · Hållbarhet 90 · Block/runda 2 · 2H · Vikt 10 · Ench 2;Kräver att du är av rasen alv, 110 Styrka, 95 Stavar (rek);+1% Perfekt träff, +15 stavar, -10 Bashälsa, +20 Styrka;;;;;;;;;Detta märkliga vapen används enbart av de som kallas blodalver. Någon typ av magi i spiran lockar ut en animalisk styrka i de alver som använder den, en styrka som inte ofta ses i alvsläktet.Blodalverna försakar de traditionella alviska vägarna och är därför mycket kontroversiella i alviska samhällen.
925;weapon;Välvårdat svartgissel;Chain;15+;190;Skada 11-17 · Krit 18 + (20% till 50%) · Kritchans 0-5% · Hållbarhet 58 · Block/runda 2 · Vikt 14 · Ench 1;140 Styrka, 95 Kättingvapen (rek);+1% Perfekt träff, +5 Styrka, +10 Inlärningsförmåga;Vapensmide 3;1 x Svart valnöt;1 x Svartgissel;0;1500;;;;
926;weapon;Lorariuspiska;Chain;15+;150;Skada 6-17 · Krit 18 + (40% till 80%) · Kritchans 0-10% · Hållbarhet 45 · Block/runda 2 · Dual · Vikt 3 · Ench 1;75 Styrka, 125 Kättingvapen (rek);+3% Perfekt träff, +8 kättingvapen, +5 Uthållighet;;;;;;;;;Piskan får sitt namn från yrket som lorarius, den eller dem som har till uppgift att piska in motvilliga odjur och gladiatorer till att börja slåss i arenan. Att få en lorarius efter sig är förnedrande för alla gladiatorer som ämnar att ha någon typ av heder. I syfte att ytterligare skämma ut gladiatorerna har den yrkesmässiga piskan försetts med stålbjällror på ändrarna, så alla i gladiatorns närhet ska höra och veta att en loraius har behövt kliva in. Piskan som säljs till Stenhems gladiatorer har dock stenhårda läderkulor istället, vilket gör större skada men är aningen mindre förnedrande.
1028;shield;Svartsköld;Shield;15+;240;Absorption 15 · Kritchans 0-1% · Hållbarhet 87 · Block/runda 2 · Vikt 17 · Ench 1;160 Styrka, 50 Sköldar (rek);+11 Bashälsa;Vapensmide 3;2 x Svart valnöt;;0;950;;;;
298;weapon;Goblinsk storslägga;Mace;15+;250;Skada 21-32 · Krit 33 + (1% till 5%) · Kritchans 0-7% · Hållbarhet 100 · Block/runda 2 · 2H · Vikt 20 · Ench 2;Kräver att du är av rasen goblin, 170 Styrka, 100 Hammare (rek);+5 hammare;;;;;;;;;Det är ovanligt att goblinsmeder arbetar med metall, utan de väljer istället sten och trä. Men det finns de som anammat metallurgin, och denna slägga visar potentialen i goblinskt vapensmide. En hammare som är designad för att spela på goblinernas styrka och ringa längd för att maximera kraften i slagen. Den kan orsaka stor skada och är mycket potent i rätt händer.
506;weapon;Välsignad morgonstjärna;Mace;15+;285;Skada 10-17 · Krit 18 + (10% till 10%) · Kritchans 0-1% · Hållbarhet 75 · Block/runda 2 · Dual · Vikt 14 · Ench 1;120 Styrka, 95 Hammare (rek);+6 hammare, +6 Initiativstyrka;;;;;;;;;Ett parti morgonstjärnor som tillverkats och välsignats av en helig order i väst. Sägs bringa lyckosamma strider till sin ägare.Dess fromma ursprung tycks dock ha en något hindrande inverkan på ägaren, som sällan klarar av att svinga vapnet i sin fulla kraft.
49;weapon;Besmyckad klyvyxa;Axe;15+;500;Skada 10-18 · Krit 19 + (20% till 30%) · Kritchans 0-7% · Hållbarhet 85 · Block/runda 2 · Dual · Vikt 12 · Ench 1;120 Styrka, 110 Yxor (rek);+2% Perfekt träff, +7 yxor;;;;;;;;;Den enkla klyvyxan är ett vanligt val för gladiatorer som är nya till Stenhem. Många byter ut den allt eftersom, men vissa vänjer sig vid att använda vapnet. Därför har Durin tagit fram ett parti besmyckade och förbättrade klyvyxor, som är mer påkostade och genomarbetade varianter. De kostar mer, men presterar också bättre.Om du vill ha ett balanserat vapen som tillåter dig agera såväl offensivt som defensivt beroende på situation, kan detta vapen vara mycket värt att överväga.
270;weapon;Ädel skogsstav;Stave;15+;390;Skada 2-5 · Krit 6 + (10% till 10%) · Kritchans 0-7% · Hållbarhet 81 · Block/runda 2 · 2H · Vikt 7 · Ench 2;50 Styrka, 130 Stavar (rek);+10 stavar, +15 Initiativstyrka;;;;;;;;;En vackert besmyckad stav av vackraste träslag. Oerhört lätt i handen och tillåter en gladiator att utdela flera slag i snabb succession.
258;weapon;Alvisk svärdstav;Sword;15+;80;Skada 22-23 · Krit 24 + (1% till 5%) · Kritchans 0-7% · Hållbarhet 100 · Block/runda 2 · 2H · Vikt 10 · Ench 2;Kräver att du är av rasen alv, 75 Styrka, 105 Svärd (rek);+10 svärd, +15% Undvika anfall;;;;;;;;;En alvisk klinga med långt handtag som gör den till ett mellanting mellan svärd och spjut. Ett relativt svårt vapen att använda men dödligt i rätt händer.
135;weapon;Skallslaga;Chain;15+;340;Skada 11-36 · Krit 37 + (10% till 25%) · Kritchans 0-7% · Hållbarhet 70 · Block/runda 2 · 2H · Vikt 24 · Ench 2;145 Styrka, 105 Kättingvapen (rek);+1% Perfekt träff, +3 kättingvapen;Vapensmide 3;2 x Granträ, 2 x Svart valnöt, 2 x Stål;;0;1700;;;;Själva idéen att fästa ett kranium i änden på ett vapen tycks för vissa vara osmakligt, omoraliskt eller horribelt. Många entusiaster av skallslagan tycker snarare att vapnet är som allra vackrast när vapnets kranium begravts motståndarens och vackert skimrar omgiven av blod och hjärnsubstans.
188;weapon;Välvårdat månspjut;Spear;15+;250;Skada 6-16 · Krit 17 + (3% till 10%) · Kritchans 0-7% · Hållbarhet 52 · Block/runda 2 · Dual · Vikt 4 · Ench 1;60 Styrka, 120 Stickvapen (rek);+1% Perfekt träff, +5 stickvapen, +10 Initiativstyrka, +10 Undvika anfall, +15 Inlärningsförmåga;Vapensmide 3;1 x Svart valnöt;1 x Månspjut;0;1500;;;;Du har med inspiration från himlakroppen skapat ett spjut efter specifika instruktioner från Beren. Bladet på spjutet glimmar i månens ljus.
990;weapon;Slagjärn;Mace;15+;350;Skada 14-18 · Krit 19 + (20% till 20%) · Kritchans 0-2% · Hållbarhet 105 · Block/runda 2 · Dual · Vikt 15 · Ench 1;85 Styrka, 110 Hammare (rek);-7 hammare, -7 Initiativstyrka;;;;;;;;;Slagjärn är en robust och enkel hammare, vars huvudsakliga styrka ligger i dess tålighet och pålitlighet. Hammaren har ett kort, grovt handtag av ekträ som är bundet med slitna läderremmar för bättre grepp. Huvudet är smitt av järn och har en fyrkantig form med tydliga märken av många års användning i arenan. Trots sitt tunga utseende är Slagjärn balanserad och effektiv i närstrid, och har blivit en favorit bland unga gladiatorer för dess förmåga att uthärda slag efter slag utan att spricka eller förlora sin kraft. Det är ett vapen för den som värdesätter uthållighet över elegans.
220;weapon;Stort svartspjut;Spear;15+;290;Skada 9-17 · Krit 18 + (1% till 10%) · Kritchans 0-4% · Hållbarhet 46 · Block/runda 2 · Dual · Vikt 8 · Ench 1;Kräver att du är av rasen troll, Kräver att du är av rasen ork, 90 Styrka, 110 Stickvapen (rek);+10 Initiativstyrka;;;;;;;;;Svartspjuten kännetecknas av sina sågtandade spetsar och grövre handtag. Det här är större än vad de brukar vara, kanske tillverkat för ett troll. Det går dock alldeles utmärkt även för lite mindre svartblod att använda, så länge de har styrkan som krävs för att svinga runt det tunga vapnet.Skaftet är gjort av mörkt trä och den grova spetsen gör att balansen i spjutet är märklig och tar lite tid att vänja sig vid.
50;weapon;Morgulyxa;Axe;15+;500;Skada 8-17 · Krit 18 + (0% till 0%) · Kritchans 0-9% · Hållbarhet 66 · Block/runda 2 · Dual · Vikt 8 · Ench 1;70 Styrka, 115 Yxor (rek);+3% Perfekt träff, +10 yxor, +5% Undvika anfall;Vapensmide 3;2 x Ekträ, 2 x Stål, 1 x Alvsilver;;0;1350;;;;"Absoluta favoriten hos diverse ljusskygga individer, tillverkad för att förfoga smärta bortom vansinnets gräns.Vapnet ser inte mycket ut för världen. Det är enkelt, klumpigt och ganska fult, men låt inte skenet bedraga; det finns en balans i vapnet som inte avslöjas för blotta ögat, utan först blir tydlig när du håller vapnet i dina händer.Enligt sägnerna finns dessutom en viss mörk magi ingjutet i vapnets blad, detta är dock någonting du märker först i stridens hetta."
683;weapon;Välvårdad krigsyxa;Axe;15+;200;Skada 10-17 · Krit 18 + (20% till 30%) · Kritchans 0-6% · Hållbarhet 75 · Block/runda 2 · Dual · Vikt 11 · Ench 1;95 Styrka, 115 Yxor (rek);+3% Perfekt träff, +5 Styrka, +5 Initiativstyrka, +10 Inlärningsförmåga;Vapensmide 3;1 x Svart valnöt;1 x Krigsyxa;0;1500;;;;En klassisk yxa som har använts i strid sen tidernas begynnelse.När en vanlig galdiator har råd och erfarenhet att köpa en Krigsyxa, gör gladiatorn det med stolthet. Det visar på att gladiatorn har överkommit dem första stegen i arenans hänsynslösa värld.Denna Krigsyxa har tagit hand om väl genom flertalet strider på den blodiga sanden.
45;weapon;Bronsyxa;Axe;15+;340;Skada 11-16 · Krit 17 + (20% till 30%) · Kritchans 0-6% · Hållbarhet 81 · Block/runda 2 · Dual · Vikt 11 · Ench 1;90 Styrka, 110 Yxor (rek);+1% Perfekt träff, +7 Uthållighet;;;;;;;;;Denna yxa har ett kort skaft och ett huvud med en rakbladsvass egg. Den är väldigt lätt och välbalanserad, och därför ett populärt val bland de gladiatorer som väljer att strida med yxor. Trots att brons är en ganska spröd metall är Durin sedvanligt skicklig på att arbeta med den, och hans talang gör bronset väldigt hållbart.Detta vapen kan ses bäras i såväl vapen- som parerarm hos stadens gladiatorer.
41;weapon;Långyxa;Axe;15+;220;Skada 8-20 · Krit 21 + (30% till 40%) · Kritchans 0-6% · Hållbarhet 73 · Block/runda 2 · Dual · Vikt 13 · Ench 1;125 Styrka, 115 Yxor (rek);+10 Initiativstyrka;;;;;;;;;"Långyxan är ett vapen som få gladiatorer vågar försöka bemästra, då längden kan uppfattas som klumpig. Dem som lyckas tygla denna yxa röner dock oftast stora framgångar i arenan, då motståndarna har svårt att formulera en taktik mot detta besynnerliga vapen. Att bära ett långt vapen har helt klart sina nackdelar, men för den skicklige; desto fler fördelar."
675;weapon;Välvårdad molnhammare;Mace;15+;300;Skada 10-14 · Krit 15 + (10% till 10%) · Kritchans 0-2% · Hållbarhet 85 · Block/runda 2 · Dual · Vikt 12 · Ench 1;80 Styrka, 105 Hammare (rek);+4 hammare, +10 Inlärningsförmåga;Vapensmide 3;1 x Alvsilver;1 x Molnhammare;0;1500;;;;Med lite tips från Durin om hur hans experimentella smide bör behandlas har du vårdat din molnhammare med äkta kärlek. Fortsätt behandla den såhär så har du ett pålitligt vapen för resten av livet.
240;weapon;Gruvhammare;Mace;15+;260;Skada 13-15 · Krit 16 + (10% till 10%) · Kritchans 0-1% · Hållbarhet 105 · Block/runda 2 · Dual · Vikt 15 · Ench 1;Kräver att du är av rasen dvärg, 100 Styrka, 105 Hammare (rek);-5 Initiativstyrka;Vapensmide 3;4 x Ekträ, 4 x Järn;;0;1800;;;;Gruvhammaren är egentligen mer ett verktyg än ett vapen. Dvärgarna använder dessa flitigt i sina gruvor för att bryta sten och mineraler, men det som kan ta sönder berget självt kan också ta sönder en ömtålig kropp av kött och blod.
297;weapon;Goblinsk besmyckad påk;Mace;15+;100;Skada 13-19 · Krit 20 + (10% till 10%) · Kritchans 0-1% · Hållbarhet 79 · Block/runda 2 · Dual · Vikt 12 · Ench 1;Kräver att du är av rasen goblin, 85 Styrka, 110 Hammare (rek);+5 Styrka, +5 Tur;;;;;;;;;Gobliner är analfabeter och har inget skriftspråk, men de “lärda” goblinerna använder primitiva symboler för att förmedla mening. Denna påk är prydd av sådana symboler, vars äkta mening är omöjlig att förstå för icke-gobliner.
119;weapon;Träskhammare;Mace;15+;490;Skada 10-18 · Krit 19 + (10% till 10%) · Kritchans 0-1% · Hållbarhet 92 · Block/runda 2 · Dual · Vikt 16 · Ench 1;90 Styrka, 100 Hammare (rek);+4% Bashälsa;;;;;;;;;Väster om Stenhem ligger de stora träskmarkerna, där trollen brukar hålla till. Många av träskens invånare använder vapen som liknar den här, med extra långa skaft. På platser där marken är lömsk och när som helst kan förvandlas till ett vattenfyllt hål är det mycket praktiskt att ha ett långt tillhygge man kan känna efter med. Denna hammares huvud är lättare än de flesta, just för att den ska vara enklare att också använda som redskap. Det betyder dock inte att den är mindre farlig, då det längre skaftet ger extra kraft i svingen.
114;weapon;Besmyckad bergshammare;Mace;15+;230;Skada 11-18 · Krit 19 + (10% till 10%) · Kritchans 0-1% · Hållbarhet 89 · Block/runda 2 · Dual · Vikt 16 · Ench 1;105 Styrka, 90 Hammare (rek);+5 Bashälsa;;;;;;;;;Två stora ädelstenar på vardera sida av huvudet och personligt dekorerade lädergrepp, det är vad Durin piffat upp denna bergshammare med. Förutom de kosmetiska skillnaderna har han också balanserat vikten vilket gör den till ett respektingivande vapen.
113;weapon;Bronshammare;Mace;15+;200;Skada 11-16 · Krit 17 + (10% till 10%) · Kritchans 0-1% · Hållbarhet 89 · Block/runda 2 · Dual · Vikt 15 · Ench 1;75 Styrka, 90 Hammare (rek);-;;;;;;;;;Det karaktäristiskt kvadratiska huvudet är vanligt i vissa dvärgklaner. Dvärgsmeder lägger hög prestige i att smida den mest perfekt formade hammare de kan, och ibland hålls till och med informella tävlingar i konsten. Det finns därför en god tillgång på dessa vapen, vilket är en bidragande faktor till varför de är så populära.
977;weapon;Kallblodspjut;Spear;15+;250;Skada 10-15 · Krit 16 + (1% till 5%) · Kritchans 0-6% · Hållbarhet 52 · Block/runda 2 · Dual · Vikt 6 · Ench 1;Kräver att du är av rasen salamanth, Kräver att du är av rasen odöd, 70 Styrka, 115 Stickvapen (rek);+2% Perfekt träff, +4% Bashälsa, +10 Initiativstyrka;;;;;;;;;Vackra symboler är inristade i bladet på detta unika spjut, tillverkat av cheimonstål. Processen för att framställa cheimonstål hålls hemlig av stadens smeder, men den involverar att ta vapnet från extrem hetta till extrem kyla flera gånger under smidesprocessen. Cheimonstål är obehagligt för varmblodiga att hålla i, men spjutet ligger fint i händerna på övriga.
27;weapon;Stor Tvåhandsyxa;Axe;15+;270;Skada 18-33 · Krit 34 + (9% till 9%) · Kritchans 0-7% · Hållbarhet 90 · Block/runda 2 · 2H · Vikt 20 · Ench 2;125 Styrka, 115 Yxor (rek);+1% Perfekt träff, +10 yxor;Vapensmide 3;1 x Ekträ, 2 x Svart valnöt, 2 x Stål;;0;1750;;;;Durins stolthet och hans eget val av vapen när det kom till stridigheter i hans ungdom. Mycket möda har lagts på att varje exemplar av denna yxa som finns att köpa ska efterlikna hans egna yxa. Både till utseende och storlek är stor tvåhandsyxa ett formidabelt vapen som har skickat många gladiatorer till eftervärlden.
39;weapon;Bergsyxa;Axe;15+;180;Skada 10-15 · Krit 16 + (10% till 20%) · Kritchans 0-4% · Hållbarhet 74 · Block/runda 2 · Dual · Vikt 9 · Ench 1;70 Styrka, 110 Yxor (rek);+1% Perfekt träff, +5 yxor;;;;;;;;;Bergsyxan har en längd på just över en halvmeter och hälften av det i bredd på yxans huvud. Den är en lätt, tålig och robust yxa som ligger bra i handen. Som namnet antyder så kommer denna yxa norrifrån, bortom rikets gränser och är där ett mycket populärt och väl använt vapen bland dvärgar och nordmän. Den har genom handelsmän på resande fot hittat sin väg till Arenan.
155;weapon;Havsyxa;Axe;15+;200;Skada 11-15 · Krit 16 + (0% till 0%) · Kritchans 0-7% · Hållbarhet 68 · Block/runda 2 · Dual · Vikt 6 · Ench 1;Kräver att du har bedriften Stridens Gladiator, 65 Styrka, 120 Yxor (rek);+4% Perfekt träff, +4 Undvika anfall, +8% Undvika anfall;;;;;;;;;Alla som någon gång besökt stadens värdhus har säkert hört gamle Antuin berätta om när han i sina unga år slogs mot sjöfolket.Även om det mesta Antuin säger är kryddat så är det sant att riket faktiskt var i strid mot sjöfolket för en herrans massa år sen.Kriget pågick under en längre tid, men ingen riktig vinnare kunde utses. Till slut gick båda parterna med på en vapenvila och fred slöts.Långsamt började sjöfolket och rikets folk beblanda sig. Rikets kultur har alltid varit mer framhävd men här och var kan minnen och spår hittas av den sedan länge försvunna sjöfolkskulturen. Den mäktiga Havsyxan är en sådan, idag finns ingen i riket som kan tyda de konstiga symboler som pryder detta vapen.Men Havsyxan används flitigt av mer erfarna gladiatorer, och den verkar ha en speciell dragningskraft hos människor.
217;weapon;Bergets slägga;Mace;15+;550;Skada 10-20 · Krit 21 + (20% till 20%) · Kritchans 0-1% · Hållbarhet 98 · Block/runda 2 · Dual · Vikt 17 · Ench 1;155 Styrka, 85 Hammare (rek);-;;;;;;;;;En kompakt hammare vars utformning är lika enkel som den är briljant. Enligt sägnen är vapnet resultatet av ett troll som tröttnat på att köpa dyr utrustning från stadens smeder och istället med full kraft slagit en sten på toppen av ett skaft tills stenen fastnade. Men smederna vinner alltid, och detta gråsprakande vapen säljs numera på Stenhems marknad till ett, enligt dess säljare, mycket rimligt pris.
178;weapon;Makhila;Stave;15+;110;Skada 4-8 · Krit 9 + (10% till 10%) · Kritchans 0-7% · Hållbarhet 84 · Block/runda 2 · 2H · Vikt 8 · Ench 2;70 Styrka, 125 Stavar (rek);+5 stavar, +10 Initiativstyrka;;;;;;;;;Dessa stavar var ursprungligen en sorts auktoritetssymboler. De bars av furstar, småhärskare och andra krigsherrar för att indikera status - på samma sätt en krona används av kungar och kejsare. Med tiden kom de att även börja användas som ett effektivt och dödligt vapen inte minst i trängda situationer då dess ägare fick behålla dem vid sin sida även när de i övrigt avväpnats. Ett listigt trick som snabbt gav Makhilan en status som ett farligt vapen att akta sig för snarare än ett ornament. Inget av de forna konnotationerna finns kvar utom i kejserliga palatsets historieböcker, men vapnet är fortfarande en vanlig syn bland Stenhems stavanvändare.
90;weapon;Besmyckad parerdolk;Spear;15+;160;Skada 4-8 · Krit 9 + (1% till 5%) · Kritchans 0-4% · Hållbarhet 90 · Block/runda 2 · Dual · Vikt 2 · Ench 1;40 Styrka, 125 Stickvapen (rek);+1% Perfekt träff, +10 stickvapen, +5 Undvika anfall, +5% Undvika anfall;;;;;;;;;Vapnet har ett tunt blad gjort i en ovanligt tålig metall vilket ger dolken både en låg vikt men också en stor möjlighet att parera attacker. Dolken är också mer välbalanserad än den vanliga parerdolken och ligger lite bättre i handen.Handtaget på dolken är mycket vackert dekorerat med runor och symboler. Deras syfte sägs vara att skänka krigaren som bär dolken i strid ett extra mått av kvickhet. Vad som är sägnen och vad som är sanning får dess användare avgöra.
81;weapon;Besmyckad glav;Spear;15+;280;Skada 9-15 · Krit 16 + (1% till 5%) · Kritchans 0-7% · Hållbarhet 45 · Block/runda 2 · Dual · Vikt 5 · Ench 1;65 Styrka, 130 Stickvapen (rek);+12% Initiativstyrka, +6% Undvika anfall;;;;;;;;;En glav som dekorerats med ädelstenar och alviska runor. Ett mycket vackert vapen, men den som misstar det för ett blott dekorativt spjut kommer snabbt märka att det kan orsaka stor skada.Spjutet vår en offensiv tyngdpunkt genom ett smalt skaft och en väl tilltagen spets. Vilket gör att det kan tränga igenom såväl sköldar och rustningar som motståndare.
83;weapon;Besmyckat jaktspjut;Spear;15+;375;Skada 8-17 · Krit 18 + (4% till 10%) · Kritchans 0-6% · Hållbarhet 54 · Block/runda 2 · Dual · Vikt 6 · Ench 1;85 Styrka, 125 Stickvapen (rek);+2% Perfekt träff, +15 Initiativstyrka;Vapensmide 3;2 x Granträ, 1 x Svart valnöt, 3 x Stål;;0;1400;;;;En vackert utvecklad variant av det klassiska jaktspjutet. Används ofta av de mer välbärgade invånarna i Stenhem i jaktsammanhang. Spetsen på det här jaktspjutet har polerats så att den blänker i solen, och dess tilltagna längd gör det till ett effektivt vapen. Dess skaft är slipat och oljat för att ligga rätt i handen och ingjuta lite extra skräck i fienden.
120;weapon;Besmyckad hjälmkrossare;Mace;15+;520;Skada 11-19 · Krit 20 + (10% till 10%) · Kritchans 0-1% · Hållbarhet 93 · Block/runda 2 · Dual · Vikt 14 · Ench 1;110 Styrka, 95 Hammare (rek);-;;;;;;;;;Hjälmkrossaren är ett populärt och effektivt vapen bland många av stadens gladiatorer. Just denna variant är rikligt besmyckad för den som är beredd att spilla blod på arenans sand med extra pom a och ståt.
80;weapon;Titanlans;Spear;15+;270;Skada 20-23 · Krit 24 + (1% till 12%) · Kritchans 0-8% · Hållbarhet 90 · Block/runda 2 · 2H · Vikt 13 · Ench 2;90 Styrka, 110 Stickvapen (rek);+1% Perfekt träff, +20 Initiativstyrka;;;;;;;;;Lansen är ett otympligt vapen som icke desto mindre kan vara väldigt effektivt om man lär sig använda den på rätt sätt. Titanlansen mäter nästan en alv i längd och då den är gjord helt i metall borde den vara ett av de tyngre vapnen ute på arenan. Valet av metall gör dock att vikten hålls relativ låg vilket gör den förvånandsvärt lättmanövrerad. Vikten, längden och materialet tillsammans med en förstärkt spets utgör en dödlig kombination och skapar ett effektivt vapen.
572;weapon;Svartstav;Stave;15+;250;Skada 8-22 · Krit 23 + (10% till 10%) · Kritchans 0-7% · Hållbarhet 94 · Block/runda 2 · 2H · Vikt 14 · Ench 2;Kräver att du är av rasen goblin, Kräver att du är av rasen ork, Kräver att du är av rasen troll, 170 Styrka, 95 Stavar (rek);+5 stavar, +10 Styrka, +5 Initiativstyrka;;;;;;;;;En rejäl stav med ett getkranium fäst i ena änden. Gug Durbul lovar att dess lätthanterlighet tillsammans med dess tyngd gör den väldigt passande för att knäcka revben på både alver och dvärgar.
1057;weapon;Kallsmidd Hammare;Mace;15+;1800;Skada 13-25 · Krit 26 + (10% till 10%) · Kritchans 0-1% · Hållbarhet 93 · Block/runda 2 · Dual · Vikt 17 · Ench 1;140 Styrka, 115 Hammare (rek);+5 Initiativstyrka;;;;;;;;;“Elden gör metall lätt att forma efter sin vilja, men med tillräcklig vilja, och rätt teknik, kan du forma metall nästan utan eld”, sade Durin och förde pipan till sin mun utan att släppa blicken från vapnet.“Kallsmide…”“Gamla bortglömda dvärgiska tekniker. Det skapar en metall, ett vapen, som är lättare, med vassare egg och som viner genom luften.”,
1060;weapon;Kallsmidd Glav;Spear;15+;470;Skada 10-20 · Krit 21 + (1% till 5%) · Kritchans 0-9% · Hållbarhet 62 · Block/runda 2 · Dual · Vikt 9 · Ench 1;125 Styrka, 135 Stickvapen (rek);+2% Perfekt träff, +15 Initiativstyrka;;;;;;;;;“Elden gör metall lätt att forma efter sin vilja, men med tillräcklig vilja, och rätt teknik, kan du forma metall nästan utan eld”, sade Durin och förde pipan till sin mun utan att släppa blicken från vapnet.“Kallsmide…”“Gamla bortglömda dvärgiska tekniker. Det skapar en metall, ett vapen, som är lättare, med vassare egg och som viner genom luften.”,
1059;weapon;Kallsmidd Stav;Stave;15+;1000;Skada 16-20 · Krit 21 + (10% till 10%) · Kritchans 0-7% · Hållbarhet 111 · Block/runda 2 · 2H · Vikt 8 · Ench 2;75 Styrka, 130 Stavar (rek);+2% Perfekt träff, +5% stavar, +5% Initiativstyrka, +5 Initiativstyrka, +5% Undvika anfall;;;;;;;;;“Elden gör metall lätt att forma efter sin vilja, men med tillräcklig vilja, och rätt teknik, kan du forma metall nästan utan eld”, sade Durin och förde pipan till sin mun utan att släppa blicken från vapnet. “Kallsmide…” “Gamla bortglömda dvärgiska tekniker. Det skapar en metall, ett vapen, som är lättare, med vassare egg och som viner genom luften.”,
1061;weapon;Kallsmidd Yxa;Axe;15+;1000;Skada 11-19 · Krit 20 + (0% till 0%) · Kritchans 0-7% · Hållbarhet 69 · Block/runda 2 · Dual · Vikt 6 · Ench 1;85 Styrka, 130 Yxor (rek);+2% Perfekt träff, +5 yxor, +5 Initiativstyrka, +5 Undvika anfall;;;;;;;;;“Elden gör metall lätt att forma efter sin vilja, men med tillräcklig vilja, och rätt teknik, kan du forma metall nästan utan eld”, sade Durin och förde pipan till sin mun utan att släppa blicken från vapnet. “Kallsmide…”“Gamla bortglömda dvärgiska tekniker. Det skapar en metall, ett vapen, som är lättare, med vassare egg och som viner genom luften.”,
1062;weapon;Kallsmidd Kedjekätting;Chain;15+;1360;Skada 14-22 · Krit 23 + (20% till 40%) · Kritchans 0-5% · Hållbarhet 53 · Block/runda 2 · Vikt 12 · Ench 1;200 Styrka, 105 Kättingvapen (rek);+5 Initiativstyrka;;;;;;;;;“Elden gör metall lätt att forma efter sin vilja, men med tillräcklig vilja, och rätt teknik, kan du forma metall nästan utan eld”, sade Durin och förde pipan till sin mun utan att släppa blicken från vapnet.“Kallsmide…”“Gamla bortglömda dvärgiska tekniker. Det skapar en metall, ett vapen, som är lättare, med vassare egg och som viner genom luften.”,
982;weapon;Kallblodsslägga;Mace;15+;250;Skada 17-36 · Krit 37 + (10% till 10%) · Kritchans 0-8% · Hållbarhet 98 · Block/runda 2 · 2H · Vikt 27 · Ench 2;Kräver att du är av rasen odöd, Kräver att du är av rasen salamanth, 170 Styrka, 95 Hammare (rek);+2% Bashälsa, +5 Initiativstyrka;;;;;;;;;Vapen tillverkade av cheimonstål leder bort värme otroligt bra och är därför obekväma för varmblodiga att hålla i. Kallblodigare typer hanterar dock dem med fördel. Denna slägga är ett sådant vapen.
194;weapon;Gladiatornät;Chain;15+;100;Skada 3-5 · Krit 6 + (0% till 0%) · Kritchans 0-5% · Hållbarhet 53 · Block/runda 2 · Dual · Vikt 5 · Ench 1;75 Styrka, 120 Kättingvapen (rek);+2% Perfekt träff, +10 kättingvapen;;;;;;;;;Ett tjockt, relativt tungt nät gjort av bitar av sammanflätat skeppsrep. Vad det kanske saknar i finess och stil väger det mer än väl upp för i sin förmåga att kunna fånga både fisk och en ouppmärksam gladiator.
1058;weapon;Kallsmidd Klinga;Sword;15+;1420;Skada 12-18 · Krit 19 + (1% till 5%) · Kritchans 0-3% · Hållbarhet 111 · Block/runda 2 · Dual · Vikt 7 · Ench 1;110 Styrka, 110 Svärd (rek);+5 Initiativstyrka;;;;;;;;;“Elden gör metall lätt att forma efter sin vilja, men med tillräcklig vilja, och rätt teknik, kan du forma metall nästan utan eld”, sade Durin och förde pipan till sin mun utan att släppa blicken från vapnet.“Kallsmide…”“Gamla bortglömda dvärgiska tekniker. Det skapar en metall, ett vapen, som är lättare, med vassare egg och som viner genom luften.”,
231;weapon;Svartblodsklinga;Sword;15+;280;Skada 8-18 · Krit 19 + (1% till 5%) · Kritchans 0-2% · Hållbarhet 99 · Block/runda 2 · Dual · Vikt 10 · Ench 1;Kräver att du är av rasen ork, Kräver att du är av rasen troll, 125 Styrka, 105 Svärd (rek);+7 svärd, +7 Uthållighet;;;;;;;;;Den grova, oslipade klingan på detta svärd gör att det inte har någon direkt skäryta. Men de flesta svartblod kan kompensera avsaknaden av detta med ren råstyrka, för med tillräckligt mycket kraft bakom svingen kommer klingan ändå hugga på mitten vad den än träffar.
213;weapon;Högalviskt slagsvärd;Sword;15+;200;Skada 11-14 · Krit 15 + (1% till 5%) · Kritchans 0-4% · Hållbarhet 112 · Block/runda 2 · Dual · Vikt 6 · Ench 1;Kräver att du är av rasen alv, 75 Styrka, 125 Svärd (rek);+2% Perfekt träff, +5 svärd, +5 Undvika anfall;;;;;;;;;Ett långt och smidigt svärd, som trots sin tunna klinga kan svingas med förvånande kraft. Alvernas smideskonst går i stora drag ut på att göra så mycket som möjligt av så lite material som möjligt, för att hålla vapnen lätta och lättmanövrerade. Slagsvärdet är ett ypperligt exempel på det.
187;weapon;Välvårdat långsvärd;Sword;15+;250;Skada 9-13 · Krit 14 + (1% till 5%) · Kritchans 0-3% · Hållbarhet 107 · Block/runda 2 · Dual · Vikt 8 · Ench 1;65 Styrka, 110 Svärd (rek);+1% Perfekt träff, +10 svärd, +10 Inlärningsförmåga;Vapensmide 3;1 x Alvsilver;1 x Långsvärd;0;1500;;;;Med eget svett, blod och dedikation så har du lagat de skråmor ditt pålitliga långsvärd har genomgått och har nu fått nytt liv. Om du fortsätter smida svärd på detta vis så kanske du en dag kommer ta över för Durin.
61;weapon;Besmyckat långsvärd;Sword;15+;480;Skada 10-14 · Krit 15 + (1% till 5%) · Kritchans 0-3% · Hållbarhet 106 · Block/runda 2 · Dual · Vikt 8 · Ench 1;75 Styrka, 115 Svärd (rek);+10 svärd;;;;;;;;;Det är oklart om de ädelstenar som pryder svärdets skaft har någon faktisk effekt, men det verkar åtminstone ha den psykologiska effekten att ge bäraren mer självförtroende. Det verkar som att Durin trots sin ödmjuka framtoning har en sida som uppskattar prålighet.
60;weapon;En och en halvhandssvärd;Sword;15+;420;Skada 10-17 · Krit 18 + (1% till 5%) · Kritchans 0-3% · Hållbarhet 111 · Block/runda 2 · Dual · Vikt 8 · Ench 1;105 Styrka, 110 Svärd (rek);-;;;;;;;;;Detta svärd är på flera sätt ett förfinat bastardsvärd, längre än ett enhandssvärd men aningen kortare än ett tvåhandssvärd. Genom en elegant och noggrann utformning har svärdets vikt kunnat hållas låg och möjliggöra enhandsmanövrering.De främsta riddarna ståtar gärna med sina pråliga och långa svärd, men det betyder inte att de inte kan användas. Dessa svärd är effektiva verktyg för att nedkämpa allsköns fiender.
59;weapon;Draksvärd;Sword;15+;420;Skada 11-15 · Krit 16 + (1% till 5%) · Kritchans 0-4% · Hållbarhet 94 · Block/runda 2 · Dual · Vikt 9 · Ench 1;95 Styrka, 115 Svärd (rek);+1% Perfekt träff, +5 Bashälsa, +5 Uthållighet, +5 Initiativstyrka;Vapensmide 3;2 x Granträ, 1 x Svart valnöt, 2 x Stål, 2 x Alvsilver;;0;1750;;;;Det här svärdet är sirligt dekorerat så att hjaltet liknar drakvingar. Själva klingan är också dekorerad med ett fjäll-liknande mönster som ger ett slående intryck när solljuset spelar över bladet. Ett imponerande vapen som inte bara är dekorativt.
56;weapon;Slagsvärd;Sword;15+;260;Skada 9-15 · Krit 16 + (1% till 5%) · Kritchans 0-4% · Hållbarhet 97 · Block/runda 2 · Dual · Vikt 8 · Ench 1;85 Styrka, 105 Svärd (rek);+10 Bashälsa;;;;;;;;;Detta tunga och kompakta svärd är en vanlig syn på arenans sand, då det är lätt att orsaka stor skada med det utan att vara särskilt skicklig. Om bäraren faktiskt också är skicklig kan slagsvärdet vara ett formidabelt vapen.
55;weapon;Riddarsvärd;Sword;15+;190;Skada 9-14 · Krit 15 + (1% till 5%) · Kritchans 0-2% · Hållbarhet 85 · Block/runda 2 · Dual · Vikt 9 · Ench 1;65 Styrka, 105 Svärd (rek);+5 Bashälsa;;;;;;;;;Ett svärd är inte alltid en riddares förstahandsval. En riddare sittandes på hästrygg skulle göra klokt i att använda en lans och på distans är ett armborst ett utmärkt val. Först i de fall en riddare befinner sig i en närstrid är svärdet det primära vapnet. Därför måste en god riddare även tränas i att hantera svärd. Riddarsvärden är ofta väl utsmyckade men något kortare, lättare och enklare att hantera än många andra liknande vapen.
36;armor;Lamellharnesk;Chest;15+;180;Block 5 · Vikt 3;100 Styrka;+2 Bashälsa;;;;;;;;;Tillverkad av metallameller av tunn tjocklek.  Levereras med justerbara läderremmar.Denna typ av lamellrustning är vanlig hos gladiatorer som letar efter lite mer skydd.
722;armor;Svart tygbyxa;Legs;15+;;Block 3 · Vikt 1;Kräver att du är av rasen ork, Kräver att du är av rasen troll, Kräver att du är av rasen goblin;+3 Bashälsa;;;;;;;;;
725;armor;Röd tygbyxa;Legs;15+;;Block 3 · Vikt 1;Kräver att du är av rasen dvärg, Kräver att du är av rasen alv, Kräver att du är av rasen människa;+3 Initiativstyrka;;;;;;;;;
53;armor;Lamellskor;Feet;15+;160;Block 3 · Vikt 1;100 Styrka;+2 Uthållighet;;;;;;;;;Tillverkad av metallameller av tunn tjocklek.  Levereras med justerbara läderremmar.Denna typ av lamellrustning är vanlig hos gladiatorer som letar efter lite mer skydd.
52;armor;Lamellbyxor;Legs;15+;180;Block 5 · Vikt 3;100 Styrka;+2 Uthållighet;;;;;;;;;Tillverkad av metallameller av tunn tjocklek.  Levereras med justerbara läderremmar.Denna typ av lamellrustning är vanlig hos gladiatorer som letar efter lite mer skydd.
51;armor;Lamellhandskar;Hands;15+;160;Block 3 · Vikt 1;100 Styrka;+2 Styrka;;;;;;;;;Tillverkad av metallameller av tunn tjocklek.  Levereras med justerbara läderremmar.Denna typ av lamellrustning är vanlig hos gladiatorer som letar efter lite mer skydd.
49;armor;Lamellhjälm;Head;15+;160;Block 5 · Vikt 3;100 Styrka;+2 Bashälsa;;;;;;;;;Tillverkad av metallameller av tunn tjocklek.  Levereras med justerbara läderremmar.Denna typ av lamellrustning är vanlig hos gladiatorer som letar efter lite mer skydd.
62;jewelry;Hajtand;Trinket;15+;460;-;-;+6 Undvika anfall;Föremålssmide 3;1 x Svart valnöt, 2 x Läder, 1 x Blodpint;;0;1000;;;;En stor tand utdragen ur käftarna på den mytomspunna Oljehajen. Du får känslan av att ha ögon i nacken när du håller i den.
634;armor;Axelstycke av goblinskt stål;Shoulders;15+;150;Block 3 · Vikt 1;120 Styrka, Kräver att du är av rasen goblin;+2 Initiativstyrka, +1 Undvika anfall;Rustningssmide 3;2 x Stål, 3 x Päls;;0;300;;;;Det goblinska stålet tillhör ovanligheten då få gobliner väljer att ägna sig åt hantverket. Rustning eller vapen tillverkade av det är dock av utmärkt kvalité och dessutom lättare än vanligt stål.
44;armor;Axelstycke av ringbrynja;Shoulders;15+;100;Block 2;70 Styrka;+1 Initiativstyrka;Rustningssmide 3;1 x Stål, 2 x Päls;;0;250;;;;Axelstycket är smitt enligt konstens alla regler. Hundratals ringar av järn är sammanlänkade för att bilda en flexibel men ändå hållbar beklädnad. Den ger ett medelhögt skydd och på grund av materialet väger den också ganska mycket. Ett väl avvägt skydd för den balanserade krigaren.
63;jewelry;Guldkrona;Trinket;15+;500;-;-;+14 Ledarskap;Föremålssmide 3;1 x Ekträ, 1 x Päls, 1 x Flytande guld;;0;1000;;;;Alla som befinner sig i rummet med den som bär Guldkronan blir inspirerade och fylls av en outtalad respekt...
50;armor;Axelplåt av lamell;Shoulders;15+;160;Block 3 · Vikt 1;100 Styrka;+2 Styrka;;;;;;;;;Tillverkad av metallameller av tunn tjocklek.  Levereras med justerbara läderremmar.Denna typ av lamellrustning är vanlig hos gladiatorer som letar efter lite mer skydd.
71;jewelry;Kaninöra;Trinket;15+;560;-;-;+2 Initiativstyrka, +4 Undvika anfall;Föremålssmide 3;1 x Svart valnöt, 1 x Päls, 2 x Elementsav;;0;1000;;;;Några mil utanför stadens murar, på Bal'Dar bergets sluttningar, ligger Tansirskogen. Där bor en viss typ av kanin som en gång var tionde år tappar sina öron likt en älg tappar sina horn. Om man har turen att få tag i ett öra och bevarar det på ett sätt som lokalbefolkningen tagit fram blir man något snabbare, i alla riktningar.
633;armor;Goblinska stålsabaton;Feet;15+;150;Block 3 · Vikt 1;120 Styrka, Kräver att du är av rasen goblin;+2 Initiativstyrka, +1 Undvika anfall;Rustningssmide 3;2 x Stål, 3 x Päls;;0;300;;;;Det goblinska stålet tillhör ovanligheten då få gobliner väljer att ägna sig åt hantverket. Rustning eller vapen tillverkade av det är dock av utmärkt kvalité och dessutom lättare än vanligt stål.
112;armor;Latheárhandskar;Hands;15+;150;Block 2;Kräver att du är av rasen alv, 60 Styrka;+3 Initiativstyrka;Rustningssmide 3;2 x Päls, 2 x Läder;;0;300;;;;Latheártyget från Beren Delias hemskog är tjockt och svårt att slå sönder, men väger trots det nästan ingenting.
72;jewelry;Trollamulett;Amulet;15+;620;-;-;+3 Bashälsa, +3 Styrka;Föremålssmide 3;1 x Svart valnöt, 2 x Läder, 1 x Blodpint;;0;1000;;;;Tsol'Rakash var en tyrannisk shaman i en trollstam som fram tills nyligen terroriserade områden ungefär en dags ritt från staden. En av faktorerna som gav hans stam sån framgång var förmågan att kunna destillera trollens inneboende styrka och tålighet till amuletter som sedan användes av trollen i dess räder.
160;armor;Tempelhandskar;Hands;15+;150;Block 3 · Vikt 1;Kräver att du är av rasen människa, 100 Styrka;+4 hammare, +3 Bashälsa;Rustningssmide 3;2 x Stål, 3 x Päls;;0;300;;;;
635;armor;Goblinska stålhandskar;Hands;15+;150;Block 3 · Vikt 1;120 Styrka, Kräver att du är av rasen goblin;+2 Initiativstyrka, +1 Undvika anfall;Rustningssmide 3;2 x Stål, 3 x Päls;;0;300;;;;Det goblinska stålet tillhör ovanligheten då få gobliner väljer att ägna sig åt hantverket. Rustning eller vapen tillverkade av det är dock av utmärkt kvalité och dessutom lättare än vanligt stål.
111;armor;Latheárjacka;Chest;15+;300;Block 3 · Vikt 1;Kräver att du är av rasen alv, 60 Styrka;+3 Undvika anfall;Rustningssmide 3;4 x Päls, 2 x Läder;;0;500;;;;Latheártyget från Beren Delias hemskog är tjockt och svårt att slå sönder, men väger trots det nästan ingenting.
110;armor;Latheárvaddar;Shoulders;15+;150;Block 2;Kräver att du är av rasen alv, 60 Styrka;+3 Initiativstyrka;Rustningssmide 3;2 x Päls, 2 x Läder;;0;300;;;;Latheártyget från Beren Delias hemskog är tjockt och svårt att slå sönder, men väger trots det nästan ingenting.
114;armor;Latheársandaler;Feet;15+;150;Block 2;Kräver att du är av rasen alv, 60 Styrka;+3 Undvika anfall;Rustningssmide 3;2 x Päls, 2 x Läder;;0;300;;;;Latheártyget från Beren Delias hemskog är tjockt och svårt att slå sönder, men väger trots det nästan ingenting.
109;armor;Latheárhuva;Head;15+;300;Block 3 · Vikt 1;Kräver att du är av rasen alv, 60 Styrka;+3 Initiativstyrka;Rustningssmide 3;4 x Päls, 2 x Läder;;0;500;;;;Latheártyget från Beren Delias hemskog är tjockt och svårt att slå sönder, men väger trots det nästan ingenting.
172;jewelry;Blodstenskedja;Neck;15+;150;-;Kräver att du har bedriften Sjuklig närvaro;+2 yxor, +2 svärd, +2 hammare, +2 stavar, +2 sköldar, +2 stickvapen, +2 kättingvapen, +2 Obeväpnat, +1 Bashälsa, +1 Styrka, +1 Initiativstyrka, +1 Undvika anfall;Föremålssmide 5;2 x Svart valnöt, 2 x Läder, 2 x Blodpint;;0;2600;;;;
281;armor;Spikad axelplåt;Shoulders;15+;75;Block 3 · Vikt 2;100 Styrka;+5 Bashälsa, +3 Provokation;;;;;;;;;En tung axelplåt i svartstål med långa spikar att hänga trofeer från fallna gladiatorer från.
162;armor;Tempelstövlar;Feet;15+;150;Block 3 · Vikt 1;Kräver att du är av rasen människa, 100 Styrka;+4 stickvapen, +3 Undvika anfall;Rustningssmide 3;2 x Stål, 3 x Päls;;0;300;;;;
158;armor;Tempelaxlar;Shoulders;15+;150;Block 3 · Vikt 1;100 Styrka, Kräver att du är av rasen människa;+4 kättingvapen, +3 Styrka;Rustningssmide 3;2 x Stål, 3 x Päls;;0;300;;;;
46;armor;Ringbrynjehandskar;Hands;15+;100;Block 2;70 Styrka;+1 Initiativstyrka;Rustningssmide 3;1 x Järn, 1 x Päls, 1 x Läder;;0;250;;;;Rinbrynjehandskarna är smidda enligt konstens alla regler. Hundratals ringar av järn är sammanlänkade för att bilda en flexibel men ändå hållbar beklädnad. Den ger ett medelhögt skydd och på grund av materialet väger den också ganska mycket. Ett väl avvägt skydd för den balanserade krigaren.
45;armor;Ringbrynjeharnesk;Chest;15+;120;Block 4 · Vikt 2;70 Styrka;+2 Undvika anfall;Rustningssmide 3;2 x Järn, 2 x Päls, 1 x Läder;;0;300;;;;Denna ringbrynjeharnesk är smidd enligt konstens alla regler. Hundratals ringar av järn är sammanlänkade för att bilda en flexibel men ändå hållbar beklädnad. Den ger ett medelhögt skydd och på grund av materialet väger den också ganska mycket. Ett väl avvägt skydd för den balanserade krigaren.
123;armor;Benskydd av stansat svartstål;Legs;15+;300;Block 7 · Vikt 4;120 Styrka, Kräver att du är av rasen ork, Kräver att du är av rasen troll, Kräver att du är av rasen goblin;+3 Bashälsa;Rustningssmide 3;4 x Järn, 2 x Stål;;0;550;;;;V-formade böjda stålbitar i grovt svartstål i 6 lager över smalbenetSvartstål bryts från bergstrakter där svartblod, såsom troll och orker lever.  Dvärgarna och alverna skyr detta material och vägrar arbeta med det.
159;armor;Tempelharnesk;Chest;15+;300;Block 5 · Vikt 2;Kräver att du är av rasen människa, 100 Styrka;+4 yxor, +2 Uthållighet;Rustningssmide 3;2 x Stål, 4 x Päls;;0;500;;;;
121;armor;Harnesk av stansat svartstål;Chest;15+;300;Block 7 · Vikt 4;120 Styrka, Kräver att du är av rasen ork, Kräver att du är av rasen troll, Kräver att du är av rasen goblin;+3 Bashälsa;Rustningssmide 3;4 x Järn, 2 x Stål;;0;550;;;;Stora v-formade svartstålsbitar sammansatt av stålkedjor från hals ner till midja.Svartstål bryts från bergstrakter där svartblod, såsom troll och orker lever.  Dvärgarna och alverna skyr detta material och vägrar arbeta med det.
120;armor;Axelskydd av stansat svartstål;Shoulders;15+;150;Block 5 · Vikt 3;120 Styrka, Kräver att du är av rasen troll, Kräver att du är av rasen ork, Kräver att du är av rasen goblin;+3 Styrka;Rustningssmide 3;3 x Järn, 2 x Stål;;0;300;;;;Två mellanstora v-formade stålbitar i grovt svartstål med spetsarna ut från axlarna för bättre skydd, oftast olika storlekar. Svartstål bryts från bergstrakter där svartblod, såsom troll och orker lever.  Dvärgarna och alverna skyr detta material och vägrar arbeta med det.
43;armor;Ringbrynjehuva;Head;15+;100;Block 4 · Vikt 2;70 Styrka;+2 Uthållighet;Rustningssmide 3;2 x Järn, 2 x Päls, 1 x Läder;;0;300;;;;Rinbrynjehuvan är smidd enligt konstens alla regler. Hundratals ringar av järn är sammanlänkade för att bilda en flexibel men ändå hållbar beklädnad. Den ger ett medelhögt skydd och på grund av materialet väger den också ganska mycket. Ett väl avvägt skydd för den balanserade krigaren.
496;jewelry;Papyruskolonn;Amulet;15+;;-;-;+4 Bashälsa, +4 Initiativstyrka;Föremålssmide 4;2 x Svart valnöt;;0;1800;;;;
113;armor;Latheárbyxor;Legs;15+;300;Block 3 · Vikt 1;Kräver att du är av rasen alv, 60 Styrka;+3 Undvika anfall;Rustningssmide 3;4 x Päls, 2 x Läder;;0;500;;;;Latheártyget från Beren Delias hemskog är tjockt och svårt att slå sönder, men väger trots det nästan ingenting.
481;armor;Sidenhandskar;Hands;15+;;Block 6 (8%);60 Styrka;-;Rustningssmide 4;1 x Stål, 1 x Läder, 1 x Siden;;0;350;;;;Ett par lätta handskar av siden och pegasusfjädrar som skyddar bäraren mot lättare rispor och liknande.
483;armor;Axelstycke av siden;Shoulders;15+;100;Block 6 (8%);60 Styrka;-;Rustningssmide 4;1 x Stål, 1 x Läder, 1 x Siden;;0;350;;;;Ett vackert axelstycke sydd av sidentyg med detaljer utformade av pegasusfjädrar. Mycket vackert och populärt hos människor och alver.
972;jewelry;Blått adelsband;Bracelet;15+;120;-;-;+2% Perfekt träff, +16 Ledarskap;;;;;;;;;Adelsbanden är mer än smycken – de är symboler för adelns styrka, visdom och ansvar. Smidda i noggrant utvald metall och präglade med tradition, bär de på historien av dem som styrt, förhandlat och kämpat för Stenhems framtid. Varje band har sin unika kraft, formad av den metall som smälts in i dess kärna. Vissa skänker ledarskap och makt, andra bär på tur och intuition, men alla är en påminnelse om adelns plikt att leda. De som bär Adelsbanden är inte bara arvtagare till titlar – de är väktare av ordning och tradition, de som bär stadens framtid på sina handleder.
970;jewelry;Rött adelsband;Bracelet;15+;120;-;-;+2% Perfekt träff, +16 Provokation;;;;;;;;;Adelsbanden är mer än smycken – de är symboler för adelns styrka, visdom och ansvar. Smidda i noggrant utvald metall och präglade med tradition, bär de på historien av dem som styrt, förhandlat och kämpat för Stenhems framtid. Varje band har sin unika kraft, formad av den metall som smälts in i dess kärna. Vissa skänker ledarskap och makt, andra bär på tur och intuition, men alla är en påminnelse om adelns plikt att leda. De som bär Adelsbanden är inte bara arvtagare till titlar – de är väktare av ordning och tradition, de som bär stadens framtid på sina handleder.
305;armor;Runklädd bacinet;Head;15+;;Block 9 (12%) · Vikt 2;80 Styrka;-;Rustningssmide 3;4 x Järn, 1 x Stål, 1 x Läder;;0;400;;;;En bacinet hjälm, täckt i skyddande runor smidd av härdat stål.
308;armor;Runklädda benskydd;Legs;15+;;Block 9 (12%) · Vikt 2;80 Styrka;-;Rustningssmide 3;4 x Järn, 1 x Stål, 1 x Läder;;0;400;;;;Ett par benskydd med runor i alvsilver som enligt dvärgarna skyddar bäraren mot allt ont.
464;armor;Runklädd axelplåt;Shoulders;15+;;Block 7 (10%) · Vikt 1;80 Styrka;-;Rustningssmide 3;3 x Järn, 1 x Stål, 1 x Läder;;0;300;;;;Ett par axelskydd klädda med orkiska runor för styrka och mod
462;armor;Runklädda handskar;Hands;15+;;Block 7 (10%) · Vikt 1;80 Styrka;-;Rustningssmide 3;3 x Järn, 1 x Stål, 1 x Läder;;0;300;;;;Ett par handskar täckta i dvärgiska runor som lovar att förgöra bärarens fiender.
463;armor;Runklädda sabaton;Feet;15+;;Block 7 (10%) · Vikt 1;80 Styrka;-;Rustningssmide 3;3 x Järn, 1 x Stål, 1 x Läder;;0;300;;;;Ett par rustningsskor täckta med alviska runan för vind
971;jewelry;Blått knegarband;Bracelet;15+;120;-;-;+2% Perfekt träff, +16 Ledarskap;;;;;;;;;"Ett grovt flätat armband av mörkt läder och inslag av smidda järntrådar, härdat av arbetarnas svett och kampens eld. Varje repad yta, varje flätning bär spår av dem som vägrar böja sig för adelsmaktens kalla grepp. I mitten pryds det av en enkel men kraftfull symbol – en hammare inristad Detta är inget smycke för prål eller rikedom. Det är en ed bunden runt handleden, en tyst men obrytbar förklaring: ""Vi ger oss aldrig."" Att bära knegarbandet är att bära folkets vilja, att vara en som slår tillbaka när de svaga trampas på, en som står fast när stormen kommer, en som inte tystnar även när makten försöker tvinga ner en på knä. För knegarna. För framtiden. För friheten."
667;jewelry;Gult novisband;Bracelet;15+;60;-;-;+10 Tur;;;;;;;;;Ett armband för att påminna dig om din hårda träning och vad du dragit för lärdomar under tidens gång.
670;jewelry;Vitt novisband;Bracelet;15+;60;-;-;+10 Disciplin;;;;;;;;;Ett armband för att påminna dig om din hårda träning och vad du dragit för lärdomar under tidens gång.
969;jewelry;Rött knegarband;Bracelet;15+;120;-;-;+2% Perfekt träff, +16 Provokation;;;;;;;;;"Ett grovt flätat armband av mörkt läder och inslag av smidda järntrådar, härdat av arbetarnas svett och kampens eld. Varje repad yta, varje flätning bär spår av dem som vägrar böja sig för adelsmaktens kalla grepp. I mitten pryds det av en enkel men kraftfull symbol – en hammare inristad Detta är inget smycke för prål eller rikedom. Det är en ed bunden runt handleden, en tyst men obrytbar förklaring: ""Vi ger oss aldrig."" Att bära knegarbandet är att bära folkets vilja, att vara en som slår tillbaka när de svaga trampas på, en som står fast när stormen kommer, en som inte tystnar även när makten försöker tvinga ner en på knä. För knegarna. För framtiden. För friheten."
968;jewelry;Vitt adelsband;Bracelet;15+;120;-;-;+2% Perfekt träff, +21 Disciplin;;;;;;;;;Adelsbanden är mer än smycken – de är symboler för adelns styrka, visdom och ansvar. Smidda i noggrant utvald metall och präglade med tradition, bär de på historien av dem som styrt, förhandlat och kämpat för Stenhems framtid. Varje band har sin unika kraft, formad av den metall som smälts in i dess kärna. Vissa skänker ledarskap och makt, andra bär på tur och intuition, men alla är en påminnelse om adelns plikt att leda. De som bär Adelsbanden är inte bara arvtagare till titlar – de är väktare av ordning och tradition, de som bär stadens framtid på sina handleder.
967;jewelry;Vitt knegarband;Bracelet;15+;120;-;-;+2% Perfekt träff, +21 Disciplin;;;;;;;;;"Ett grovt flätat armband av mörkt läder och inslag av smidda järntrådar, härdat av arbetarnas svett och kampens eld. Varje repad yta, varje flätning bär spår av dem som vägrar böja sig för adelsmaktens kalla grepp. I mitten pryds det av en enkel men kraftfull symbol – en hammare inristad Detta är inget smycke för prål eller rikedom. Det är en ed bunden runt handleden, en tyst men obrytbar förklaring: ""Vi ger oss aldrig."" Att bära knegarbandet är att bära folkets vilja, att vara en som slår tillbaka när de svaga trampas på, en som står fast när stormen kommer, en som inte tystnar även när makten försöker tvinga ner en på knä. För knegarna. För framtiden. För friheten."
699;jewelry;Tass från Apellonisk Bjorc;Amulet;15+;;-;-;+2% Perfekt träff, +2 Styrka, +2 Uthållighet, +2 Initiativstyrka, +1 Undvika anfall;;;;;;;;;
479;armor;Sidenhuva;Head;15+;150;Block 8 (10%) · Vikt 1;60 Styrka;-;Rustningssmide 4;2 x Stål, 2 x Läder, 1 x Siden;;0;500;;;;En lätt huva av siden som prydd med pegasusfjädrar. Skyddar bäraren men är lätt att slåss i.
683;jewelry;En kartografs kompass;Trinket;15+;500;Träffchans +1;-;+7 Uthållighet, +5 Disciplin;Föremålssmide 2;1 x Minnesskärva;;0;600;;;;En vacker kompass av äldre modell inspirerad av den kompass Vimund bar när han fann de mystiska svamparna.
60;jewelry;Väpnarhandske;Bracelet;15+;300;-;-;+3 yxor, +3 svärd, +3 hammare, +3 stavar, +3 sköldar, +3 stickvapen, +3 kättingvapen, +3 Obeväpnat, +3 Uthållighet;Föremålssmide 3;1 x Päls, 1 x Siden, 2 x Elementsav;;0;1000;;;;En handske buren av en skicklig väpnare. När du tar på dig den känner du en ärvd expertis från föregående bärare.
124;armor;Skor av stansat svartstål;Feet;15+;150;Block 5 · Vikt 3;120 Styrka, Kräver att du är av rasen troll, Kräver att du är av rasen ork, Kräver att du är av rasen goblin;+3 Uthållighet;Rustningssmide 3;3 x Järn, 2 x Stål;;0;300;;;;V-formade Stålbitar i grovt svartstål. Virat i fyra lager över foten för att kunna ge den smidighet som behövs.Svartstål bryts från bergstrakter där svartblod, såsom troll och orker lever.  Dvärgarna och alverna skyr detta material och vägrar arbeta med det.
122;armor;Handskar av stansat svartstål;Hands;15+;150;Block 5 · Vikt 3;120 Styrka, Kräver att du är av rasen troll, Kräver att du är av rasen ork, Kräver att du är av rasen goblin;+3 Styrka;Rustningssmide 3;3 x Järn, 2 x Stål;;0;300;;;;v-formade böjda stålbitar i grovt svartstål i 2 lager, utformade till ett pat starkt bepansrade handskarSvartstål bryts från bergstrakter där svartblod, såsom troll och orker lever.  Dvärgarna och alverna skyr detta material och vägrar arbeta med det.
119;armor;Hjälm av stansat svartstål;Head;15+;300;Block 7 · Vikt 4;120 Styrka, Kräver att du är av rasen troll, Kräver att du är av rasen ork, Kräver att du är av rasen goblin;+3 Uthållighet;Rustningssmide 3;4 x Järn, 2 x Stål;;0;550;;;;Hög, spetsig stålhjälm i grovt stansat svartstål.Svartstål bryts från bergstrakter där svartblod, såsom troll och orker lever.  Dvärgarna och alverna skyr detta material och vägrar arbeta med det.
302;jewelry;Silversydd pälsmantel;Back;15+;;Vikt 1;-;+1% Perfekt träff, +5 Uthållighet;Föremålssmide 3;4 x Päls, 1 x Siden, 2 x Elementsav;;0;1000;;;;En vackert sydd pälsmantel med silvertråd, värmer väl kalla nätter och visar upp din status för andra gladiatorer
215;armor;Goblinsk tvebrynja;Chest;15+;300;Block 4 · Vikt 2;150 Styrka, Kräver att du är av rasen goblin;+2 Initiativstyrka, +2 Undvika anfall;Rustningssmide 3;2 x Stål, 4 x Päls;;0;500;;;;Goblinsk Tvebrynja är sällsynt men desto uppskattad konsthantverk, känd för dess svårighet och möda att skapa. Endast de starkaste och uthålligaste Gobliner har fysiken och skicklighet nog att uthärda. Även tung pengabörs behövs då materialen till tvebrynjan är sällsynta.
684;armor;Hövdingsstövlar;Feet;15+;;Block 5 · Vikt 1;50 Styrka;+5 Ledarskap;Rustningssmide 2;1 x Minnesskärva;;0;300;;;;Ett par tilltagna stövlar av modell större.  Förvånansvärt lika de stövlar den forna hövdingen Harald Are bar.
427;jewelry;Guldarmband;Bracelet;15+;;-;-;+5 Undvika anfall;;;;;;;;;Ett magiskt armband av renaste guld.
867;armor;Palmtygshuva;Head;15+;300;Block 4 · Vikt 1;Kräver att du är av rasen salamanth, Kräver att du är ung, 60 Styrka;+2 Undvika anfall;Rustningssmide 3;2 x Läder, 4 x Blodpint;;0;550;;;;När salamanther lämnar barndomen är det traditionsenligt att de klär sig i dessa rustningar gjorda av tyg tillverkat av palmfibrer och blad. De är lätta och ger ett relativt bra skydd, men då de är starkt kopplade till ungdomen är det strikt tabu för vuxna salamanther att ikläda sig dem.
559;jewelry;Solveigs talisman;Trinket;15+;300;Träffchans +-3;Kräver att du har bedriften Oantastlig;+9 Undvika anfall;;;;;;;;;Bello hävdar att denna enkla talisman i snidat trä en gång tillhört en alvinna vars förmåga att undgå sin motståndares slag endast var överträffad av hennes egen förmåga att inte få till ett endaste anfall tillbaka.Nog tillför den till dina egenskaper att undvika, men likaså Solveigs svaghet.
685;armor;Robust ringbrynja;Chest;15+;120;Block 3 · Vikt 1;80 Styrka;+3 Undvika anfall;;;;;;;;;Denna ringbrynja är vid första anblick väldigt lik vilken ringbrynja som helst. Den som tar en närmre titt noterar dock att ringarna är aningen tunnare och mer perfekt runda.
878;armor;Palmtygsskor;Feet;15+;150;Block 3;Kräver att du är av rasen salamanth, Kräver att du är ung, 60 Styrka;+1 Undvika anfall;Rustningssmide 3;2 x Läder, 2 x Blodpint;;0;300;;;;När salamanther lämnar barndomen är det traditionsenligt att de klär sig i dessa rustningar gjorda av tyg tillverkat av palmfibrer och blad. De är lätta och ger ett relativt bra skydd, men då de är starkt kopplade till ungdomen är det strikt tabu för vuxna salamanther att ikläda sig dem.
868;armor;Palmtygsvaddar;Shoulders;15+;150;Block 3;Kräver att du är ung, Kräver att du är av rasen salamanth, 60 Styrka;+1 Initiativstyrka;Rustningssmide 3;2 x Läder, 2 x Blodpint;;0;300;;;;När salamanther lämnar barndomen är det traditionsenligt att de klär sig i dessa rustningar gjorda av tyg tillverkat av palmfibrer och blad. De är lätta och ger ett relativt bra skydd, men då de är starkt kopplade till ungdomen är det strikt tabu för vuxna salamanther att ikläda sig dem.
829;armor;Måttfullhetens handskar;Hands;15+;;Block 3 · Vikt 1;60 Styrka;+5 Bashälsa;;;;;;;;;Handskarna är symbolen för måttfullhetens dygd, ett tecken på försoning.
875;armor;Palmtygsharnesk;Chest;15+;300;Block 4 · Vikt 1;Kräver att du är av rasen salamanth, Kräver att du är ung, 60 Styrka;+2 Bashälsa;Rustningssmide 3;2 x Läder, 4 x Blodpint;;0;550;;;;När salamanther lämnar barndomen är det traditionsenligt att de klär sig i dessa rustningar gjorda av tyg tillverkat av palmfibrer och blad. De är lätta och ger ett relativt bra skydd, men då de är starkt kopplade till ungdomen är det strikt tabu för vuxna salamanther att ikläda sig dem.
488;armor;Bergets handskar;Hands;15+;150;Block 5 · Vikt 3;100 Styrka, 30 Uthållighet, Kräver att du är av rasen dvärg;+3 Styrka;Rustningssmide 3;3 x Järn, 2 x Läder;;0;300;;;;Handskar gjorda efter de mest eftertraktade dvärgiska smideskonsterna. I enlighet med traditionerna pryds rustningen av dvärgiska runor som ska skänka mod och tapperhet till de dvärgiska krigare som bär den.Rustningen täcker dess bärare ordentlig av ett rejält stycke metall. Vilket ger ett effektivt skydd som även välsmidda vapen har svårt att tränga igenom ordentligt.
486;armor;Bergets axelplåt;Shoulders;15+;150;Block 5 · Vikt 3;100 Styrka, 30 Uthållighet, Kräver att du är av rasen dvärg;+3 Uthållighet;Rustningssmide 3;3 x Järn, 2 x Läder;;0;300;;;;En axelplåt gjord efter de mest eftertraktade dvärgiska smideskonsterna. I enlighet med traditionerna pryds rustningen av dvärgiska runor som ska skänka mod och tapperhet till de dvärgiska krigare som bär den.Rustningen täcker dess bärare ordentlig av ett rejält stycke metall. Vilket ger ett effektivt skydd som även välsmidda vapen har svårt att tränga igenom ordentligt.
1087;jewelry;Kanelbulle;Trinket;15+;;-;-;+8 Bashälsa, -10 Disciplin;;;;;;;;;Mums, den ser verkligen god ut!
1095;armor;Strykavs Green day T-Shirt;Chest;15+;1;Block 1 · Vikt 1;-;+7 Undvika anfall;;;;;;;;;
876;armor;Palmtygshandskar;Hands;15+;150;Block 3 · Träffchans +1;Kräver att du är av rasen salamanth, Kräver att du är ung, 60 Styrka;+1 Initiativstyrka;Rustningssmide 3;2 x Läder, 2 x Blodpint;;0;300;;;;När salamanther lämnar barndomen är det traditionsenligt att de klär sig i dessa rustningar gjorda av tyg tillverkat av palmfibrer och blad. De är lätta och ger ett relativt bra skydd, men då de är starkt kopplade till ungdomen är det strikt tabu för vuxna salamanther att ikläda sig dem.
877;armor;Palmtygsbyxor;Legs;15+;300;Block 4 · Vikt 1;Kräver att du är av rasen salamanth, Kräver att du är ung, 60 Styrka;+2 Bashälsa;Rustningssmide 3;2 x Läder, 4 x Blodpint;;0;550;;;;När salamanther lämnar barndomen är det traditionsenligt att de klär sig i dessa rustningar gjorda av tyg tillverkat av palmfibrer och blad. De är lätta och ger ett relativt bra skydd, men då de är starkt kopplade till ungdomen är det strikt tabu för vuxna salamanther att ikläda sig dem.
478;armor;Sidentunika;Chest;15+;100;Block 8 (10%) · Vikt 1;60 Styrka;-;Rustningssmide 4;2 x Stål, 2 x Läder, 1 x Siden;;0;500;;;;En vackert sydd tunika av siden dekorerad med pegasusfjädrar. Mycket uppskattad bland stadens många människor och alver.
237;consumable;Välsignelse från havet;;15+;;Cooldown 0 sekunder;-;-5 Bashälsa;;;;;;;;;Du har nu kraften av en räkstjärt.
33;consumable;Nålens öga;;15+;100;Varaktighet 90 · Cooldown 0 sekunder;-;+5 Bashälsa;Alkemi 5;3 x Cyklopöga;;100;700;;;;En mixtur vars huvudingrediens är ögon från en cyklop. Vid förtäring förbättrar den här mixturen temporärt en gladiators synförmåga drastiskt.
9;consumable;Förtroende i flaska;;15+;160;Varaktighet 90 · Cooldown 0 sekunder;-;-5% yxor, -5% svärd, -5% hammare, -5% stavar, -5% sköldar, -5% stickvapen, -5% kättingvapen, +5% Bashälsa, +5% Styrka, +5% Uthållighet, +5% Initiativstyrka, +5% Undvika anfall;Alkemi 4;2 x Elementsav;;0;900;;;;En resa för själen som pressar etervärlden till den fysiska världenAllt har sina baksidor..
227;consumable;Föråldrad förtroende i flaska;;15+;160;Varaktighet 90 · Cooldown 0 sekunder;-;-6% yxor, -6% svärd, -6% hammare, -6% stavar, -6% sköldar, -6% stickvapen, -6% kättingvapen, -6% Obeväpnat, +3% Bashälsa, +3% Styrka, +3% Uthållighet, +3% Initiativstyrka, +3% Undvika anfall, +3% Inlärningsförmåga, +3% Disciplin, +3% Ledarskap;;;;;;;;;En dammig glasflaska med etiketten nästan oläslig av tidens tand. Inuti skvalpar en mystisk vätska som verkar ha förlorat sin glans. Bäst före datumet är passerat med råge, vilket lämnar en känsla av att innehållet en gång var fyllt av hopp och tillförlitlighet – nu mest en bitter eftersmak av svunna dagar.
85;enchant;Bola;;15+;1;-;-;-7 Undvika anfall, -6 vapenfärdigheten yxor, -6 vapenfärdigheten kättingvapen, -6 vapenfärdigheten hammare, -6 vapenfärdigheten stickvapen, -6 vapenfärdigheten stavar, -6 vapenfärdigheten svärd;;;;;;;;;
86;enchant;Dubbeleggad Kastyxa;;15+;1;-;-;-;;;;;;;;;
97;enchant;Fornalvisk slunga;;15+;1;-;-;-;Vapensmide 2;1 x Minnesskärva;;0;700;;;;En vacker och lätt slunga trots sin enkelhet. Påminner till stor del om den slunga Beren Delia sågs bära i yngre dagar före det han slog upp sitt köpmannastånd.
837;weapon;Vansinnigt gissel;Chain;20+;800;Skada 20-32 · Krit 33 + (20% till 35%) · Kritchans 0-9% · Hållbarhet 94 · Block/runda 2 · 2H · Vikt 23 · Ench 2;180 Styrka, 135 Kättingvapen (rek);+2% Perfekt träff, -15 Tur;;;;;;;;;Vansinnigt gissel är inte ett alldagligt kättingvapen. Det är snarare en manifestation av uråldriga förbannelser och djurisk styrka. Denna förtrollade kedja är smidd av det renaste ädelstålet och invävd med magiska runor som pulserar av energi. Vid första ögonkastet ser den ut som en elegant och sofistikerad pjäs, men först när den används i strid blir dess sanna kraft uppenbar.Vapnets kedjor är inte bara fysiska, utan även magiska band som binder dess användare till kraften i de forntida elementen. Genom att svänga kedjan i luften kan användaren manipulera elementen och göra förödande skada på sin motståndare. Det magiska bandet som förbinder användaren med detta gissel agerar som en förlängning av såväl användarens som vapnets vilja och intensifierar deras stridsförmåga till sällsynta nivåer.Den sanna hemligheten bakom detta vapen ligger i dess förmåga att avläsa och förstärka användarens känslor. Ju mer hatisk och arg användaren är, desto mäktigare blir det vansinniga gisslet. Det kan absorbera och omvandla användarens starka känslor till en stridskraft utan nåde.Vansinnigt gissel är inte bara ett vapen, det är en följeslagare för de hatfyllda och passionerade krigarna som vågar utmana ödet. Dess legendariska rykte sträcker sig över riken, och dess namn är synonymt med både fruktan och respekt.
782;weapon;Morus lans;Spear;20+;600;Skada 25-32 · Krit 33 + (1% till 15%) · Kritchans 0-10% · Hållbarhet 90 · Block/runda 2 · 2H · Vikt 12 · Ench 2;140 Styrka, 120 Stickvapen (rek);+2% Perfekt träff, +30 Initiativstyrka;;;;;;;;;
518;weapon;Barbaryxa;Axe;20+;405;Skada 9-22 · Krit 23 + (20% till 30%) · Kritchans 0-6% · Hållbarhet 83 · Block/runda 2 · Dual · Vikt 11 · Ench 1;Kräver att du är av rasen goblin, Kräver att du är av rasen ork, Kräver att du är av rasen troll, 125 Styrka, 115 Yxor (rek);-5 Bashälsa, +10 Styrka, +5 Initiativstyrka;Vapensmide 4;4 x Granträ, 3 x Ekträ, 2 x Svart valnöt, 4 x Järn, 2 x Stål, 1 x Alvsilver;;0;1900;;;;Ett fruktat vapen som bara används av svartblod. Den grova eggen är försedd med små hullingar och vassa spikar, allt för att åsamka så gruvliga skador som möjligt. Namnet anspelar antingen på de barbarstammar varifrån yxan sägs härstamma, eller på att det helt enkelt är ett barbariskt redskap.
510;weapon;Större havsyxa;Axe;20+;600;Skada 10-20 · Krit 21 + (20% till 30%) · Kritchans 0-7% · Hållbarhet 85 · Block/runda 2 · Dual · Vikt 10 · Ench 1;110 Styrka, 120 Yxor (rek);+2% Perfekt träff, +8 Styrka, +4 Undvika anfall;Vapensmide 5;1 x Adamantium, 1 x Ekträ, 2 x Svart valnöt, 4 x Järn, 2 x Stål;;0;2350;;;;En större variant av den så populära Havsyxan. Huruvida den existerar i originalskick utöver de rester som funnits och sedan använts för att återskapa den återstår att se...
1083;weapon;Lätt blodsbaner;Stave;20+;250;Hållbarhet 20 · Block/runda 2 · Vikt 10 · Ench 1;100 Styrka;+10 sköldar, +10% Bashälsa, +20 Provokation;;;;;;;;;Ett stort purpurrött baner med arkaiska runor symboliserande blod och ond bråd död. Detta baner sägs driva de som ser det till vansinne med blodlust. Och det väger ganska lite.
1102;weapon;Durtzat'z dolk;Spear;20+;280;Skada 3-11 · Krit 12 + (1% till 5%) · Kritchans 0-5% · Hållbarhet 79 · Block/runda 2 · Dual · Vikt 6 · Ench 1;Kräver att du är av rasen troll, 80 Styrka, 125 Stickvapen (rek);+100% Undvika anfall;;;;;;;;;En unik dolk som enligt sägnen både tillverkats och förtrollats av den enigmatiske Durtat'z, ett troll som sägs studerat med orkiska shamaner.
85;weapon;Alviskt långspjut;Spear;20+;400;Skada 24-25 · Krit 26 + (1% till 15%) · Kritchans 0-9% · Hållbarhet 100 · Block/runda 2 · 2H · Vikt 10 · Ench 2;Kräver att du är av rasen alv, 105 Styrka, 130 Stickvapen (rek);+1% Perfekt träff, +5 stickvapen, +25 Initiativstyrka, +10 Undvika anfall;;;;;;;;;Ett makalöst tungt vapen med alviska mått mätt, men för alla andra är det osedvanligt lätt. Längden och den låga vikten gör att det är mycket svårt att få överhanden mot en van användare av detta formidabla vapen.
1152;weapon;Dubbel Dubbelyxa;Axe;20+;650;Skada 11-20 · Krit 21 + (0% till 0%) · Kritchans 0-15% · Hållbarhet 84 · Block/runda 2 · 2H · Vikt 8 · Ench 2;105 Styrka, 135 Yxor (rek);+5% Perfekt träff, +25 yxor, +10 Initiativstyrka, +10 Undvika anfall;;;;;;;;;
601;weapon;Välsignat hammargissel;Chain;20+;300;Skada 10-20 · Krit 21 + (20% till 50%) · Kritchans 0-7% · Hållbarhet 66 · Block/runda 2 · Vikt 9 · Ench 1;Kräver att du är av rasen människa, Kräver att du är av rasen alv, Kräver att du är av rasen dvärg, 120 Styrka, 120 Kättingvapen (rek);+2% Perfekt träff, +7 kättingvapen, +5 Undvika anfall;;;;;;;;;De skickligaste alviska smederna är så respekterade och högt värdesatta att de i sällsynta fall antar en nästan religiös roll. Deras talanger ses som överjordiska, och vissa anser att det är en gåva från högre makter. Dessa smideshelgon kan välsigna vapen, både sådana som tillverkas av de själva och av andra. Det är en helig och exklusiv ritual, och inga svartblod får lov att röra vapen som välsignats på detta sätt.
591;weapon;Avkortat stridsgissel;Chain;20+;220;Skada 14-17 · Krit 18 + (30% till 50%) · Kritchans 0-6% · Hållbarhet 74 · Block/runda 2 · Vikt 9 · Ench 1;Kräver att du är av rasen dvärg, Kräver att du är av rasen goblin, 175 Styrka, 20 Undvika anfall, 115 Kättingvapen (rek);+10 kättingvapen, +5 Uthållighet, -10 Initiativstyrka;;;;;;;;;På tvivelaktiga grunder har ett stridsgissels järnkedja kortats av betydligt. Fördelen sägs vara träffsäkerhet. Nackdelen är istället att det inte bara är motståndaren som träffas av det spikförsedda klotet.Gladiatorer av storleken mindre har visat sig kunna svinga vapnet med en något mindre sannolikhet att skada sig själv, varför dess användande fått en begränsning i form av bärarens längd. Kajsa säljer därför endast vapnet till gladiatorer under fem fot.
244;weapon;Dvärgisk skallkrossare;Mace;20+;600;Skada 22-42 · Krit 43 + (1% till 5%) · Kritchans 0-7% · Hållbarhet 125 · Block/runda 2 · 2H · Vikt 29 · Ench 2;Kräver att du är av rasen dvärg, 220 Styrka, 125 Hammare (rek);+10 hammare;;;;;;;;;Denna tvåhandshammare användes förr i tiden som avrättningsverktyg i ett gammalt dvärgiskt rike. Det må tyckas barbariskt, men det var ett snabbt och smärtfritt sätt att dö på. Nu för tiden delas dödsstraff i princip aldrig ut i Gruvorna längre, och vapnet har gått från att vara ett ceremoniellt verktyg till att bli ett kapabelt och fruktat vapen i arenan.Vissa dvärgar sätter sig emot att vapnet används av gladiatorer då de tycker att det borde behålla sin ceremoniella status, och de anser att det är respektlöst att använda det som vilken hammare som helst. Men andra är bara glada att se traditioner hållas vid liv, då hammaren åter igen lever upp till sitt syfte, bara på en annan plats än tidigare.
504;weapon;Kortskaftad stridsyxa;Axe;20+;285;Skada 12-18 · Krit 19 + (0% till 0%) · Kritchans 0-8% · Hållbarhet 62 · Block/runda 2 · Dual · Vikt 7 · Ench 1;Kräver att du är av rasen människa, Kräver att du är av rasen alv, 75 Styrka, 135 Yxor (rek);+3% Perfekt träff, +10% yxor;;;;;;;;;En mer lätthanterlig stridsyxa populär bland nomadfolken i öst.
574;weapon;Järneksstav;Stave;20+;375;Skada 10-17 · Krit 18 + (10% till 10%) · Kritchans 0-7% · Hållbarhet 133 · Block/runda 2 · 2H · Vikt 11 · Ench 2;Kräver att du är av rasen dvärg, Kräver att du är av rasen alv, Kräver att du är av rasen människa, 70 Styrka, 130 Stavar (rek);+15 stavar, +5 Initiativstyrka, +5 Undvika anfall;;;;;;;;;En utpräglad defensiv stav, tillverkad av tåligaste järnek och förstärkt med järn i ändarna.
752;weapon;Väktarbardisan;Spear;20+;333;Skada 10-18 · Krit 19 + (1% till 12%) · Kritchans 0-5% · Hållbarhet 65 · Block/runda 2 · Dual · Vikt 7 · Ench 1;Kräver att du är av rasen människa, 85 Styrka, 130 Stickvapen (rek);+25 stickvapen, +5 Initiativstyrka, +15 Ledarskap;Vapensmide 4;1 x Entträ, 4 x Granträ, 2 x Svart valnöt, 3 x Stål;;0;2350;;;;Ett spjut av grövre sort som utöver sin sylvassa spets också är beprytt med två uppåtsvängda sidovingar.Används ofta som ett dekorativt vapen av Stenhems adel, men i rätt händer är det fortfarande ett vapen som kan åsamka stor skada på en motståndare.
779;weapon;Morus skogsyxa;Axe;20+;460;Skada 24-36 · Krit 37 + (10% till 10%) · Kritchans 0-9% · Hållbarhet 100 · Block/runda 2 · 2H · Vikt 22 · Ench 2;155 Styrka, 120 Yxor (rek);+2% Perfekt träff, +10 yxor, +5 Initiativstyrka;;;;;;;;;
784;weapon;Morus skogsväktarstav;Stave;20+;600;Skada 11-24 · Krit 25 + (10% till 10%) · Kritchans 0-8% · Hållbarhet 115 · Block/runda 2 · 2H · Vikt 12 · Ench 2;115 Styrka, 120 Stavar (rek);+1% Perfekt träff, +10 stavar, +15 Initiativstyrka;;;;;;;;;Med exotiska material till hands kan en stav tillverkas som efterliknar den stav vilken skogens väktare, alverna, håller sina hembygder säkra från allehanda odjur och andra fiender.
781;weapon;Morus krigsslägga;Mace;20+;460;Skada 18-48 · Krit 49 + (1% till 5%) · Kritchans 0-8% · Hållbarhet 120 · Block/runda 2 · 2H · Vikt 30 · Ench 2;235 Styrka, 105 Hammare (rek);+1% Perfekt träff;;;;;;;;;
577;weapon;Köritsklubba;Mace;20+;405;Skada 10-21 · Krit 22 + (10% till 10%) · Kritchans 0-3% · Hållbarhet 100 · Block/runda 2 · Dual · Vikt 13 · Ench 1;Kräver att du är av rasen människa, Kräver att du är av rasen alv, 125 Styrka, 120 Hammare (rek);+5 hammare, +10 Styrka;;;;;;;;;Ett vapen med tvåfaldig funktion: ett utmärkt vapen att tränga genom även de tåligaste rustningarna, men också en symbol för en fältherre som leder sina trupper.Traditionellt användes vapnet särskilt för att utdela nådastöten till välbepansrade motståndare som vägrat kapitulera.
299;weapon;Goblinsk skugghammare;Mace;20+;350;Skada 15-19 · Krit 20 + (10% till 10%) · Kritchans 0-1% · Hållbarhet 95 · Block/runda 2 · Dual · Vikt 13 · Ench 1;Kräver att du är av rasen goblin, 115 Styrka, 125 Hammare (rek);+5 hammare, +5 Styrka, +10 Tur;;;;;;;;;Gobliners samhällen består av stammar och klaner, som leds av hövdingar och shamaner. De mäktigaste av dessa shamaner kan använda rudimentär magi, och detta vapen har uppstått genom ett samspel mellan en kraftfull shaman och en skicklig smed. Det kan orsaka gruvliga skador, och den naturmagi som strömmar genom vapnets skaft och huvud skänker bäraren extra livskraft.
246;weapon;Härdad dvärgisk krigsyxa;Axe;20+;700;Skada 12-19 · Krit 20 + (25% till 35%) · Kritchans 0-7% · Hållbarhet 82 · Block/runda 2 · Dual · Vikt 12 · Ench 1;Kräver att du är av rasen dvärg, 100 Styrka, 125 Yxor (rek);+4% Perfekt träff, +10 yxor, +5 Uthållighet;;;;;;;;;En Krigsyxa gjord i sann smideskonst. Härdad i de renaste mineralerna från berget för att skapa en oerhört farlig yxa. Den kräver styrkan och finessen som bara en dvärg innehaver. Durin skulle dessutom aldrig vilja sälja något så här fint till någon som inte är dvärg. En Dvärgisk krigsyxa är utformad på ett sätt som gör den mer hanterbart för dvärgars relativt små och tjocka händer vilket gör att man mer sällan fumlar med en Dvärgisk krigsyxa än de flesta andra yxor.
209;weapon;Bellum malleo;Mace;20+;800;Skada 12-24 · Krit 25 + (10% till 10%) · Kritchans 0-1% · Hållbarhet 93 · Block/runda 2 · Dual · Vikt 18 · Ench 1;140 Styrka, 115 Hammare (rek);-;;;;;;;;;Denna fruktade hammare har det berättats sagor om i flera mansåldrar. Den härstammar från en svunnen tid, den när det sedan länge utdöda romeriska riket krigade mot en stor ondska och nästan förlorade. Historiker är oense om vad det var för typ av ondska de stred mot, och mycket få detaljer lever kvar. Men ett namn har aldrig glömts bort, och viskas fortfarande försiktigt - Bellum Malleo.
818;weapon;Granithammare;Mace;20+;;Skada 20-56 · Krit 57 + (1% till 5%) · Kritchans 0-7% · Hållbarhet 125 · Block/runda 2 · 2H · Vikt 35 · Ench 2;330 Styrka, 105 Hammare (rek);+20 Styrka, +10 Uthållighet, -35 Initiativstyrka, +30 Provokation;;;;;;;;;Granithammaren är en syn i sig. Storslagen, mäktig och välsmiden börjar inte ens beskriva dess like. Att möta en motståndare som bär detta vapen bör inge stor skräck.
602;weapon;Mörkrets ryttarhammare;Mace;20+;330;Skada 13-21 · Krit 22 + (10% till 10%) · Kritchans 0-1% · Hållbarhet 106 · Block/runda 2 · Dual · Vikt 16 · Ench 1;Kräver att du är av rasen ork, Kräver att du är av rasen troll, 155 Styrka, 105 Hammare (rek);-;;;;;;;;;"Ryttarhammarens namn skvallrar om det ursprungliga syftet; att användas av kavallerister från hästrygg. Någon gång fick svartbloden tag i vapnets design och började smida egna versioner. Denna hammare är ett sådant vapen, ett mörkt hån mot originalet. Orker och troll tycker om dessa tunga vapen, och då de ofta är längre än rödbloden kan hammaren svingas nedåt; på samma sätt som den användes av ryttare från hästrygg."
87;weapon;Stor titanlans;Spear;20+;600;Skada 25-27 · Krit 28 + (1% till 15%) · Kritchans 0-9% · Hållbarhet 90 · Block/runda 2 · 2H · Vikt 12 · Ench 2;140 Styrka, 125 Stickvapen (rek);+30 Initiativstyrka;Vapensmide 4;2 x Ekträ, 1 x Svart valnöt, 1 x Stål, 2 x Alvsilver;;0;2050;;;;Den stora lansen gör skäl för sitt namn. En än större, längre och kraftigare variant av den redan stora titanlansen. Den härdade spetsen på vapnet gör slagen än mer effektfulla och dödliga.Även om en motståndare skulle få för sig den dumdristiga idéen att attackera någon beväpnad med en sådan lans är det tämligen svårt. Vapnets otrolig längd gör att dess ägare kan hålla sig på ett bekvämt avstånd medans motståndaren spetsas.
514;weapon;Flerhövdat stridsgissel;Chain;20+;600;Skada 10-23 · Krit 24 + (20% till 40%) · Kritchans 0-5% · Hållbarhet 61 · Block/runda 2 · Vikt 12 · Ench 1;230 Styrka, 110 Kättingvapen (rek);+5 Styrka;Vapensmide 5;1 x Adamantium, 3 x Ekträ, 2 x Svart valnöt, 4 x Järn;;0;2350;;;;Ett sällan skådat vapen som kräver en skicklig smed med stort tålamod att framställa. Liknar det vanliga stridsgisslet, men har istället för ett mellan två och fem huvuden. En skicklig gladiator kan åsamka oerhört stor skada genom att låta flera av huvudena träffa sin motståndare.
222;weapon;Orkisk giftgadd;Spear;20+;490;Skada 3-19 · Krit 20 + (1% till 12%) · Kritchans 0-6% · Hållbarhet 86 · Block/runda 2 · Dual · Vikt 6 · Ench 1;Kräver att du är av rasen ork, 85 Styrka, 125 Stickvapen (rek);+1% Perfekt träff, +5 stickvapen, +12 Styrka, +5 Initiativstyrka;;;;;;;;;Detta vapen är ett märkligt mellanting av ett kortspjut och en dolk. Det liknar mest en dolk med onormalt långt skaft, och spetsen döljer en hemlighet. Där finns ett dolt utrymme som kan fyllas med en dos gift, som sedan frigörs när spetsen stöts in i en kropp. Det är dock inte alla som använder den här funktionen, men möjligheten att den finns där gör att man bör vara mycket försiktig om motståndaren har en giftgadd i sina händer.
484;shield;Orkisk svartsköld;Shield;20+;400;Absorption 32 · Kritchans 0-4% · Hållbarhet 48 · Block/runda 2 · Vikt 17 · Ench 1;Kräver att du är av rasen ork, 285 Styrka, 75 Sköldar (rek);+9% Styrka;Vapensmide 6;1 x Adamantium, 10 x Stål;;0;2900;;;;En stor och tung sköld i svartstål ofta använd av orkiska horder. Dess front består av stora mängder svartstålsplåtar som svetsats fast i varandra eller fästs med läderremmar. Mycket tung och otymplig och helt oanvändbar för rödblod.
525;shield;Draksköld;Shield;20+;550;Absorption 28 · Kritchans 0-9% · Hållbarhet 64 · Block/runda 2 · Vikt 8 · Ench 1;135 Styrka, 100 Sköldar (rek);+5% Perfekt träff, +20% Initiativstyrka;Vapensmide 6;1 x Drakklo, 2 x Drakfjäll, 3 x Drakben;;0;3000;;;;Att nyttja drakens fantastiska defensiva egenskaper genom att tillverka en sköld av dess fjäll och ben är något endast de mest lärda sköldsmeder har förmågan till.Slutresultatet är dock en både hållbar, smidig och inte minst vacker sköld i de färger vars drakars fjäll använts.
1034;shield;Stor svartsköld;Shield;20+;470;Absorption 19 · Kritchans 0-1% · Hållbarhet 118 · Block/runda 2 · Vikt 19 · Ench 1;225 Styrka, 60 Sköldar (rek);+20 Bashälsa;;;;;;;;;
991;weapon;Vindklyvare;Axe;20+;570;Skada 12-17 · Krit 18 + (25% till 45%) · Kritchans 0-8% · Hållbarhet 83 · Block/runda 2 · Dual · Vikt 8 · Ench 1;Kräver att du är av rasen alv, Kräver att du är av rasen människa, 90 Styrka, 125 Yxor (rek);+2% Perfekt träff, +5 Styrka, +5 Initiativstyrka, +5 Undvika anfall;;;;;;;;;Vindklyvare är en elegant yxa skapad för snabbhet och precision. Den har ett smalt, lätt skaft tillverkat av härdat askträ, förstärkt med tunna silverinslag för ökad hållbarhet. Bladet är smidigt och skarpt, format som en halvmåne med en spegelblank yta som reflekterar omgivningen, vilket gör den svår att upptäcka i stridens hetta.Vindklyvare är välbalanserad och känns nästan viktlös i handen, vilket gör den idealisk för snabba, svepande attacktekniker som kräver minimal ansträngning. Denna yxa är älskad av alviska krigare och mänskliga duellister som värdesätter smidighet och finess. Vindklyvaren har en historia av att ha burits av skickliga spåmän som navigerade genom skogar och fjäll, där dess namn speglar förmågan att skära genom luften lika lätt som genom trä eller kött.
1029;shield;Guldbesmyckad rosenträsköld;Shield;20+;540;Absorption 27 · Kritchans 0-6% · Hållbarhet 60 · Block/runda 2 · Vikt 7 · Ench 1;130 Styrka, 85 Sköldar (rek);+3% Perfekt träff, +10 Initiativstyrka;;;;;;;;;
515;weapon;Skogsväktarstav;Stave;20+;600;Skada 8-24 · Krit 25 + (10% till 10%) · Kritchans 0-7% · Hållbarhet 115 · Block/runda 2 · 2H · Vikt 12 · Ench 2;120 Styrka, 125 Stavar (rek);+1% Perfekt träff, +10 stavar, +15 Initiativstyrka;Vapensmide 5;1 x Förstenad ros, 3 x Granträ, 1 x Ekträ, 2 x Svart valnöt;;0;2300;;;;Med exotiska material till hands kan en stav tillverkas som efterliknar den stav vilken skogens väktare, alverna, håller sina hembygder säkra från allehanda odjur och andra fiender.
927;weapon;Stridskarbas;Chain;20+;590;Skada 6-15 · Krit 16 + (70% till 130%) · Kritchans 0-10% · Hållbarhet 51 · Block/runda 2 · Dual · Vikt 3 · Ench 1;70 Styrka, 140 Kättingvapen (rek);+2% Perfekt träff, +2% kättingvapen;;;;;;;;;En karbas är en typ av vävd piska som i mindre varianter historiskt använts för att läxa upp undersåtar och barn medans de större varianterna har använts på djur och odjur.Den här piskan är särskilt framtagen som ett dödligt vapen att använda i strid. Med en stark knut i formen av en ögla i änden av vapnet kan piskan med en vinande och snärtande kraft åsamka en stor skada på motståndare.
281;weapon;Tandslägga;Mace;20+;360;Skada 25-39 · Krit 40 + (1% till 5%) · Kritchans 0-7% · Hållbarhet 130 · Block/runda 2 · 2H · Vikt 22 · Ench 2;Kräver att du är av rasen goblin, 230 Styrka, 115 Hammare (rek);+5 hammare, +5 Bashälsa;Vapensmide 4;3 x Granträ, 2 x Svart valnöt, 2 x Stål, 1 x Alvsilver;;0;1850;;;;En liten goblinsk slägga, gjord för att slå ut tänderna på deras fiender så goblins kan sätta dem i halsband
260;weapon;Besmyckad alvisk svärdstav;Sword;20+;120;Skada 24-26 · Krit 27 + (1% till 5%) · Kritchans 0-7% · Hållbarhet 110 · Block/runda 2 · 2H · Vikt 11 · Ench 2;Kräver att du är av rasen alv, 90 Styrka, 120 Svärd (rek);+10% svärd, +15% Undvika anfall;;;;;;;;;En alvisk klinga med långt handtag som gör den till ett mellanting mellan svärd och spjut. Ett relativt svårt vapen att använda men dödligt i rätt händer.
179;weapon;Stridsspira;Stave;20+;630;Skada 10-21 · Krit 22 + (10% till 10%) · Kritchans 0-7% · Hållbarhet 109 · Block/runda 2 · 2H · Vikt 13 · Ench 2;Kräver att du är av rasen människa, 150 Styrka, 120 Stavar (rek);+1% Perfekt träff, +10 stavar, +10% Initiativstyrka;;;;;;;;;Under ceremonier i kejserliga palatset ser man ibland attendanter bära runt på sådana här spiror, med ett sirligt och dekorerat huvud. Den vanligare platsen att se en stridsspira är dock i händerna på en gladiator på arenans sand. Dekorationerna ser vid en första anblick inte ut som de är lämpade för strid, men vid närmare undersökning liknar de flesta små vassa spikar eller krokar. Det innebär att en smäll av stridsspirans huvud kan slita upp en mängd sår och göra stor skada.
182;weapon;Taiju;Stave;20+;600;Skada 14-18 · Krit 19 + (10% till 10%) · Kritchans 0-7% · Hållbarhet 111 · Block/runda 2 · 2H · Vikt 10 · Ench 2;75 Styrka, 135 Stavar (rek);+2% Perfekt träff, +7% stavar, +7% Initiativstyrka, +7% Undvika anfall;;;;;;;;;Med sin kronformade dekoration i toppen har denna stav ett mycket karaktäristiskt utseende. Den är också väldigt rigid och oböjlig, vilket innebär att det kräver ganska mycket arbete för att bli skicklig på att svinga den med full effektivitet, men den som bemästrar vapnet har ett mycket farligt verktyg i sina händer.
245;weapon;Dvärgstjärna;Mace;20+;600;Skada 15-18 · Krit 19 + (10% till 10%) · Kritchans 0-2% · Hållbarhet 107 · Block/runda 2 · Dual · Vikt 14 · Ench 1;Kräver att du är av rasen dvärg, 130 Styrka, 125 Hammare (rek);+10 hammare;;;;;;;;;En traditionell dvärgisk hammare ofta använd i rituella eller ceremoniella syftet djupt inne i de dvärgiska bergen, men funkar likväl som ett vapen på arenans sand. Hammaren pryds av en iögonfallande stjärna som skall symbolisera en ledstjärna för de dvärgiska folken. Hammaren är från början tagen till Stenhem av Durin för att sälja till stadens dvärgar, men har på senare tid istället börjat säljas av Beren.
571;weapon;Blodsbaner;Stave;20+;250;Hållbarhet 20 · Block/runda 2 · Vikt 12 · Ench 1;100 Styrka;+10 sköldar, +10% Bashälsa, +20 Provokation;;;;;;;;;Ett stort purpurrött baner med arkaiska runor symboliserande blod och ond bråd död. Detta baner sägs driva de som ser det till vansinne med blodlust.
513;weapon;Odjursförintare;Mace;20+;600;Skada 12-21 · Krit 22 + (20% till 20%) · Kritchans 0-3% · Hållbarhet 99 · Block/runda 2 · Dual · Vikt 14 · Ench 1;120 Styrka, 110 Hammare (rek);+1% Perfekt träff;Vapensmide 5;1 x Bhorgolpäls, 2 x Svart valnöt, 4 x Järn, 3 x Stål;;0;2350;;;;Ett mycket effektivt vapen för att göra sig av med fyrbenta och pälsbeklädda varelser enligt uppgifter från fjärran länder. Vid tillverkningen av vapnet låter sig ofta smeden pryda skaftet med tillintetgjorda odjur.
767;weapon;Stylitspira;Stave;20+;400;Skada 7-12 · Krit 13 + (10% till 10%) · Kritchans 0-8% · Hållbarhet 106 · Block/runda 2 · 2H · Vikt 15 · Ench 2;175 Styrka, 110 Stavar (rek);+2% Perfekt träff, +7% Styrka, +10 Undvika anfall;Vapensmide 4;1 x Pegasusfjäder, 3 x Granträ, 3 x Ekträ, 1 x Järn, 2 x Alvsilver;;0;2350;;;;Stylitspirans huvud är prytt av små, dekorativa krokar och spikar som kan slita upp fruktansvärda sår i vad den än träffar. Skadorna blir exponentiellt värre ju hårdare och snabbare spiran svingas, och i händerna på en mästare är den ett fruktansvärt och snudd på ostoppbart vapen.
981;weapon;Kallblodshammare;Mace;20+;390;Skada 15-20 · Krit 21 + (10% till 10%) · Kritchans 0-1% · Hållbarhet 98 · Block/runda 2 · Dual · Vikt 15 · Ench 1;Kräver att du är av rasen odöd, Kräver att du är av rasen salamanth, 125 Styrka, 110 Hammare (rek);+5 Bashälsa, +5 Uthållighet;;;;;;;;;Cheimonstål är vanligt stål som förberetts och bearbetats med särskilda metoder. Stadens metallurger håller den exakta tekniken hemlig, men den gör att varmblodiga varelser ogärna hanterar dem. Cheimonstålet i denna hammare förstärker dessutom bärarens naturliga uthållighet.
177;weapon;Bostav;Stave;20+;360;Skada 11-22 · Krit 23 + (10% till 10%) · Kritchans 0-7% · Hållbarhet 103 · Block/runda 2 · 2H · Vikt 11 · Ench 2;125 Styrka, 105 Stavar (rek);+10 stavar, +5 Initiativstyrka;;;;;;;;;Denna stav sträcker sig en alv i längd och tillverkad av en mycket hård men flexibel träsort. Detta gör vapnet lätthanterligt men svårt att bemästra. Vapnets blygsamma utseende gör att det lätt kan förväxlas med en ovanligt lång vandringsstav eller käpp, men det är få som gör det misstaget två gånger efter att ha känt kraften i en korrekt svingad Bostav. Dess starka material gör att vapnets slag kan slås med en hög hastighet och stor kraft vilket gör att dess att attacker skapar ett dovt nästan trummande ljud. Om det är ljudet av trä mot stål, eller ljudet av revben som knäcks beror på den som hanterar vapnet.
121;weapon;Krigsslägga;Mace;20+;460;Skada 18-48 · Krit 49 + (1% till 5%) · Kritchans 0-7% · Hållbarhet 120 · Block/runda 2 · 2H · Vikt 34 · Ench 2;245 Styrka, 105 Hammare (rek);-;Vapensmide 4;3 x Svart valnöt, 3 x Stål;;0;2000;;;;Ett av de tyngsta vapnen som återfinns i Durins arsenal. Krigssläggorna är mycket uppskattade av arenans publik, då det ofta blir spektakulära matcher när de är inblandade. De gladiatorer som är starka nog att använda dessa monstruösa vapen effektivt har också kraft nog i sina slag att kasta runt sina motståndare. De dödande slagen brukar också ge mängder av det vissa delar av publiken törstar efter - blod.
142;weapon;Svartblodsgissel;Chain;20+;620;Skada 8-25 · Krit 26 + (10% till 40%) · Kritchans 0-3% · Hållbarhet 58 · Block/runda 2 · Vikt 14 · Ench 1;Kräver att du är av rasen troll, Kräver att du är av rasen ork, Kräver att du är av rasen goblin, 250 Styrka, 105 Kättingvapen (rek);-;;;;;;;;;Bara de starkaste trollen och orkerna klarar av att använda detta gissel som det är menat att användas. Vapnet är alldeles för långt och klumpigt för att kunna brukas av något rödblod, och även gobliner är för små. Gug importerar dessa direkt från Isvalla, orkernas ogästvänliga hemland, och att se de svingas i takt till publikens frenetiska jubel kan slå an hjärtsträngarna och få även den hårdaste ork att fälla en tår av hemlängtan.
978;weapon;Kallblodspik;Spear;20+;500;Skada 22-27 · Krit 28 + (1% till 5%) · Kritchans 0-8% · Hållbarhet 92 · Block/runda 2 · 2H · Vikt 11 · Ench 2;Kräver att du är av rasen salamanth, Kräver att du är av rasen odöd, 130 Styrka, 120 Stickvapen (rek);+5 Bashälsa, +6% Bashälsa, +25 Initiativstyrka;;;;;;;;;Denna pik är smidd av cheimonstål och bär på en stark förtrollning som gör att blodet rör sig långsammare i bärarens ådror. Sår blöder därför mindre och är inte lika skadande, vilket betyder att bäraren kan strida längre än vanligt.
890;weapon;Fyreggsbila;Axe;20+;650;Skada 10-18 · Krit 19 + (0% till 0%) · Kritchans 0-7% · Hållbarhet 69 · Block/runda 2 · Dual · Vikt 8 · Ench 1;85 Styrka, 130 Yxor (rek);+2% Perfekt träff, +5 yxor, +5 Undvika anfall;;;;;;;;;"Denna yxa är någonting utöver det vanligt. Oftast har yxor antingen ett eller två egg. Detta exemplar har däremot fyra i en symetrisk krona på skaftet. Enligt sägnerna representerar varje egg gudomen för varje väderstreck; Syda, Nora, Wera och Önja, och sägs bringa stor lycka och tur till sin bärare.Huruvida detta stämmer eller inte spelar i praktiken mindre roll; vapnet är oavsett totalt livsfarligt och skapar stora, dödliga skador vid bara en enstaka träff."
250;weapon;Gruvans långspjut;Spear;20+;480;Skada 12-17 · Krit 18 + (1% till 10%) · Kritchans 0-6% · Hållbarhet 83 · Block/runda 2 · Dual · Vikt 6 · Ench 1;Kräver att du är av rasen dvärg, 80 Styrka, 125 Stickvapen (rek);+5% Perfekt träff, +7 Uthållighet, +7 Undvika anfall;;;;;;;;;Dvärgarna arbetandes djupt i sina gruvor och berg har inte bara farorna från gruvras att oroa sig över. Även odjur av alla dess slag letar sig in i gruvornas gångar för att söka skydd, eller mat. I de smala trånga gruvgångarna behövs ett vapen som kan användas effektivt även i små utrymmen, vilket gör spjuten till ett självklart val. Dess ovanligt långa spets gör vapnet väldigt framtungt vilket förstärker kraften i dess slag. Eftersom vapnet är utformat för grova dvärghänder är det dock väldigt svårt för andra raser att använda.
1082;weapon;Artonkommafemcentimeterspjut;Spear;20+;300;Skada 21-30 · Krit 31 + (0% till 0%) · Kritchans 0-11% · Hållbarhet 72 · Block/runda 2 · 2H · Vikt 14 · Ench 2;90 Styrka, 155 Stickvapen (rek);+175% Initiativstyrka;;;;;;;;;Artonkommafemcentimeterspjut – Ett spjut med ett namn lika märkligt som dess historia. Legenden säger att det en gång var ett mäktigt vapen, men efter en förbannelse krympte det sakta tills det stannade på exakt arton och en halv centimeter. Trots sin storlek har det en förbluffande genomträngande förmåga, och dess korta räckvidd gör det utmärkt för den som gillar att slåss oväntat… eller som bara vill driva sina fiender till vansinne.
1177;weapon;Alvisk Lindspira;Stave;20+;400;Skada 14-16 · Krit 17 + (5% till 5%) · Kritchans 0-5% · Hållbarhet 90 · Block/runda 2 · 2H · Vikt 6 · Ench 2;Kräver att du är av rasen alv, 80 Styrka, 135 Stavar (rek);+10% Undvika anfall;;;;;;;;;
1179;weapon;Härdad Svartstålsstav;Stave;20+;400;Skada 12-24 · Krit 25 + (10% till 10%) · Kritchans 0-6% · Hållbarhet 110 · Block/runda 2 · 2H · Vikt 11 · Ench 2;180 Styrka, 110 Stavar (rek);+2% Perfekt träff, +15 Styrka, +10 Undvika anfall;;;;;;;;;
508;weapon;Orkisk ritualpiska;Chain;20+;262;Skada 7-18 · Krit 19 + (40% till 80%) · Kritchans 0-9% · Hållbarhet 46 · Block/runda 2 · Dual · Vikt 6 · Ench 1;Kräver att du är av rasen ork, 115 Styrka, 120 Kättingvapen (rek);+1% Perfekt träff, +5 Styrka, +5 Initiativstyrka;;;;;;;;;Ordet 'tortyr' existerar inte på det orkiska språket och således har översättningen av dess namn blivit något missvisande.
923;weapon;Besmyckat stridsnät;Chain;20+;240;Skada 4-6 · Krit 7 + (0% till 0%) · Kritchans 0-5% · Hållbarhet 64 · Block/runda 2 · Dual · Vikt 5 · Ench 1;60 Styrka, 135 Kättingvapen (rek);+1% Perfekt träff, +6% kättingvapen, -5 Undvika anfall;;;;;;;;;Ett ett framtaget för att användas i strid för att försöka fånga in motståndarens slag. Nätet är vackert utsmyckat med trådar av silver invävt för att ytterligare stärka det.
511;weapon;Kejserligt väktarsvärd;Sword;20+;600;Skada 9-18 · Krit 19 + (1% till 5%) · Kritchans 0-4% · Hållbarhet 119 · Block/runda 2 · Dual · Vikt 9 · Ench 1;115 Styrka, 125 Svärd (rek);+3% Perfekt träff, +10 Ledarskap;Vapensmide 5;1 x Pegasusfjäder, 4 x Granträ, 1 x Ekträ, 2 x Stål, 2 x Alvsilver;;0;2350;;;;Dessa vapen används endast av den kejserliga väktarstaben.Hur i all sin dar har en gladiator fått tag på vapnet?
215;weapon;Alvisk långklinga;Sword;20+;520;Skada 9-12 · Krit 13 + (1% till 5%) · Kritchans 0-4% · Hållbarhet 117 · Block/runda 2 · Dual · Vikt 6 · Ench 1;Kräver att du är av rasen alv, 55 Styrka, 125 Svärd (rek);+1% Perfekt träff, +10 svärd, +5 Undvika anfall;Vapensmide 4;1 x Adamantium, 4 x Granträ, 1 x Ekträ, 2 x Stål, 1 x Alvsilver;;0;2350;;;;Långklingan gör skäl för sitt namn då bladet är en bit över en meter långt och väldigt tunn och smal. Det gör att den ändå är oanat lätt, men längden gör svärdet något otympligt att hantera för ovana krigare.
62;weapon;Härskarsvärd;Sword;20+;600;Skada 9-17 · Krit 18 + (1% till 5%) · Kritchans 0-5% · Hållbarhet 110 · Block/runda 2 · Dual · Vikt 8 · Ench 1;105 Styrka, 120 Svärd (rek);+1% Perfekt träff;;;;;;;;;Svärdets ursprung och uppkomst är höjt i dunkel men det återges redan i de äldre skrifterna och avbildningar. Klingan skall ha varit symbol för erövring bland forna storheter, ofta beskriven hängandes tryggt vid sidan hos dåtidens småhärskare i olika hövdingadömen.Även om svärdets betydelse som symbol av status har förtvinat har vapnet har stått emot tidens tand och används fortfarande effektivt av de som vill befria lemmar från sina ägare.
148;jewelry;Svartblodsmantel;Back;20+;300;Vikt 1;160 Styrka, Kräver att du är av rasen ork, Kräver att du är av rasen troll, Kräver att du är av rasen goblin;+5 Bashälsa, +3 Styrka;;;;;;;;;
780;jewelry;Guldmedalj;Neck;20+;;-;-;+5 Uthållighet, +2 Initiativstyrka, +3 Undvika anfall;;;;;;;;;Vinnare av den stora Olympiaden.
86;armor;Lorica Cestus;Hands;20+;300;Block 3 · Vikt 1;100 Styrka;+1% Perfekt träff;Rustningssmide 4;1 x Alvsilver, 1 x Päls;;0;450;;;;Lorica Cestus är en handske som inkluderade remmar av olika längd. Den skyddar handen och ibland sträcker den sig ända ner till armbågen.Den är gjord av läderremsor och ibland fylld med järnplattor eller försedd med järnblad eller spikar
82;armor;Lorica Caligae;Feet;20+;300;Block 3 · Vikt 1;100 Styrka;+3 Undvika anfall;Rustningssmide 4;1 x Järn, 1 x Alvsilver;;0;450;;;;Stövlar gjorda av läder och snörade upp i mitten av foten och upp längst fotleden.Ett par snabba och smidiga stövlar med järnbitar som hammras in i sulan för ökad styrka.
85;armor;Lorica Braccae;Legs;20+;300;Block 5 · Vikt 3;100 Styrka;+3 Initiativstyrka;Rustningssmide 4;1 x Stål, 1 x Alvsilver, 1 x Päls;;0;650;;;;Lorica Braccae tillverkas vanligtvis av härdat läder med metalplåtar fastsydda på utvalda punkter och tenderar att sträcka sig från strax ovanför knäet som kortast och till anklarna som längst. Längden ökar generellt beroende på hur långt norr användaren av dessa byxor lever.
84;armor;Lorica Segmentata;Chest;20+;300;Block 5 · Vikt 3;100 Styrka;+3 Bashälsa;Rustningssmide 4;1 x Stål, 1 x Alvsilver, 1 x Päls;;0;650;;;;En harnesk bestående av metallremsor formade till cirkulära band, fästa på inre läderremmar. Lorica Segmentata har kommit att ses som det mest ikoniska plagg för alla gladiatorer på arenan.
83;armor;Lorica Manicula;Shoulders;20+;300;Block 3 · Vikt 1;100 Styrka;+3 Styrka;Rustningssmide 4;1 x Järn, 1 x Alvsilver;;0;450;;;;En par bepansrade axelvaddar för att avleda slag bort från axeln och huvudet. Gjord av djupbrunt, härdat läder och tung bomull
87;armor;Lorica Galea;Head;20+;300;Block 5 · Vikt 3;100 Styrka;+3 Bashälsa;Rustningssmide 4;1 x Järn, 1 x Alvsilver, 1 x Läder;;0;650;;;;Typiskt för Lorica Galea är det sluttande nackskyddet, plåtbitar som sitter fast i spännen för att täcka öronen, den främre förstärkningen och de dekorativa cirkulära knopparna på toppen av hjälmen.
118;jewelry;Romerisk mantel;Back;20+;300;Vikt 1;Kräver att du är av rasen människa;+6 Initiativstyrka, +2 Undvika anfall;Föremålssmide 4;2 x Läder, 1 x Siden;;0;1400;;;;Länge leve palatsets ryttare.Med denna långa, svarta mantel tar du steget in i striden med finess.
130;jewelry;Fallen stjärna;Trinket;20+;300;-;-;+1% Perfekt träff, +4 Styrka;;;;;;;;;Ibland ser man stjärnfall ovanför staden och kejsarens präster anser att detta är ett tecken från gudarna. Följande dag kommer stordåd ske på arenan.Vid sällsynta tillfällen faller dessa stjärnorna ända ner till jorden. De bråkdelar som överlever fallet är ofta laddade med magi. En magisk skärpa strömmar igenom den som har turen att finna, eller köpa, en sådan stjärna.
178;jewelry;Luftpipa;Neck;20+;300;-;-;+2 Bashälsa, +6 Uthållighet;;;;;;;;;Uthållighet är ett måste för varje gladiator på arenan. Det spelar ingen roll hur stark eller smidig du är om du säckar ihop av trötthet. Köpmännen vet mycket väl om detta och har jobbat tillsammans med Brikk för att ta fram ett föremål som slår två flugor i en smäll. Det ger dig en chans att hålla ut längre, och publiken ett längre spektakel.
183;jewelry;Balansring;Finger;20+;300;-;Kräver att du är av rasen dvärg, Kräver att du är av rasen alv, Kräver att du är av rasen människa;+4 Bashälsa, +4 Undvika anfall;;;;;;;;;Framtagen av munkar som bor i bergen nära staden. Ringen ger bäraren en känsla av att ha kommit närmare sig själv och ger djupare insikter i ens egna förmågor.
199;armor;Drakskinnshandskar;Hands;20+;100;Block 2 · Vikt -2;100 Styrka;-;Rustningssmide 6;1 x Drakklo, 2 x Drakfjäll;;0;400;;;;Ett par läderhandska sydda av sällsynt drakskinn.
639;jewelry;Röd drakring;Finger;20+;200;-;-;+3 yxor, +3 svärd, +3 hammare, +3 stavar, +3 sköldar, +3 stickvapen, +3 kättingvapen, +3 Initiativstyrka, +2 Undvika anfall;Föremålssmide 4;1 x Drakklo, 1 x Drakfjäll;1 x Drakormsring;0;1000;;;;Sällsynt material och oerhörd precision krävs för att tillverka en ring likt denna. Ringen sägs spegla attribut hos den drake vars delar använts vid tillverkningen.
434;jewelry;Alviskt skogshalsband;Neck;20+;450;Kritchans 0-1%;Kräver att du är av rasen alv;+1% Perfekt träff, +4 Undvika anfall, -5 Provokation;Föremålssmide 5;1 x Entträ;;0;2000;;;;Ett halsband som utanför gladiatorspelen endast bärs av alver som tillhör den mer naturnära sorten, skogsalver.
612;armor;Axelstycke av nattbrynja;Shoulders;20+;80;Block 3;100 Styrka, Kräver att du är av rasen odöd;-3 Uthållighet, +2 Undvika anfall;;;;;;;;;En vacker och lätt rustning som absorberar nästintill allt ljus och gör bäraren så gott som osynlig i mörkret.
567;jewelry;Shamansk kaftan;Back;20+;250;Vikt 1;Kräver att du är av rasen ork;-2 Styrka, +8 Undvika anfall;Föremålssmide 4;3 x Läder, 1 x Flytande guld;;0;1800;;;;De orker som sysslar med ritualer, trolldom eller andra mystiska seder gå ofta under epitetet shaman. För att markera sin ställning bär de ofta en kaftan av varierande färger.
561;jewelry;Bärsärkarmantel;Back;20+;250;Vikt 2;Kräver att du är av rasen troll;-4 Bashälsa, +8 Initiativstyrka;Föremålssmide 4;1 x Svart valnöt, 3 x Läder;;0;1800;;;;Enligt vissa trollstammars traditioner bärs en tung mantel med hullingar på både in- och utsida vid rituella strider. Mantelns funktion är till största del att säkerhetsställa en stadig marsch framåt, eftersom även ett kortare stopp innebär blodvite för bäraren när hullingarna tränger in i ryggen.
560;jewelry;Lövprydd ädelmantel;Back;20+;250;Vikt 1;Kräver att du är av rasen alv;+1% Perfekt träff, +4 Bashälsa, +4 Uthållighet, +4 Undvika anfall;Föremålssmide 4;3 x Ekträ, 1 x Siden;;0;1800;;;;En både vacker och funktionell mantel som tillåter skogsalver att smälta in bland träden.
501;jewelry;Silverruna;Trinket;20+;150;-;-;+4 Bashälsa, +3 Styrka;Föremålssmide 4;1 x Siden, 1 x Flytande guld;;0;1800;;;;En liten runa smidd av en skicklig föremålssmed. Dvärgatro hävdar att den skänker skydd åt bäraren.
503;jewelry;Polerad blodsten;Trinket;20+;200;-;-;+5 Bashälsa, +10 Provokation;;;;;;;;;En stor  blodsten polerad av händiga yrkesmän. Ger ett intensivt rött sken och när det är tyst kan du svära att du hör svaga viskningar från den.
613;armor;Nattbrynjehandskar;Hands;20+;80;Block 3;100 Styrka, Kräver att du är av rasen odöd;-3 Uthållighet, +2 Undvika anfall;;;;;;;;;En vacker och lätt rustning som absorberar nästintill allt ljus och gör bäraren så gott som osynlig i mörkret.
611;armor;Nattbrynjebyxor;Legs;20+;110;Block 5 · Vikt 2;100 Styrka, Kräver att du är av rasen odöd;+3 Bashälsa, -4 Uthållighet;;;;;;;;;En vacker och lätt rustning som absorberar nästintill allt ljus och gör bäraren så gott som osynlig i mörkret.
614;armor;Nattbrynjeskor;Feet;20+;80;Block 3;100 Styrka, Kräver att du är av rasen odöd;-3 Uthållighet, +2 Undvika anfall;;;;;;;;;En vacker och lätt rustning som absorberar nästintill allt ljus och gör bäraren så gott som osynlig i mörkret.
443;jewelry;Shamanskt fjädersmycke;Neck;20+;450;Kritchans 0-1% · Vikt -1;Kräver att du är av rasen ork;+1% Perfekt träff, +2 Undvika anfall;Föremålssmide 5;1 x Pegasusfjäder;;0;2000;;;;Bärs tradionellt av en shamanen i orkstammen, men bland gladiatorerna har titlar som inte ger tillgång till det Kejserliga förrådet tappat betydelse för orker.
435;jewelry;Halsärr;Neck;20+;450;Kritchans 0-1%;Kräver att du är av rasen troll;+1% Perfekt träff, +4 Uthållighet, +4 Ledarskap;Föremålssmide 5;1 x Adamantium;;0;2000;;;;Vid mogen ålder bör ett troll som känner minsta behov att hävda sig markera sin status genom att markera rang och släktillhörighet genom att rista in detta med upphettad adamantium runt om sin hals.
430;armor;Välsmidda benskydd;Legs;20+;;Block 12 (15%) · Vikt 2;120 Styrka;-;Rustningssmide 5;2 x Stål, 1 x Läder, 1 x Siden;;0;350;;;;Ett par skickligt smidda benskydd av en mästersmed. Ett utmärkt och eftertraktat försvar mot fientliga anfall.
437;jewelry;Besmyckat guldhalsband;Neck;20+;450;Kritchans 0-1%;Kräver att du är av rasen människa;+1% Perfekt träff, +4 Initiativstyrka;Föremålssmide 5;1 x Förstenad ros;;0;2000;;;;"Ett vackert guldhalsband som markerar status; åtminstone bland människor. Ofta besmyckat med något av värde eller symbolik för innehavaren så som en ros, ett svärd eller en ring."
436;jewelry;Traditionell pälskrage;Neck;20+;450;Kritchans 0-1%;Kräver att du är av rasen dvärg;+1% Perfekt träff, +5 Bashälsa;Föremålssmide 5;1 x Bhorgolpäls;;0;2000;;;;En vacker pälskrage populär bland dvärgar mer norrifrån.
196;armor;Drakskinnshjälm;Head;20+;100;Block 4 · Vikt 2;100 Styrka;+2 Bashälsa, +1 Initiativstyrka, +1 Undvika anfall;Rustningssmide 6;1 x Drakklo, 2 x Drakfjäll;;0;500;;;;En läderhjälm sydd av sällsynt drakskinn.
198;armor;Drakskinnsharnesk;Chest;20+;100;Block 4 · Vikt 2;100 Styrka;+2 Bashälsa, +2 Styrka;Rustningssmide 6;2 x Drakklo, 2 x Drakfjäll;;0;500;;;;Ett harnesk sytt av sällsynt drakskinn.
200;armor;Benskydd av drakskinn;Legs;20+;100;Block 4 · Vikt 2;100 Styrka;+2 Bashälsa, +1 Initiativstyrka, +1 Undvika anfall;Rustningssmide 6;2 x Drakklo, 2 x Drakfjäll;;0;500;;;;Ett par läderskydd sydda av sällsynt drakskinn.
201;armor;Drakskinnskor;Feet;20+;100;Block 3 · Vikt 1;100 Styrka;+2 Initiativstyrka, +1 Undvika anfall;Rustningssmide 6;1 x Drakklo, 2 x Drakfjäll;;0;400;;;;Ett par läderskor sydda av sällsynt drakskinn.
303;jewelry;Dvärgisk pälsmantel;Back;20+;;Vikt 1;-;+1% Perfekt träff, +5 Styrka, +5 Uthållighet;Föremålssmide 4;1 x Päls, 1 x Läder, 2 x Siden;;0;1500;;;;En mycket vackert sydd pälsmantel i dvärgisk stil med insydda runor som enligt gammal folktro skyddar bäraren från allt ont.
500;jewelry;Dekorativt träkors;Trinket;20+;;-;-;+4 Initiativstyrka, +3 Undvika anfall;Föremålssmide 4;1 x Ekträ, 2 x Svart valnöt;;0;1900;;;;
470;armor;Välsmidda skor;Feet;20+;50;Block 10 (12%) · Vikt 1;120 Styrka;-;Rustningssmide 5;1 x Alvsilver, 2 x Läder;;0;300;;;;Ett par tunga stålskor vackert smidda av en mästarsmed. Graverade med dess skapares initialer.
782;jewelry;Silvermedalj;Neck;20+;;-;-;+2 Styrka, +6 Uthållighet, +1 Undvika anfall;;;;;;;;;Två i den stora Olympiaden.
781;jewelry;Bronsmedalj;Neck;20+;;-;-;+2 Styrka, +6 Uthållighet;;;;;;;;;Trea i den stora Olympiaden.
468;armor;Välsmidda handskar;Hands;20+;50;Block 10 (12%) · Vikt 1;120 Styrka;-;Rustningssmide 5;1 x Alvsilver, 1 x Siden;;0;300;;;;Ett par utsökta handskar smidda av en mästersmed. Skyddar väl mot fientliga anfall.
692;jewelry;Lotusamulett;Amulet;20+;300;-;-;-5 Bashälsa, +5 Styrka, +10 Uthållighet;;;;;;;;;En gjuten guldpläterad amulett med en lotus i 24 karats guld sägs ge sin bärare extra stridsvilja i stridens hetta.
504;jewelry;Läromästarens mantel;Back;20+;500;Kritchans 0-1% · Vikt 1;-;+1% Perfekt träff, +5 Inlärningsförmåga, +10 Ledarskap;Föremålssmide 4;1 x Eryfias tårar, 2 x Siden;;0;800;;;;
754;jewelry;Färgglatt tulpanarmband;Bracelet;20+;;-;-;+5 Bashälsa, +4 Undvika anfall;;;;;;;;;Ett elegant armband smidet i renaste silver, där tulpanformade infattningar omsluter skimrande ädelstenar. Trots sitt färgsprakande ursprung framträder dess skönhet även i mörker, och det sägs att bäraren fylls av livsglädje, hopp och en okuvlig vilja att blomstra även under de svåraste prövningarna.
469;armor;Välsmidd axelplåt;Shoulders;20+;;Block 10 (12%) · Vikt 1;120 Styrka;-;Rustningssmide 5;1 x Alvsilver, 2 x Läder;;0;300;;;;En stor och tung axelplåt smidd av en mästarsmed. Skyddar bäraren mot fatala hugg mot bröstkorgens övre del.
903;jewelry;Gyllene drakring;Finger;20+;200;-;-;+3 yxor, +3 svärd, +3 hammare, +3 stavar, +3 sköldar, +3 stickvapen, +3 kättingvapen, +3 Styrka, +3 Uthållighet, +2 Undvika anfall;Föremålssmide 4;1 x Gyllene drakägg;1 x Lindormsring, 1 x Röd drakring;0;300;;;;Sällsynt material och oerhörd precision krävs för att tillverka en gyllene ring likt denna. Ringen sägs spegla attribut hos den drake vars delar använts vid tillverkningen.
904;armor;Gyllene drakskinnsharnesk;Chest;20+;100;Block 4 · Vikt 2;100 Styrka;+2 Bashälsa, +2 Styrka, +1 Initiativstyrka, +1 Undvika anfall;Rustningssmide 6;1 x Gyllene drakägg;1 x Drakskinnsharnesk;0;300;;;;Ett gyllene harnesk sytt av sällsynt drakskinn.
997;jewelry;Människans vilja;Neck;20+;;Kritchans 0-1%;Kräver att du är av rasen människa;+1% Perfekt träff, +1 Bashälsa, +1 Styrka, +1 Uthållighet, +4 Initiativstyrka, +1 Undvika anfall;;;;;;;;;Ett enkelt men kraftfullt halssmycke, smitt av silver från Sandhems gruvor och välsignat av de gamla templens präster. Människans Vilja förstärker bärarens beslutsamhet och ger styrka i både ord och handling. När allt annat sviktar, står viljan kvar.
1026;jewelry;Salamanthens glöd;Neck;20+;;Kritchans 0-1% · Träffchans +2;Kräver att du är av rasen salamanth;+1% Perfekt träff, +1% Bashälsa, +5 Initiativstyrka;;;;;;;;;Ett smycke av vulkanisk sten och levande låga, format i det heta hjärtat av Vulkanön. Salamanths Glöd skyddar mot värme, förgiftning och rädsla. Den som bär det känner elden inombords och lämnar aska i sitt spår.
197;armor;Axelskydd av drakskinn;Shoulders;20+;100;Block 3 · Vikt 1;100 Styrka;+1 Initiativstyrka, +2 Undvika anfall;Rustningssmide 6;1 x Drakklo, 2 x Drakfjäll;;0;400;;;;Ett par läderskydd sydda av sällsynt drakskinn.
442;jewelry;Segrarens gunst;Neck;20+;450;Kritchans 0-1%;Kräver att du är av rasen goblin;+1% Perfekt träff, +3 Styrka, +2 Initiativstyrka;Föremålssmide 5;1 x Sandhavsläder;;0;2000;;;;Vad som tycks vara ett enkelt läderhalsband har för gobliner ett oerhört stort värde på grund av ursprunget: drakläder. Att bära detta halsband i strid är en åtråvärd statussymbol för gobliner, ty antingen har ägaren själv dräpt en drake eller erhållit halsbandet från någon som lyckats med bedriften.
1018;jewelry;Trollets hjärta;Neck;20+;;Kritchans 0-1%;Kräver att du är av rasen troll;+1% Perfekt träff, +8 Uthållighet, +8 Ledarskap;;;;;;;;;Ett tungt smycke, ristat ur en förstenad rot från Tusenåriga skogen och omslutet av läder. Det pulserar svagt när faror närmar sig. Trollets Hjärta skänker tålighet bortom det vanliga - och ibland en glimt av urgammal visdom.
543;jewelry;Klo från Apellonisk Bjorc;Amulet;20+;1000;-;-;+2% Perfekt träff, +3 Styrka, +2 Uthållighet, +3 Initiativstyrka, +2 Undvika anfall;;;;;;;;;Klon från den Apelloniska Bjorcen mäter en dryg handflata i längd och tre fingrar i bredd, likt dess tänder skiner den så som endast polerad marmor kan.Klons form kan närmast efterliknas klor från en örn, skapta med ett enda syfte, att fånga sitt byte och med kraft kunna penetrera även den tjockaste hud.Spetsen på den långa klon är dock förvånansvärt trubbig, något som bara gör den enorma besten än mer skrämmande då ryktet säger att den med enkelhet kan penetrera en tunnare stålsköld med sina klor.
753;jewelry;Mörkt tulpanarmband;Bracelet;20+;;-;-;+7 Bashälsa;;;;;;;;;Ett armband smitt av svärtat stål och prytt med mörka tulpaner vars kronblad aldrig vissnar.
848;jewelry;Kallblodsring;Finger;20+;250;-;Kräver att du är av rasen odöd, Kräver att du är av rasen salamanth;+3 Bashälsa, +3 Uthållighet, +3 Initiativstyrka;;;;;;;;;En ytterst märklig ring som likt sina bärare är växelvarm och kan upplevas både isande kall och glödande het beroende på ägarens humör.
847;jewelry;Whiwintand;Neck;20+;240;Kritchans 0-1% · Träffchans +1;Kräver att du är av rasen salamanth;+1% Perfekt träff, +1 Bashälsa, +2 Initiativstyrka;Föremålssmide 5;1 x Sandhavsläder;;0;2000;;;;Whiwinerna var skräckinjagande och blodtörstiga varelser. I jämförelse med fastlandets varelser hade de mest gemensamt med en varg, men var dubbelt så stora och terroriserade ön med en hunger som aldrig tycktes bli mättad. Whiwinerna saknade päls och hade en svartröd hud som tycktes koka av öns inre eld. De kunde stå på två ben, en skrämmande syn som förstärkte deras fruktade närvaro, men i jakt och strid föredrog de att röra sig på alla fyra.En salamanth som bär en tand från en av dessa monstrositeter runt halsen signalerar styrka och mod hos sina artfränder.
990;jewelry;Gyllene Luftpipa;Neck;20+;300;-;-;+3 Bashälsa, +3 Styrka, +7 Uthållighet;;;;;;;;;Den gyllene luftpipan är ett mystiskt föremål, noga förvarat genom generationer och omgärdat av legender. Den glänsande, intrikat utformade pipan tros ge bäraren oanade egenskaper. Enligt sägnerna förmågar den som håller den att uppnå en uthållighet bortom mänsklig förståelse – de kan färdas längre, kämpa hårdare och stå emot svårigheter utan att ge vika. Luftpipan sägs också ha en magisk kraft att stärka bärarens kropp och sinne, och ge dem förmågan att uthärda både fysisk och psykisk påfrestning. En symbol för kraft och uthållighet, är den gyllene luftpipan både en gåva och ett ansvar.
950;jewelry;Orkisk Pälsmantel;Back;20+;;Vikt 3;-;+5 Bashälsa, +5 Styrka, +5 Uthållighet;;;;;;;;;
961;armor;Välsignade Välsmidda skor;Feet;20+;50;Block 10 (12%);-;-;;;;;;;;;Ett par tunga stålskor vackert smidda av en mästarsmed, skorna känns lättare efter en välsignelse från kejsaren. Graverade med dess skapares initialer.
962;armor;Välsignad välsmidd axelplåt;Shoulders;20+;;Block 10 (12%);-;-;;;;;;;;;En stor och tung axelplåt smidd av en mästarsmed, Axelplåten känns lättare efter en välsignelse från kejsaren. Skyddar bäraren mot fatala hugg mot bröstkorgens övre del.
963;armor;Välsignade välsmidda handskar;Hands;20+;50;Block 10 (12%);-;-;;;;;;;;;Ett par utsökta handskar smidda av en mästersmed, handskarna känns lättare efter en välsignelse från kejsaren. Skyddar väl mot fientliga anfall.
965;armor;Välsignad välsmidd plåthjälm;Head;20+;;Block 12 (15%) · Vikt 1;-;-;;;;;;;;;En skickligt smidd hjälm av en mästersmed, hjälmen känns lättare efter en välsignelse från kejsaren. Ett utmärkt och eftertraktat försvar mot fientliga anfall.
1005;jewelry;Alvens andetag;Neck;20+;;Kritchans 0-1%;Kräver att du är av rasen alv;+1% Perfekt träff, +4% Initiativstyrka, +4% Undvika anfall, -5 Provokation;;;;;;;;;Format av månljus och vävd med hårstrån från skogens väktare, är detta halsband nästan viktlöst. Det bär på en stilla kraft - en närhet till naturens väsen och ett skydd mot världen. Alvernas Andetag viskar lugn till den rastlösa.
966;armor;Välsignad välsmidd bröstplåt;Chest;20+;;Block 12 (15%) · Vikt 1;-;-;;;;;;;;;En skickligt smidd bröstplåt av en mästersmed, bröstplåten känns lättare efter en välsignelse från kejsaren. Ett utmärkt och eftertraktat försvar mot fientliga anfall.
964;armor;Välsignade välsmidda benskydd;Legs;20+;;Block 12 (15%) · Vikt 1;-;-;;;;;;;;;Ett par skickligt smidda benskydd av en mästersmed, benskydden känns lättare efter en välsignelse från kejsaren. Ett utmärkt och eftertraktat försvar mot fientliga anfall.
1044;armor;Vulkanharnesk;Chest;20+;800;Block 10 (12%) · Vikt 2;100 Styrka;+5 Inlärningsförmåga;;;;;;;;;En av få kvarlevor från den mystiska Vulkanön.
1048;jewelry;Benådad isfågel;Trinket;20+;;-;Kräver att du är av rasen salamanth, Kräver att du är av rasen odöd;+7 Styrka, +2 Initiativstyrka, +2 Undvika anfall;;;;;;;;;
1047;jewelry;Helgad silverfågel;Trinket;20+;700;Vikt -1;Kräver att du är av rasen alv, Kräver att du är av rasen goblin;+7 Bashälsa, +2 Styrka;;;;;;;;;
1046;jewelry;Välsignad träfågel;Trinket;20+;700;Kritchans 0-1%;Kräver att du är av rasen troll, Kräver att du är av rasen ork;+2 Uthållighet, +7 Undvika anfall;;;;;;;;;
117;jewelry;Gruvans mantel;Back;20+;300;Vikt 1;Kräver att du är av rasen dvärg;+4 Bashälsa, +6 Uthållighet;Föremålssmide 4;2 x Ekträ, 1 x Siden;;0;1400;;;;Något så enkelt som väder och vind är inte något som stoppar de flitiga dvärgarna från att arbeta hårda och långa dagar. För att kunna ta sig igenom kalla vinterdagar i gruvorna tog dvärgarna fram en särskilt värmande och stärkande mantel.Förgylld med dvärgiska broderier, täckt i ett extra lager av vargpäls och precis lagom lång för att inte släpa på den dammiga marken i gruvorna. På grund av sin fyrkantiga och korta utformning är sitter den inte särskilt bra på andra raser.
1084;jewelry;Inklinors armband;Bracelet;20-34;;-;-;-5% hammare, -5% kättingvapen, -5% Bashälsa, +5% Styrka, +5% Uthållighet, +5 Initiativstyrka, +5 Undvika anfall;;;;;;;;;I arenans tidiga dagar fanns en man vid namn Inklinor, känd för sin okuvliga vilja och sin förmåga att sätta sitt märke i historien. Hans signatur var mer än bläck på pergament - det var ett sigill som gav tyngd åt varje beslut, en symbol för ära och tillhörighet.Men legenden säger att Inklinor en natt förlorade denna signatur. Den stals, eller gömdes, och med den förlorade han sin plats i de stora böckerna som bevarade minnet av Stenhems hjältar. Han blev en skugga, en man vars namn fanns på allas läppar men som inte längre kunde lämna sitt avtryck.För att bevara hans minne smiddes ett armband av järn och brons, märkt med mönster som påminner om de linjer han en gång drog med sin penna. Armbandet kallades för Inklinor – ett namn lika tungt som den historia det bar.De som bär armbandet sägs inte bara bära ett smycke, utan också Inklinors förlorade kraft: förmågan att bli ihågkommen, att skriva sitt namn i arenans sand och i människors hjärtan.Än idag är Inklinors armband en symbol för de som vågar kämpa för sitt avtryck i historien. För även om en signatur kan förloras, kan den återskapas genom handlingar, mod och ära.
1089;jewelry;Inklinors halsband;Neck;20-34;;-;-;-5% yxor, -5% svärd, +5% stavar, -5% stickvapen, +5 Bashälsa, -5 Styrka, +5 Uthållighet, +5% Initiativstyrka, +5% Undvika anfall;;;;;;;;;När Inklinor återfick sin kraft genom armbandet trodde många att hans saga nått sitt slut. Men ur arenans sand steg ännu en legend — berättelsen om Inklinors halsband, smitt i tystnadens kammare och välsignat av de som minns.Halsbandet sägs ha skapats av resterna av Inklinors egna kedjor - de som en gång bundit honom till skam och förlust. Men istället för att låta dem symbolisera fångenskap, smälte smederna ner länkarna och formade dem till ett nytt tecken på frihet.I dess mitt fästes ett stycke mörkt, slipat brons med ett ristad sigill - en förvrängd version av Inklinors förlorade signatur. Den representerade hans inre kamp: den eviga striden mellan röst och tystnad, mellan ära och skam.De som bär halsbandet sägs få rösten tillbaka – kraften att tala med arenans tyngd bakom sina ord. Inga lögner biter, ingen tystnad kväver. Halsbandet för tanken på ära, röst och själ samman i ett enda andetag.Men priset är högt. Ty varje gång en lögn yttras av dess bärare, bleknar metallen, tills endast aska återstår.
1062;jewelry;Reklamerad Luftpipa;Neck;20+;300;-;-;+6 Bashälsa, +2 Uthållighet;;;;;;;;;Uthållighet är ett måste för varje gladiator på arenan. Det spelar ingen roll hur stark eller smidig du är om du säckar ihop av trötthet. Köpmännen vet mycket väl om detta och har jobbat tillsammans med Brikk för att ta fram ett föremål som slår två flugor i en smäll. Det ger dig en chans att hålla ut längre, och publiken ett längre spektakel. Just det här exemplaret verkar det blivit något tokigt med. Kanske var det därför det blev reklamerat?
609;armor;Nattbrynjehuva;Head;20+;110;Block 5 · Vikt 2;100 Styrka, Kräver att du är av rasen odöd;+3 Bashälsa, -4 Uthållighet;;;;;;;;;En vacker och lätt rustning som absorberar nästintill allt ljus och gör bäraren så gott som osynlig i mörkret.
610;armor;Nattbrynjeharnesk;Chest;20+;110;Block 5 · Vikt 2;100 Styrka, Kräver att du är av rasen odöd;+3 Bashälsa, -4 Uthållighet;;;;;;;;;En vacker och lätt rustning som absorberar nästintill allt ljus och gör bäraren så gott som osynlig i mörkret.
1100;armor;Förgyllda drakskinnshandskar;Hands;20+;150;Block 2 · Vikt -2;100 Styrka;+2 Bashälsa, +1 Initiativstyrka, +1 Undvika anfall;;;;;;;;;De förgyllda drakskinnshandskarna är klädda i gyllene fjäll som skimrar svagt i ljuset. De värmer händerna  och låter en glimt av drakens kraft vila i varje rörelse.
1104;jewelry;Mästerlig Rovansk ring;Finger;20+;;Kritchans 0-1% · Träffchans +1 · Vikt -2;-;+1% Perfekt träff, -8 Bashälsa, +6 Initiativstyrka, +4 Undvika anfall, +10 Disciplin;;;;;;;;;En uråldrig ring besmyckad med förgyllda rönnbär och en liten fågel vars blick sägs vaka över bäraren. Ringen sägs göra både kropp och själ lättare.Rykten om dess ursprung är många. Kanske är det sjökaptenen som hittade den på en exotisk ö och gav till sin dotter. Kanske är den kärleksfullt handgjord i den lokala smedjan.. svaret - det får vi aldrig veta.
752;jewelry;Ljust tulpanarmband;Bracelet;20+;;-;-;+6 Initiativstyrka;;;;;;;;;Detta armband är smitt med eleganta tulpanformer som sägs fånga gryningens första ljus. Den fyller bäraren med ett stilla lugn.
1190;armor;Havsbunden Palmtygshuva;Head;20-25;;Block 4 · Vikt 1;Kräver att du är av rasen salamanth, Kräver att du är ung, 60 Styrka;+4% Undvika anfall;Rustningssmide 4;2 x Vattenfragment;1 x Palmtygshuva;0;800;;;;Traditionellt bär salamanther dessa rustningsdelar efter barndomen, tillverkade av tyg vävt av palmfibrer och blad. Materialet är lätt och ger ett förvånansvärt gott skydd utan att hindra bärarens rörelser.Den havsbundna huvan har välsignats av havets kraft, vilket ger palmtyget en sval och följsam känsla. Den omsluter huvudet mjukt och sägs bära med sig havets lugn och djup, samtidigt som den behåller den lätthet som kännetecknar salamanthernas traditionella rustning.
1176;armor;Jordhärdad Bergets Hjälm;Head;20-25;;Block 7 · Vikt 4;100 Styrka, 30 Uthållighet, Kräver att du är av rasen dvärg;+3% Bashälsa;Rustningssmide 4;2 x Jordfragment;1 x Bergets hjälm;0;800;;;;Smidd efter de mest eftertraktade dvärgiska smideskonsterna och härdad med jordens uråldriga kraft. Dvärgiska runor pryder metallen och sägs skänka bäraren bergets mod, styrka och orubblighet.Hjälmen omsluter huvudet med ett rejält lager av hård metall, vars jordhärdade yta står emot även kraftiga slag. Den är tung och stadig, precis som berget den hämtar sin kraft från.
1179;armor;Snötäckta Goblinska stålhandskar;Hands;20-25;;Block 3 · Vikt 1;120 Styrka, Kräver att du är av rasen goblin;+3% Initiativstyrka, +2% Undvika anfall;Rustningssmide 4;1 x Vattenfragment, 1 x Luftfragment;1 x Goblinska stålhandskar;0;500;;;;Goblinskt stål är en sällsynthet, då få gobliner väljer att ägna sig åt det krävande hantverket. De som gör det skapar däremot utrustning av utmärkt kvalitet, både lätt och förvånansvärt stark.Stålhandskarna är täckta av ett tunt lager frost och snö, vilket ger metallen en kylig hårdhet. Trots det robusta skyddet behåller de den goblinska lättheten och låter händerna röra sig snabbt och smidigt.
1177;armor;Jordhärdad Bergets Benskydd;Legs;20-25;;Block 7 · Vikt 4;100 Styrka, 30 Uthållighet, Kräver att du är av rasen dvärg;+3% Bashälsa;Rustningssmide 4;2 x Jordfragment;1 x Bergets benskydd;0;800;;;;Smidda efter de mest eftertraktade dvärgiska smideskonsterna och härdade med jordens uråldriga kraft. Dvärgiska runor pryder metallen och sägs skänka bäraren bergets styrka, tålighet och orubblighet.Benskydden omsluter benen med ett rejält lager av hård metall. Den jordhärdade ytan står emot kraftiga slag och ger ett pålitligt skydd mot även välsmidda vapen, samtidigt som den tunga konstruktionen håller benen stadiga i strid.
1191;armor;Eldsmidda Tempelaxlar;Shoulders;20-25;;Block 3 · Vikt 1;100 Styrka, Kräver att du är av rasen människa;+4% kättingvapen, +3% Styrka;Rustningssmide 4;2 x Eldfragment;1 x Tempelaxlar;0;500;;;;Ett heligt skydd som burits av tempelväktare i generationer. De rejäla axelskydden har smitts i helig eld och bär på en värme som aldrig helt tycks svalna. En rustning för den som står kvar när lågorna når som högst.
1180;armor;Snötäckta Goblinska stålsabaton;Feet;20-25;150;Block 3 · Vikt 1;120 Styrka, Kräver att du är av rasen goblin;+3% Initiativstyrka, +2% Undvika anfall;Rustningssmide 4;1 x Vattenfragment, 1 x Luftfragment;1 x Goblinska stålsabaton;0;500;;;;Goblinskt stål är en sällsynthet, då få gobliner väljer att ägna sig åt det krävande hantverket. De som gör det skapar däremot utrustning av utmärkt kvalitet, både lätt och förvånansvärt stark.Sabatonen är täckta av ett tunt lager frost och snö som kyler metallen och ger den en hård, nästan iskall yta. Trots det robusta skyddet behåller de den goblinska lättheten och låter bäraren röra sig snabbt och smidigt.
1182;armor;Eldsmidd Axelskydd av stansat svartstål;Shoulders;20-25;;Block 5 · Vikt 3;120 Styrka, Kräver att du är av rasen troll, Kräver att du är av rasen ork, Kräver att du är av rasen goblin;+3% Styrka;Rustningssmide 4;2 x Eldfragment;1 x Axelskydd av stansat svartstål;0;500;;;;Två mellanstora, v-formade axelskydd av grovt svartstål, stansade för att ge ett rejält skydd över axlarna. Spetsarna sträcker sig ut från kroppen och hjälper till att avvärja slag från sidan.Svartstål bryts ur bergstrakter där svartblod som troll och orker lever. Dvärgar och alver skyr materialet och vägrar vanligtvis att arbeta med det. Dessa axelskydd har däremot genomgått en intensiv eldhärdning som gjort det redan hårda stålet ännu mer motståndskraftigt.
1192;armor;Jordhärdade Tempelhandskar;Hands;20-25;;Block 3 · Vikt 1;Kräver att du är av rasen människa, 100 Styrka;+4% hammare, +3% Bashälsa;Rustningssmide 4;2 x Jordfragment;1 x Tempelhandskar;0;500;;;;Heligt smidda och härdade med kraften från den jord som templets grund vilar på. Handskarna är tunga och robusta, men ger ett stadigt grepp och skydd åt den som vakar över templets heliga marker.
1181;armor;Snötäckt Axelstycke av goblinskt stål;Shoulders;20-25;150;Block 3 · Vikt 1;120 Styrka, Kräver att du är av rasen goblin;+3% Initiativstyrka, +2% Undvika anfall;Rustningssmide 4;1 x Vattenfragment, 1 x Luftfragment;1 x Axelstycke av goblinskt stål;0;500;;;;Goblinskt stål är en sällsynthet, då få gobliner väljer att ägna sig åt det krävande hantverket. De som gör det skapar däremot utrustning av utmärkt kvalitet, både lätt och förvånansvärt stark.Axelstycket är täckt av ett tunt lager frost och snö som kyler metallen och ger den en hård, nästan iskall yta. Trots sitt robusta skydd behåller det den goblinska lättheten och låter bäraren röra axeln fritt.
1183;armor;Eldsmidda Handskar av stansat svartstål;Hands;20-25;;Block 5 · Vikt 3;120 Styrka, Kräver att du är av rasen troll, Kräver att du är av rasen ork, Kräver att du är av rasen goblin;+3% Styrka;Rustningssmide 4;2 x Eldfragment;1 x Handskar av stansat svartstål;0;500;;;;Ett par starkt bepansrade handskar tillverkade av grovt svartstål, stansat och format för att följa händerna. Den rejäla metallen ger ett kraftfullt skydd över fingrar och handrygg, medan den böjda formen tillåter bäraren att fortfarande greppa och slå obehindrat.Svartstål bryts ur bergstrakter där svartblod, såsom troll och orker, lever. Dvärgar och alver skyr materialet och vägrar vanligtvis att arbeta med det. Dessa handskar har dessutom genomgått en intensiv eldhärdning som gjort det mörka stålet ännu hårdare och mer motståndskraftigt.
1193;armor;Vindmärkta Tempelben;Legs;20-25;;Block 5 · Vikt 2;Kräver att du är av rasen människa, 100 Styrka;+4% stavar, +6% Initiativstyrka;Rustningssmide 4;2 x Luftfragment;1 x Tempelben;0;800;;;;Smidda för templets väktare och märkta av vindens uråldriga kraft. De lätta benskydden följer bärarens rörelser och gör varje steg snabbt och smidigt, som om vinden själv hjälper väktaren framåt.
1184;armor;Jordhärdat Harnesk av stansat svartstål;Chest;20-25;;Block 7 · Vikt 4;120 Styrka, Kräver att du är av rasen ork, Kräver att du är av rasen troll, Kräver att du är av rasen goblin;+3% Bashälsa;Rustningssmide 4;2 x Jordfragment;1 x Harnesk av stansat svartstål;0;800;;;;Ett kraftigt harnesk uppbyggt av stora, v-formade bitar av grovt svartstål, sammanfogade med starka stålkedjor från halsen ner till midjan. Den robusta konstruktionen ger ett rejält skydd över bröst och bål utan att helt begränsa bärarens rörelser.Svartstål bryts ur bergstrakter där svartblod, såsom troll och orker, lever. Dvärgar och alver skyr materialet och vägrar vanligtvis att arbeta med det. Harnesket har härdats med jordens uråldriga kraft, vilket gör det tunga svartstålet ännu segare och mer motståndskraftigt mot hårda slag.
1194;armor;Jordhärdat Nattbrynjeharnesk;Chest;20-25;;Block 5 · Vikt 2;100 Styrka, Kräver att du är av rasen odöd;+3% Bashälsa, -3 Uthållighet;Rustningssmide 4;2 x Jordfragment;1 x Nattbrynjeharnesk;0;800;;;;En vacker och lätt rustning som absorberar nästintill allt ljus och gör bäraren så gott som osynlig i mörkret. Harnesket har härdats med jordens uråldriga kraft, vilket ger den tunna brynjan en oväntad tyngd och styrka utan att förlora dess förmåga att smälta samman med nattens mörker.
1185;armor;Vindmärkt Latheárhuva;Head;20-25;;Block 3 · Vikt 1;Kräver att du är av rasen alv, 60 Styrka;+6% Initiativstyrka;Rustningssmide 4;2 x Luftfragment;1 x Latheárhuva;0;500;;;;Tillverkad av det sällsynta Latheártyget från Beren Delias hemskog. Tyget är tjockt och motståndskraftigt, men väger trots sin robusthet nästan ingenting.Huvan har märkts av vindens kraft, vilket gör det tunna materialet ännu lättare och följsammare. Den sitter tätt mot huvudet utan att kännas tung och rör sig mjukt med varje vindpust.
1195;armor;Havsbundna Nattbrynjeskor;Feet;20-25;;Block 3;100 Styrka, Kräver att du är av rasen odöd;-3 Uthållighet, +4% Undvika anfall;Rustningssmide 4;2 x Vattenfragment;1 x Nattbrynjeskor;0;500;;;;Ett par vackra och lätta skor som absorberar nästintill allt ljus och gör bärarens steg svåra att upptäcka i mörkret. De har bundits till havets kraft, vilket gör dem svala och följsamma, som om varje steg lämnar lika lite spår som en våg som drar sig tillbaka.
1186;armor;Havsbundna Latheárbyxor;Legs;20-25;;Block 3 · Vikt 1;Kräver att du är av rasen alv, 60 Styrka;+3% Undvika anfall;Rustningssmide 4;2 x Vattenfragment;1 x Latheárbyxor;0;800;;;;Tillverkade av det sällsynta Latheártyget från Beren Delias hemskog. Tyget är tjockt och motståndskraftigt, men väger trots sin robusthet nästan ingenting.Byxorna har bundits till havets kraft, vilket ger det lätta materialet en sval och följsam känsla. Tyget rör sig mjukt med bäraren och sägs bära med sig havets lugn, djup och obändiga styrka.
1196;armor;Havsbundet Axelstycke av nattbrynja;Shoulders;20-25;;Block 3;100 Styrka, Kräver att du är av rasen odöd;-3 Uthållighet, +4% Undvika anfall;Rustningssmide 4;2 x Vattenfragment;1 x Axelstycke av nattbrynja;0;500;;;;Ett vackert och lätt axelstycke som absorberar nästintill allt ljus och gör bäraren svår att upptäcka i mörkret. Det har bundits till havets kraft, vilket ger brynjan en sval och följsam känsla som rör sig mjukt över axeln.
1187;armor;Havsbundna Latheársandaler;Feet;20-25;;Block 2;Kräver att du är av rasen alv, 60 Styrka;+3% Undvika anfall;Rustningssmide 4;2 x Vattenfragment;1 x Latheársandaler;0;500;;;;Tillverkade av det sällsynta Latheártyget från Beren Delias hemskog. Tyget är tjockt och motståndskraftigt, men väger trots sin robusthet nästan ingenting.Sandalerna har bundits till havets kraft, vilket ger materialet en sval och följsam känsla. De sitter lätt mot fötterna och sägs låta bäraren röra sig med samma mjukhet och rytm som vågorna.
1188;armor;Vindmärkta Palmtygsaxlar;Shoulders;20-25;;Block 3;Kräver att du är ung, Kräver att du är av rasen salamanth, 60 Styrka;+6% Initiativstyrka;Rustningssmide 4;2 x Luftfragment;1 x Palmtygsvaddar;0;500;;;;Traditionellt bär salamanther dessa rustningsdelar efter barndomen, tillverkade av tyg vävt av palmfibrer och blad. Materialet är lätt och ger ett förvånansvärt gott skydd utan att hindra bärarens rörelser.De vindmärkta axlarna har välsignats av luftens kraft, vilket gör palmtyget ännu lättare och följsammare. Varje vindpust får fibrerna att röra sig mjukt, som om rustningen själv fångat vinden.
1189;armor;Vindmärkta Palmtygshandskar;Hands;20-25;;Block 3 · Träffchans +1;Kräver att du är av rasen salamanth, Kräver att du är ung, 60 Styrka;+6% Initiativstyrka;Rustningssmide 4;2 x Luftfragment;1 x Palmtygshandskar;0;500;;;;Traditionellt bär salamanther dessa rustningsdelar efter barndomen, tillverkade av tyg vävt av palmfibrer och blad. Materialet är lätt och ger ett förvånansvärt gott skydd utan att hindra händerna i deras rörelser.De vindmärkta handskarna har välsignats av luftens kraft, vilket gör palmtyget ännu lättare och följsammare. De följer varje rörelse mjukt och låter bäraren agera med samma snabbhet och frihet som vinden.
20;consumable;Perfekt avvägt pegasusextrakt;;20+;450;Varaktighet 90 · Cooldown 0 sekunder;Kräver att du är av rasen människa;+3% Bashälsa, +3% Styrka, +3% Uthållighet, +6% Initiativstyrka, +3% Undvika anfall, +15 Inlärningsförmåga, +15 Tur, +15 Disciplin, +15 Ledarskap;Alkemi 5;1 x Pegasusfjäder;;0;1500;;;;Smaklös, doftlös, tyngdlös.Perfekt avvägd.
18;consumable;Hopkok av okända njurar;;20+;450;Varaktighet 90 · Cooldown 0 sekunder;-;+10 Styrka, +5 Uthållighet, +5 Initiativstyrka;Alkemi 6;3 x Okänd njure;;0;1250;;;;
21;consumable;Droppar av bhorgolessens;;20+;450;Varaktighet 90 · Cooldown 0 sekunder;Kräver att du är av rasen ork;-10 Bashälsa, +10% Styrka, +10 Initiativstyrka;Alkemi 5;1 x Bhorgolpäls;;0;1500;;;;Styrkan ur även ett för länge sedan avlidet odjur kan än utvinnas, men dess svagheter likaså.
238;consumable;En Sjätte Chans;;20+;;Cooldown 0 sekunder;-;-;;;;;;;;;En sällsynt magisk formel inristad på ett pergament gulnat av ålder. Den skänker bäraren en unik möjlighet att omfördela sina poäng – en ny chans att rätta till gamla misstag, eller skapa nya.
71;consumable;Drakdrottningens vishet;;20+;;Varaktighet 1440 · Cooldown 3 dagar;-;+40 Inlärningsförmåga;Alkemi 8;2 x Draktand, 2 x Draköga;;0;1100;;;;
140;consumable;Sav från tusenträd;;20+;;Cooldown 0 sekunder;-;+18 Initiativstyrka;;;;;;;;;Denna sav är extremt seg och klibbig, och en mardröm att arbeta med eftersom den fastnar på allt. Men när den kokts ner till en brygd har den en mycket potent uppiggande effekt.
142;consumable;Völvans hemlighet;;20+;;Cooldown 0 sekunder;-;+25 Styrka;;;;;;;;;Hemligheten i fråga är såklart den hemliga ingrediensen. Med tanke på vad völvor ibland har i sina drycker är det kanske säkrast att du inte vet. Vad det än är skänker det denna brygd en mustig, järnliknande smak och en tendens att göra folk vildsinta.
254;consumable;Perfekt gul drakessens;;20+;500;Varaktighet 90 · Cooldown 0 sekunder;-;+2% Perfekt träff, +5 Initiativstyrka, +5 Undvika anfall;;;;;;;;;Perfekta essensen av en gul drake utvunnen av en skicklig alkemist.
139;consumable;Zurins droppar;;20+;;Cooldown 0 sekunder;-;+60 Ledarskap;;;;;;;;;Framställda efter Zurins eget recept. Du förstår inte riktigt hur eller varför, men när du luktar på den klara vätskan tänker du på seger.
141;consumable;Högalvisk brygd;;20+;;Cooldown 0 sekunder;-;+18 Undvika anfall;;;;;;;;;Den här teliknande drycken är framställd efter ett uråldrigt högalviskt recept. Smaken är mild och ökar långsamt i intensivitet, och gör en dessutom mjuk och smidig i musklerna.
253;consumable;Perfekt blå drakessens;;20+;500;Varaktighet 90 · Cooldown 0 sekunder;-;+5 Bashälsa, +10 Styrka, +5 Uthållighet;;;;;;;;;Perfekta essensen av en blå drake utvunnen av en skicklig alkemist.
255;consumable;En sann lättnad;;20+;;Varaktighet 90 · Cooldown 0 sekunder;-;-;;;;;;;;;
156;consumable;Häxans röda brygd;;20+;;Cooldown 2 månader 4 dagar;-;-;;;;;;;;;I en liten glimrande flaska rör sig brygden runt på ett närmast magiskt sätt, den ser levande ut. Hur rör den sig runt därinne? Att dricka denna brygd är riskabelt. Det kan ge dig krafter bortom dina drömmar eller så dör du en plågsam död. Drick på din egen risk.
158;consumable;Häxans lila brygd;;20+;;Cooldown 2 månader 4 dagar;-;-;;;;;;;;;I en liten glimrande flaska rör sig brygden runt på ett närmast magiskt sätt, den ser levande ut. Hur rör den sig runt därinne? Att dricka denna brygd är riskabelt. Det kan ge dig krafter bortom dina drömmar eller så dör du en plågsam död. Drick på din egen risk.
159;consumable;Häxans gröna brygd;;20+;;Cooldown 2 månader 4 dagar;-;-;;;;;;;;;I en liten glimrande flaska rör sig brygden runt på ett närmast magiskt sätt, den ser levande ut. Hur rör den sig runt därinne? Att dricka denna brygd är riskabelt. Det kan ge dig krafter bortom dina drömmar eller så dör du en plågsam död. Drick på din egen risk.
161;consumable;Häxans blåa brygd;;20+;;Cooldown 2 månader 4 dagar;-;-;;;;;;;;;I en liten glimrande flaska rör sig brygden runt på ett närmast magiskt sätt, den ser levande ut. Hur rör den sig runt därinne? Att dricka denna brygd är riskabelt. Det kan ge dig krafter bortom dina drömmar eller så dör du en plågsam död. Drick på din egen risk.
22;consumable;Heligt rosvatten;;20+;450;Varaktighet 90 · Cooldown 0 sekunder;Kräver att du är av rasen alv;+10 Initiativstyrka, +5% Initiativstyrka, +5% Undvika anfall, +10 Undvika anfall;Alkemi 5;1 x Förstenad ros;;0;1500;;;;Genom en för andra släkten okänd process har alver möjligheten att utvinna oerhörd kvickhet ur det heliga rosvattnet.Se upp, alv, som förtär en ros ty din kvickhet är snabbt förbi.
138;consumable;Ajacavagift;;20+;;Cooldown 0 sekunder;-;+60 Provokation;;;;;;;;;Ajakavans gift är förödande att inmundiga, om det inte har tillretts på precis rätt sätt för att neutralisera ett antal av de farligaste ämnena i det. När detta utförs av en kunnig blir resultatet en mycket potent dryck som många inte ens vågar smaka på, av rädsla för att den ska vara fel tillagad.
143;consumable;Te av sandlilja;;20+;;Cooldown 0 sekunder;-;+18 yxor, +18 svärd, +18 hammare, +18 stavar, +18 sköldar, +18 stickvapen, +18 kättingvapen, +18 Obeväpnat;;;;;;;;;Sandliljan är en mycket sällsynt blomma som enbart växer på karga platser, främst i gränslandet mellan Isvalla och Sandhem. Den blommar väldigt sällan men är makalöst vacker, då dess färgrika blomst nästan verkar lysa med det solljus den absorberat under sitt liv.
146;consumable;Kakaovin;;20+;;Skada 25-40 · Cooldown 0 sekunder;-;-;;;;;;;;;Ett exotiskt vin med inslag av både sött och beskt, uppskattat av vissa men tåls inte av andra. Det anses vara en delikatess i vissa kretsar, och många gladiatorer uppskattar det för den extra sting det kan ge i en strid.
147;consumable;Sandhemsk kaktusbrygd;;20+;;Cooldown 0 sekunder;-;-;;;;;;;;;Kaktusarna vid Gruvorna är legendariska, då de största av dem kan nå en höjd på uppåt femton meter. Vissa är också hallucinogena och kan ge en domnad känsla i kroppen - som rekreationellt kan uppskattas av vissa men som oftast är förödande i strid.
157;consumable;Häxans gula brygd;;20+;;Cooldown 2 månader 4 dagar;-;-;;;;;;;;;I en liten glimrande flaska rör sig brygden runt på ett närmast magiskt sätt, den ser levande ut. Hur rör den sig runt därinne? Att dricka denna brygd är riskabelt. Det kan ge dig krafter bortom dina drömmar eller så dör du en plågsam död. Drick på din egen risk.
160;consumable;Häxans svarta brygd;;20+;;Cooldown 2 månader 4 dagar;-;-;;;;;;;;;I en liten glimrande flaska rör sig brygden runt på ett närmast magiskt sätt, den ser levande ut. Hur rör den sig runt därinne? Att dricka denna brygd är riskabelt. Det kan ge dig krafter bortom dina drömmar eller så dör du en plågsam död. Drick på din egen risk.
29;consumable;Gul drakessens;;20+;750;Varaktighet 90 · Cooldown 0 sekunder;-;+2% Perfekt träff, +5 Initiativstyrka, +5 Undvika anfall;Alkemi 6;1 x Drakklo, 1 x Drakben;;0;1100;;;;Essensen av en gul drake utvunnen av en mycket skicklig alkemist.
23;consumable;Sandhavstinktur;;20+;450;Varaktighet 90 · Cooldown 0 sekunder;Kräver att du är av rasen goblin;+1% Perfekt träff, +6% Styrka, +6% Undvika anfall;Alkemi 5;1 x Sandhavsläder;;0;1500;;;;Gobliner finner oerhörd styrka i att på olika sätt förtära en av sina värsta fiender, drakar av alla dess slag, oavsett de är dem själva som bragt besten ur livet eller ej. Då drakens fjälliga och läderartade hud är något av de mer lättåtkomliga delarna från ett störtat odjur är också tinkurer på dessa delar populära.
279;consumable;Kaphlars sörja;;20+;;Varaktighet 120 · Cooldown 0 sekunder;-;+10 Bashälsa, +10 Uthållighet, +5 Undvika anfall;;;;;;;;;En mörk och geggig lerliknande sörja. Ändå dras du till att dricka den..
8;enchant;Elegant Rubin;;20+;1;-;-;+3% Perfekt träff;Vapensmide 5;2 x Rubin;;0;750;;;;
9;enchant;Kraftfull Rubin;;20+;1;-;-;-;Vapensmide 5;2 x Rubin;;0;750;;;;
10;enchant;Balanserad Rubin;;20+;1;-;-;+1% Perfekt träff;Vapensmide 5;2 x Rubin;;0;750;;;;
20;enchant;Elegant Safir;;20+;1;-;-;+7 Bashälsa;Vapensmide 5;2 x Safir;;0;750;;;;
21;enchant;Kraftfull Safir;;20+;1;-;-;-;Vapensmide 5;2 x Safir;;0;750;;;;
22;enchant;Balanserad Safir;;20+;1;-;-;+4 Bashälsa;Vapensmide 5;2 x Safir;;0;750;;;;
31;enchant;Elegant Topas;;20+;1;-;-;+5 Undvika anfall;Vapensmide 5;2 x Topas;;0;750;;;;
32;enchant;Kraftfull Topas;;20+;1;-;-;-;Vapensmide 5;2 x Topas;;0;750;;;;
42;enchant;Elegant Smaragd;;20+;1;-;-;-;Vapensmide 5;2 x Smaragd;;0;750;;;;
43;enchant;Kraftfull Smaragd;;20+;1;-;-;+5 Initiativstyrka;Vapensmide 5;2 x Smaragd;;0;750;;;;
44;enchant;Balanserad Smaragd;;20+;1;-;-;-;Vapensmide 5;2 x Smaragd;;0;750;;;;
53;enchant;Elegant Opal;;20+;1;-;-;+7 Styrka;Vapensmide 5;2 x Opal;;0;750;;;;
54;enchant;Kraftfull Opal;;20+;1;-;-;+2 Undvika anfall;Vapensmide 5;2 x Opal;;0;750;;;;
55;enchant;Balanserad Opal;;20+;1;-;-;+5 Styrka;Vapensmide 5;2 x Opal;;0;750;;;;
64;enchant;Elegant Onyx;;20+;1;-;-;+7 Uthållighet;Vapensmide 5;2 x Onyx;;0;750;;;;
65;enchant;Kraftfull Onyx;;20+;1;-;-;-;Vapensmide 5;2 x Onyx;;0;750;;;;
66;enchant;Balanserad Onyx;;20+;1;-;-;+5 Uthållighet;Vapensmide 5;2 x Onyx;;0;750;;;;
33;enchant;Balanserad Topas;;20+;1;-;-;+3 Undvika anfall;Vapensmide 5;2 x Topas;;0;750;;;;
579;weapon;Evighetens flamma;Stave;25+;;Skada 15-29 · Krit 30 + (10% till 10%) · Kritchans 0-9% · Hållbarhet 191 · Block/runda 2 · 2H · Vikt 15 · Ench 2;Kräver att du har bedriften Legend, 155 Styrka, 155 Stavar (rek);+2% Perfekt träff, +10 stavar, +11 Bashälsa, +11 Styrka, +11 Initiativstyrka, +11 Undvika anfall;;;;;;;;;Toppen av denna makalöst vackra spira pryds av en fackla som aldrig slocknar. Det måste vara kraftfull magi som tänt elden, och det sägs att den kommer att brinna till tidens ände. Då elden är magisk bränner den bara de saker som bäraren vill att den ska bränna.Resten av spiran är nästan lika häpnadsväckande som den evigt brinnande elden. Ett förbluffande mästerverk konstruerat av idel sällsynta metaller och ädelstenar. Den speglar eldens ljus och tycks skina innifrån. Den som håller i spiran fylls av ett obrytbart hopp som gör att kämpaglöden brinner i takt med flamman.
727;weapon;Ebenholtsspira;Stave;25+;;Skada 20-28 · Krit 29 + (10% till 10%) · Kritchans 0-7% · Hållbarhet 183 · Block/runda 2 · 2H · Vikt 14 · Ench 2;Kräver att du har bedriften Legend, Kräver att du är av rasen goblin, Kräver att du är av rasen ork, Kräver att du är av rasen troll, 300 Styrka, 140 Stavar (rek);+10% stavar, +10% Styrka;;;;;;;;;Denna stav är becksvart, till den grad att det ser ut som att allt ljus sugs in i den. Legender viskar om att den för länge sedan tillverkades av en mytomspunnen orkshaman, som med sina kopplingar till mörka krafter offrade en del av sin egen själ för att i utbyte få ett vapen som är i praktiken oförstörbart. Resultatet blev Ebenholtsspiran, som därefter slog sig fram på en blodig väg genom historien. Här och där i de gamla volymerna kan man läsa berättelser om mörkrets förkämpar, på vitt skilda platser och tider, med den gemensamma nämnaren att de alla höll i ett vapen av onaturligt mörker. Det går naturligtvis inte att bevisa att det är Ebenholtsspiran som omnämns, men det är väldigt sannolikt då det inte finns många vapen som den.Spiran tycks ha en egen vilja och verkar avsky rödblod, då dessa knappt kan närma sig spiran utan att överväldigas av mörka visioner som lovar hat och förintelse.
578;weapon;Kejsarens banér;Stave;25+;;Skada 1 · Krit 2 + (10% till 10%) · Hållbarhet 1 · Block/runda 2 · Dual · Vikt 1 · Ench 1;Kräver att du har bedriften Legend, 120 Styrka;+35 Undvika anfall, +80 Ledarskap;;;;;;;;;Bland alla legendariska vapen finnes även ett av de banér allehanda trupper bragts om livet under, Kejsarens banér. Huruvida det är tänkt att en gladiator ska kunna välja det ur Kejsaren förråd eller ej är inte uttalat, men få saker skapar sådan stridslust hos gladiatorer som att strida för Kejsaren.
580;weapon;Mirakelstav;Stave;25+;;Skada 20-25 · Krit 26 + (10% till 10%) · Kritchans 0-8% · Hållbarhet 204 · Block/runda 2 · 2H · Vikt 13 · Ench 2;Kräver att du har bedriften Legend, 145 Styrka, 165 Stavar (rek);+2% Perfekt träff, +20% stavar, +20 Initiativstyrka, +20 Undvika anfall;;;;;;;;;Kristallen i toppen på denna stav sägs ha otroliga krafter. I ett slag för länge sedan höll det goda på att förlora kriget mot mörkret. Men i den svartaste stunden, när allt tycktes förlorat, lystes hela slagfältet upp av en bländande vit blixt. Intensiteten i ljuset jagade bort mörkret, och när ljuset falnade återfanns en enorm, slående vacker kristall kvar. Tittar man in i kristallens mitt kan man ibland se skepnader röra sig och höra en svag röst som tycks mässa på ett språk som inte går att förstå.Hur staven hamnat i det kejserliga förrådet är väldigt oklart, men en sak är säker - den är redo att återuppta sin strid mot mörkret.
423;weapon;Carnwennan;Spear;25+;;Skada 7-18 · Krit 19 + (1% till 5%) · Kritchans 0-3% · Hållbarhet 210 · Block/runda 2 · Dual · Vikt 3 · Ench 1;Kräver att du har bedriften Legend, 80 Styrka, 170 Stickvapen (rek);+3% Perfekt träff, +10% stickvapen, +10 Undvika anfall, +5% Undvika anfall;;;;;;;;;I en uråldrig legend från ett fjärran land berättas om en sagolik konung. Hans namn är förlorat, likaså namnen på hans tretton edsvurna riddare. Denna konung skänktes ett flertal vapen av gudarna i landet, för att kunna försvara det och bekämpa ondskan i alla dess former.Ett av vapnen han fick var en dolk som sades kunna skära igenom vad som helst. Detta är sagda dolk, Carnwennan. Dess yta är så vass att den viner när den rör sig genom luften, och vissa påstår att det man hör är själva luften som skärs sönder. Den är dessutom förtrollatdav kraftfulla besvärjelser, som skänker den legendariska konungens styrka till vem som än håller i kniven.
406;weapon;Dagbräckare;Mace;25+;;Skada 23-29 · Krit 30 + (10% till 10%) · Kritchans 0-1% · Hållbarhet 171 · Block/runda 2 · Dual · Vikt 17 · Ench 1;Kräver att du har bedriften Legend, 190 Styrka, 130 Hammare (rek);+5 Styrka;;;;;;;;;Den hammare vars dån ekade i dalgångarna då den mötte städet för att skapa otaliga mästerverk tillhörde en gång i tiden den legendariske goblinsmeden Gol’Hur. Det ursprungliga namn hammaren bar har för längesedan tynat ur mannaminne och ersatts av det dess folkliga namn: Dagbräckare, då hammarens dån var ett gryningens tecken likt en galande tupp, daggens tyngd i gräset, eller solens första försiktiga strålar. Gol’Hurs mäktiga redskap finns nu i Kejsarförrådet. Vem ska återigen bryta upp mörkret och låta ljuset segra?
1080;shield;Ozriks ankarplatta;Shield;25+;;Absorption 26 · Kritchans 0-1% · Hållbarhet 300 · Block/runda 2 · Vikt 23 · Ench 1;300 Styrka, 90 Sköldar (rek);-;;;;;;;;;
557;weapon;Regentfasces;Axe;25+;;Skada 21-23 · Krit 24 + (40% till 50%) · Kritchans 0-10% · Hållbarhet 149 · Block/runda 2 · Dual · Vikt 11 · Ench 1;Kräver att du har bedriften Legend, 140 Styrka, 155 Yxor (rek);+2% Perfekt träff, +5 yxor, +15 Uthållighet, +20 Ledarskap;;;;;;;;;Tidigare en symbol för makt i ett rike före det nuvarande kejserliga kungadömet. En mycket annorlunda yxa, inte enbart bestående av egg och skaft utan också omgiven av flertalet vackra ekgrenar. Dess ålder och egendomliga utseende har genom åren lockat till sig flertalet blickar, och nyfikenhet kring huruvida den faktiskt är effektiv i strid.
1053;shield;Hammarhjälms släktvärn;Shield;25+;;Absorption 48 · Kritchans 0-2% · Hållbarhet 171 · Block/runda 2 · Vikt 15 · Ench 1;Kräver att du har bedriften Legend, 220 Styrka, 140 Sköldar (rek);-;;;;;;;;;
1054;shield;Virtuosmästarens arv;Shield;25+;;Absorption 38 · Kritchans 0-13% · Hållbarhet 130 · Block/runda 2 · Vikt 8 · Ench 1;Kräver att du har bedriften Legend, 185 Styrka, 125 Sköldar (rek);+7% Perfekt träff, +15% Initiativstyrka;;;;;;;;;
1056;shield;Solskärvan;Shield;25+;;Absorption 55 · Kritchans 0-4% · Hållbarhet 168 · Block/runda 1 · Vikt 12 · Ench 1;Kräver att du har bedriften Legend, 220 Styrka, 150 Sköldar (rek);+20 sköldar;;;;;;;;;
410;weapon;Skuggfurstens spira;Mace;25+;;Skada 16-31 · Krit 32 + (10% till 10%) · Kritchans 0-3% · Hållbarhet 165 · Block/runda 2 · Vikt 18 · Ench 1;Kräver att du har bedriften Legend, 400 Styrka, 140 Hammare (rek);+50 Ledarskap;;;;;;;;;Denna kolossala spira prydde länge en av korridorerna i det kejserliga palatsen. Beslagtagen i en räd mot de nomadiska barbarer som för flera generationer sedan terroriserade riket sägs den tillhört deras spirituella ledare.Den nuvarande kejsarens förtjusning i de blodiga bataljerna under stadens gladiatorspel har förmått honom att istället placera den i sitt förråd, där den väntar på att, kanske för första gången användas i strid.
582;weapon;Gycklarens förbannelse;Stave;25+;;Hållbarhet 1 · Block/runda 2 · Dual · Vikt 10 · Ench 1;100 Styrka, 30 Provokation;+20 sköldar, +15% Bashälsa, +50 Provokation;;;;;;;;;"I ett fjärran och bortglömt land som Kejsaren erövrade fick han motta många gåvor. En av dessa gåvor var en tjänst från en mystisk shaman. Kejsaren hade inget behov av den här gåvan, tills en trotjänare föreslog att detta skulle vara ett bra läge att bli av med en av de mer vulgära gycklarna som nyligen gått över gränsen. Denna gycklare, som var känd riket runt för sitt kreativa språk och snabba repliker, försvann över natten och sågs aldrig igen. Soldater lämnade över den fängslade gycklaren till shamanen med instruktionerna ""Gör något användbart av honom"". Det som levererades till kejsaren var ett förbannat huvud på en käpp som aldrig riktigt kan hålla tyst. Huvudet förolämpar allt och alla kring sig och är endast tyst ifall det placeras en tjock filt över den. Vissa mer spirituella svartblod har försökt att tämja huvudet men ingen har lyckats få den förbannade gycklaren att behärska sig. I strid har huvudet vett nog att bara förolämpa bärarens motståndare, men ibland berättar den också exakt vad användaren är på väg att göra."
953;weapon;Tragmar;Axe;25+;;Skada 11-30 · Krit 31 + (10% till 10%) · Kritchans 0-12% · Hållbarhet 142 · Block/runda 2 · Dual · Vikt 9 · Ench 1;Kräver att du har bedriften Legend, 130 Styrka, 175 Yxor (rek);+2% Perfekt träff, +8% Undvika anfall, +8 Undvika anfall;;;;;;;;;En förhållandevis liten yxa bland de kejserliga samlingarna. Förringa dock inte dess storlek, då legenderna säger att yxan med ett slag har kluvit världshaven.
1066;weapon;Malmstöt;Mace;25+;;Skada 25-30 · Krit 31 + (10% till 10%) · Kritchans 0-1% · Hållbarhet 170 · Block/runda 2 · Vikt 21 · Ench 1;Kräver att du har bedriften Legend, 300 Styrka, 140 Hammare (rek);+10 Uthållighet;;;;;;;;;Malmstöt är en massiv hammare smidd av grovt järn och förstärkt med band av mörkt stål. Dess huvud är kantigt och fyllt av hack och märken från otaliga slag, medan skaftet är gjort av härdat ekträ, inlindat med läder för ett stadigt grepp. Hammaren utstrålar en rå styrka och enkelhet, skapad för att krossa både sten och fiender.
471;shield;Svalin;Shield;25+;;Absorption 44 · Kritchans 0-3% · Hållbarhet 115 · Block/runda 2 · Vikt 17 · Ench 1;Kräver att du har bedriften Legend, 320 Styrka, 110 Sköldar (rek);+12% Styrka, +10 Provokation;;;;;;;;;Skölden som står mellan sol och jord, det som hindrar den flammande stjärnan från att bränna allt som finns.
1168;weapon;Stormens öga;Spear;25+;;Skada 19-28 · Krit 29 + (1% till 5%) · Kritchans 0-9% · Hållbarhet 118 · Block/runda 2 · Vikt 7 · Ench 1;Kräver att du har bedriften Legend, Kräver att du är av rasen människa, Kräver att du är av rasen dvärg, 155 Styrka, 180 Stickvapen (rek);+2% Perfekt träff, +5 stickvapen, +25% Initiativstyrka, +20 Initiativstyrka, -10 Undvika anfall;;;;;;;;;Stormens öga sägs komma långt österifrån, där stormar rasar lika ofta som det är gladiatorspel på vår arena.. När vapnet svingas fylls luften av avlägsna åskmuller och virvlande vindar. Bäraren av detta spjut kan röra sig med obeskrivlig hastighet, som en blixt mot sitt offer. Plötsligt och tyst slår den till och efter några sekunder hör vi dånet - när motståndaren faller till marken.
445;weapon;Hammarhjälms släktyxa;Axe;25+;;Skada 15-29 · Krit 30 + (20% till 30%) · Kritchans 0-8% · Hållbarhet 156 · Block/runda 2 · Dual · Vikt 11 · Ench 1;Kräver att du har bedriften Legend, 190 Styrka, 160 Yxor (rek);+4% Perfekt träff, +12 yxor;;;;;;;;;"Alla dvärgklaner värda sitt namn har ett släktvapen, ett egentillverkat tillhygge som visar på det bästa klanen har att erbjuda. Denna yxa tillhör familjen Hammarhjälm, och även om Durin Hammarhjälm är en berömd smed är det inte han som tillverkat den. Den är oerhört mycket äldre än så, ett uråldrigt vapen som tillverkats i Gruvornas djupaste delar, i smedjor upphettade av jordens glödande inre.Hantverket i vapnet är utan dess like. Smideskonsten är Hammarhjälms stolthet och detta vapen har utnämnts släktyxa av mycket goda anledningar. Tidens tand tycks inte ha någon effekt på vapnet, och klingan är lika rakbladsvass som förr utan att någonsin ha slipats. Skaftet av mörkt trä är också helt opåverkat och ser fortfarande nypolerat ut.Så hur hamnade då detta mästerverk i det kejserliga förrådet? Det tycks märkligt nog som att berättelsen har suddats ut från registren i förrådet. Enbart en notis finns kvar:""Tack för hjälpen. DH"""
413;weapon;Sharur;Mace;25+;;Skada 25-66 · Krit 67 + (10% till 10%) · Kritchans 0-7% · Hållbarhet 215 · Block/runda 2 · 2H · Vikt 32 · Ench 2;Kräver att du har bedriften Legend, 300 Styrka, 130 Hammare (rek);+6% Styrka;;;;;;;;;"Vida ökänt svingad av de största troll har hammaren fått sitt smeknamn ""krossaren av tusentals""."
1067;weapon;Spiktunga;Chain;25+;;Skada 15-20 · Krit 21 + (90% till 140%) · Kritchans 0-9% · Hållbarhet 97 · Block/runda 2 · Dual · Vikt 1 · Ench 1;Kräver att du har bedriften Legend, 85 Styrka, 180 Kättingvapen (rek);+3% Perfekt träff, +15 Initiativstyrka;;;;;;;;;Spiktungan är en imponerande piska vars tjocka mörka läder är täckt av små utstående spikar vilket ger vapnet ett hotfullt och brutalt utseende. Piskans spets är skarp som en rakkniv.Fästet är lindat i svart läder, och handskyddet är smyckat med ett inristat mönster av flammor.
421;weapon;Förhäxad kris;Spear;25+;;Skada 11-13 · Krit 14 + (1% till 5%) · Kritchans 0-5% · Hållbarhet 222 · Block/runda 2 · Dual · Vikt 3 · Ench 1;Kräver att du har bedriften Legend, 75 Styrka, 180 Stickvapen (rek);+35 Undvika anfall;;;;;;;;;Denna illavarslande dolk stinker av magi. Den har placerats i en förseglad järnkista i det kejserliga förrådet, och då och då hör man en liten duns från lådan. Enligt legenden har kniven en gång tillhört en mäktig bergshäxa, och hur den hamnade i kejsarens förråd är svårt att säga. Kanske tog någon den som trofé efter att ha dräpt häxan, kanske vandrade hon själv in här och lämnade den som gåva till kejsaren.Det enda som är säkert är att det inte finns många vapen i denna värld som detta. Det ryktas om att den placerats i den förseglade kistan därför att den annars på egen hand söker upp närmaste person och sakta, sakta pressar in sig själv i hjärtat på personen. Så var försiktig om du någonsin lyckas få tag i det här vapnet, och det kanske är en god idé att för säkerhets skull låsa in den när du ska sova.
441;weapon;Kejserlig stridsspira;Stave;25+;;Skada 13-30 · Krit 31 + (10% till 10%) · Kritchans 0-7% · Hållbarhet 181 · Block/runda 2 · 2H · Vikt 17 · Ench 2;Kräver att du har bedriften Legend, 170 Styrka, 145 Stavar (rek);+10 stavar, +10% Bashälsa, +5% Initiativstyrka, +10 Undvika anfall;;;;;;;;;Den nuvarande kejsaren förtjusning i gladiatorspel har lett till en kejserlig donation till det egna förrådet. Till hovets och de mer konservativt lagdas förskräckelse finns nu möjligheten för en gladiator att bära något av kejserlig börd.
1071;weapon;Själsklinga;Sword;25+;;Skada 18-27 · Krit 28 + (1% till 5%) · Kritchans 0-9% · Hållbarhet 200 · Block/runda 2 · Dual · Vikt 8 · Ench 1;Kräver att du har bedriften Legend, 145 Styrka, 180 Svärd (rek);+3% Perfekt träff;;;;;;;;;Själsklinga är ett eteriskt svärd vars klinga skimrar med ett genomskinligt ljus, som om det vore smitt av stjärndamm. Bladet är lätt och tunt, nästan viktlöst, med svaga, pulserande mönster som verkar röra sig i takt med bärarens andning. Handtaget är smyckat med silver och pärlemor, och ett litet blåaktigt ljus flämtar ständigt från svärdets hjärta.
1090;weapon;Yggdrasils stam;Mace;25+;;Skada 22-29 · Krit 30 + (10% till 10%) · Kritchans 0-1% · Hållbarhet 115 · Block/runda 2 · Dual · Vikt 20 · Ench 1;Kräver att du har bedriften Legend, 340 Styrka, 120 Hammare (rek);-15 hammare, +7% Styrka;;;;;;;;;Världsträdet Yggdrasil är enligt mytologin det träd vars krona täcker hela världen. Detta vapen en del av trädet stam eller tjockare grenar. Vapnet pryds har en nästan magisk aura och av löv som aldrig vissnar. En av de mest kända sakerna om det mäktiga trädet Yggdrasil är historierna om de många mäktiga vapen som försökt att få sig på trädet utan att lyckas skada det, bryta dess grenar eller penetrera dess bark. Det släta snitt som stamdelen ser ut att ha huggits ned med pekar på den självklara men illavarslande följdfrågan: vad är det egentligen som förmår att hugga ner delar av trädet?
725;weapon;Zenitslägga;Mace;25+;;Skada 23-30 · Krit 31 + (20% till 20%) · Kritchans 0-3% · Hållbarhet 180 · Block/runda 2 · Dual · Vikt 16 · Ench 1;Kräver att du har bedriften Legend, Kräver att du är av rasen salamanth, Kräver att du är av rasen alv, Kräver att du är av rasen människa, 150 Styrka, 155 Hammare (rek);+20 Styrka;;;;;;;;;En hammare vars klotformade huvud symboliserar solens högsta punkt och det ljus himlakroppen skänker jorden. Dess ursprung är höljt i dunkel, men den skiner med ett svagt ljus och tycks utstråla en eterisk energi. Att hålla i handtaget fyller en med kämpaglöd.Var hammaren än kommer från verkar den djupt kopplad till alver och människor. Om svartblod närmar sig hammaren börjar den ge ifrån sig ett fräsande läte och skenet från huvudet ändrar karaktär och tar an röda toner. Lustigt nog verkar den över huvud taget inte reagera på en dvärgs närvaro, vare sig positivt eller negativt.
420;weapon;Kejserligt väktarspjut;Spear;25+;;Skada 20-23 · Krit 24 + (5% till 10%) · Kritchans 0-8% · Hållbarhet 121 · Block/runda 2 · Dual · Vikt 7 · Ench 1;Kräver att du har bedriften Legend, 110 Styrka, 175 Stickvapen (rek);+3% Perfekt träff, +10 stickvapen, +10 Styrka, +10 Initiativstyrka, +20 Ledarskap;;;;;;;;;"Det här är ett av de spjut som används av Kejsarens pretoriangarde; hans personliga livvakter som följer honom varje gång han lämnar palatset. Alla deras vapen är av den absolut högsta kvalitet som går att finna i den kända världen, både vad gäller hantverk och material.Det är strängeligen förbjudet för alla utom pretoriangardet att använda sig av dess spjut, med ett enda undantag - Kejsaren har placerat ett av dem i förrådet, där den som kröns till en av arenans legender kan välja att ta upp det som belöning för sin skicklighet. Kanske är det en plan av Kejsaren för att hitta den som är förutbestämd att ta plats i hans garde. Kanske är det bara givmildhet. Vem vet? Spjutet är hur som helst ett makalöst vapen, och det platsar rätteligen bland alla andra legendariska vapen i kejsarens förråd."
466;weapon;Visslande dolk;Spear;25+;;Skada 9-14 · Krit 15 + (1% till 5%) · Kritchans 0-4% · Hållbarhet 224 · Block/runda 2 · Dual · Vikt 2 · Ench 1;Kräver att du har bedriften Legend, 70 Styrka, 175 Stickvapen (rek);+1% Perfekt träff, +15 stickvapen, +15% Undvika anfall;;;;;;;;;Det är inte många troll som blir skickliga smeder, men denna dolk tillverkades av ett finurligt gammalt troll för inte särskilt länge sedan. Trollet hette Uzkarg, och han fick idén att rota igenom den avfallshög där döda odjur slängdes efter att ha dräpts i arenan.Han plockade på sig tänderna från en harpya och slipade dessa till vassa taggar. Sedan fäste han dem på ett besmyckat silvergrepp. När han därefter testade dolken på en av sina “frivilliga” försökspersoner upptäckte han att vapnet gav ifrån sig ett visslande ljud när den stöttes på ett visst sätt. Kanske var det något med hur tänderna slipats som orsakade detta, men hur som helst fick Kejsaren på omvägar höra talas om Uzkargs oavsiktliga uppfinning.Palatset införskaffade den och numera vilar den visslande dolken i kejserliga förrådet, i väntan på att någon ska låta den fortsätta vissla sina melodier.
422;weapon;Fältskäraren;Spear;25+;;Skada 10-18 · Krit 19 + (1% till 5%) · Kritchans 0-7% · Hållbarhet 190 · Block/runda 2 · Dual · Vikt 4 · Ench 1;Kräver att du har bedriften Legend, 100 Styrka, 175 Stickvapen (rek);+2% Perfekt träff, +10 stickvapen, +10 Styrka, +10 Initiativstyrka;;;;;;;;;"""Blodet forsade fram, trots att jag knappt vidrörde dolkens egg, 'har ledning förlorat förståndet' tänkte jag medans jag upphetsat studerade såret somöppnat sig på mitt finger.""  (En Fältskärares Dagbok, Kapitel 11, år 64 e XI:65).""Äntligen tycks vi nå någon sorts framgång, alla krigare i kompaniet har slängt sina gamla dolkar då vi insåg i detsenaste slaget, att dem nya skär igenom både plåt och kött som om det vore smör!"" (En Fältskärares Dagbok, Kapitel 13, år 64 e XI:66).""Idioterna vid återlämningen kan skatta sig lyckliga att dem inte frågade efter dolken, ty då hade staden förlorat ännu några förvirrade själar.Aldrig kommer jag skiljas från denna klinga, mitt liv, kriget, min frihet.. ja, allt är jag skyldig den."" (En Fältskärares Dagbok, Kapitel 21, år 64 e XI:66)."
1163;weapon;Jordsplittare;Axe;25+;;Skada 22-62 · Krit 63 + (25% till 35%) · Kritchans 0-18% · Hållbarhet 178 · Block/runda 2 · 2H · Vikt 26 · Ench 1;Kräver att du har bedriften Legend, 270 Styrka, 160 Yxor (rek);+6% Perfekt träff, +8% yxor, +7% Styrka;;;;;;;;;Denna enorma yxa användes för många mansåldrar sedan för att skapa världens oceaner. Det säger åtminstone legenderna som omger den. Den hamnade nyligen i det kejserliga förrådet och där sitter den omsorgsfullt fastnitad i väggen, bara för att för säkerhets skull undvika olyckor. Om den finner vägen till en gladiators händer får Stenhems befolkning se om legenderna är sanna.
610;weapon;Stjärnspira;Stave;25+;;Skada 15-19 · Krit 20 + (10% till 10%) · Kritchans 0-7% · Hållbarhet 186 · Block/runda 2 · 2H · Vikt 11 · Ench 2;Kräver att du har bedriften Legend, Kräver att du är av rasen alv, 150 Styrka, 160 Stavar (rek);+3% Perfekt träff, +12 stavar, +18% Undvika anfall;;;;;;;;;Stjärnspiror var för många årtusenden sedan ett tämligen välkänt vapen bland skogsalverna. De var förvisso inte lika vanliga som blodekspjuten, som tilldelades de färdigskolade alverna som en symbolisk gest vid vattenceremonin. Stjärnspirorna å andra sidan skänktes endast till de skogsalver som på något vis haft en avgörande roll i en försvarstrid för sin hemskog. Det som utmärker en stjärnspira är förstås dess välarbetade utsida, med vackra detaljer och symmetriska uppbyggnad samt den lysande cirkel som alltid finns i mitten av vapnets huvud, men också den osynliga magi som existerar i staven. Den vapensmed som tillverkar en stjärnspira behöver minst sagt ett gott tålamod, då arbetet alltid utförs från början till slut under bar himmel och aldrig får avslutas före det att smeden ser ett stjärnfall på himlen. Precis när smeden ser stjärnfallet, så sjunger denne det uråldriga stjärnmantrat som bevarats av skogsalverna sedan tidens begynnelse. Denna ritual sägs ge vapnet eget liv och vittnen menar att skogsalver mycket kort efter att de erhållit sina stjärnspira förbättrat sina färdigheter så pass att endast övernaturligheter kan ligga bakom. Enligt sägnerna finns alvsmeder som suttit i åratal vid sin skapelse i väntan på ett stjärnfall, men vad är väl år för den som lever i århundraden och mer därtill?Idag är Stjärnspiran mycket sällsynt då de allra flesta förstördes i det tvååriga kriget, där skogsalver från världen över anslöt sig till urlandandsalliansen för att skydda människornas hem. Svartbloden insåg tidigt under slaget att den kraft som fanns i spirorna var ett mäktigt hot och förstörde varje spira de kom över.Det återstår endast ett fåtal stjärnspiror nu för tiden och förutom för alverna själva är spirornas historia och magi sedan länge bortglömda.
1161;weapon;Järnvilja;Axe;25+;;Skada 17-28 · Krit 29 + (20% till 30%) · Kritchans 0-10% · Hållbarhet 162 · Block/runda 2 · Dual · Vikt 10 · Ench 1;Kräver att du har bedriften Legend, 150 Styrka, 165 Yxor (rek);+3% Perfekt träff, +8 yxor, +8 Bashälsa;;;;;;;;;Eggen på denna yxa är förtrollad med mäktig magi. Dess skarphet och styrka är direkt proportionerlig till bärarens viljestyrka. I händerna på en sann krigare kan den skära genom vad som helst och stå emot ett regn av attacker. Till skillnad från de flesta vapen i det kejserliga förrådet är detta vapen helt nytillverkat, tack vare att Brikk tog en av sina mycket sällsynta och lika sägenomspunna bläckor. Under sitt fyllerus hamnade han i bråk med några gladiatorer som påstod att han “tappat stingen”. Brikk rusade därför hem till sin smedja, och på morgonen kom han ut med detta vapen, fortfarande rykande hett.Efter att ha demonstrerat det för jönsarna som ifrågasatte honom donerade han det till kejserliga förrådet, där det fortfarande väntar på sin första dust på arenans sand.
405;weapon;Wallace svärd;Sword;25+;;Skada 28-44 · Krit 45 + (1% till 5%) · Kritchans 0-9% · Hållbarhet 250 · Block/runda 2 · 2H · Vikt 18 · Ench 2;Kräver att du har bedriften Legend, 220 Styrka, 150 Svärd (rek);+2% Perfekt träff, +15% svärd, +10 Initiativstyrka, +10 Undvika anfall;;;;;;;;;Ett massivt tvåhandssvärd med skarp klinga. En gång i tiden tillhörde detta vapen en legendarisk frihetskrigare som stod upp mot Kejsarens egna arméer. Efter krigarens död tog Kejsaren hans svärd som trofé och stoppade det i sitt förråd.
373;weapon;Gren av Yggdrasil;Stave;25+;;Skada 20-28 · Krit 29 + (10% till 10%) · Kritchans 0-7% · Hållbarhet 194 · Block/runda 2 · 2H · Vikt 13 · Ench 2;Kräver att du har bedriften Legend, 100 Styrka, 175 Stavar (rek);+10% stavar, +10 Initiativstyrka, +15 Undvika anfall;;;;;;;;;Världsträdet Yggdrasil är enligt mytologier det träd vars krona täcker hela världen. Denna stav är en avhuggen gren från detta träd, och den pryds av aldrig vissnande löv. Staven ser ut som att den är snidad men det är naturliga formationer, och faktum är att inga verktyg eller vapen kan skada grenen på något sätt. Det är som att hela staven är frusen i tiden, och kanske är det det som hände med den när den separerades från trädet. En annan illavarslande tanke är att om ingen känd kraft kan skada grenen…vad var det som högg av den från trädet?
1171;weapon;Tordönsvräkaren;Chain;25+;;Skada 20-58 · Krit 59 + (25% till 55%) · Kritchans 0-15% · Hållbarhet 108 · Block/runda 2 · 2H · Vikt 24 · Ench 2;Kräver att du har bedriften Legend, 200 Styrka, 155 Kättingvapen (rek);+5% Perfekt träff, +5 kättingvapen, +15% Initiativstyrka, -12 Undvika anfall;;;;;;;;;Detta ohyggliga vapens ursprung är, likt många legendariska vapen, höljt i dimma. En av berättelserna talar om en trollkarl som under en fasansfull vinterstorm lyckades fånga åskmullret i en glasflaska och därefter ingjuta det i stål. En annan säger att någon av gudarna tappade det från himlen, och att det slog i marken med en smäll som ekade världen runt i tre dagar.Oavsett vad sanningen är så har vapnet fått sitt namn efter den fruktansvärda knall som dånar fram vid varje slag.
1158;weapon;Lyckobringare;Mace;25+;;Skada 20-30 · Krit 31 + (20% till 20%) · Kritchans 0-5% · Hållbarhet 160 · Block/runda 2 · Vikt 13 · Ench 1;Kräver att du har bedriften Legend, 150 Styrka, 140 Hammare (rek);+1% Perfekt träff, +10 hammare, +20 Tur, +20 Ledarskap;;;;;;;;;Brikks kusin, Brokk, sägs ha skapat denna hammare. Den för med sig tur och leder män in i strid utan tvekan.Trist att Brokk bara använde den för kortspel och att leda män in i fylla. Turen verkar dock ha runnit ut för Brokk, eftersom att Lyckobringaren nu mer finns i kejsarens förråd.
1172;weapon;Trollharven;Chain;25+;;Skada 17-26 · Krit 27 + (45% till 85%) · Kritchans 0-8% · Hållbarhet 86 · Block/runda 2 · Dual · Vikt 8 · Ench 1;Kräver att du har bedriften Legend, Kräver att du är av rasen troll, 145 Styrka, 165 Kättingvapen (rek);+3% Perfekt träff, +15 Initiativstyrka;;;;;;;;;I byarna runt om Stenhem berättas det om en bonde som för länge sedan hade ett enormt troll som dräng på sin gård. Trollet var - som de brukar vara - väldigt stort och väldigt starkt, så bonden använde honom som dragoxe. Trollet uppmanade bonden att bygga större och större harvar som han kunde dra runt, då alla var för lätta för honom och han ville ha en utmaning.Bondens sista skapelse var det verktyg som nu hänger i kejsarens förråd. Det består av tio tjocka plankor, lagda fem och fem i ett rutnät, och där plankorna möts har enorma stålspikar slagits in. Hela konstruktionen är kopplad till en tjock kedja, som bondens dräng drog den över fälten med, men som en tillräckligt stark gladiator också skulle kunna svinga runt den i. Trollharven är ett okonventionellt vapen och det är svårt att försvara sig mot den breda träffytan.
1055;shield;Mästersmeden Brikks ankarplatta;Shield;25+;;Absorption 24 · Kritchans 0-1% · Hållbarhet 275 · Block/runda 2 · Vikt 23 · Ench 1;Kräver att du har bedriften Legend, 300 Styrka, 90 Sköldar (rek);+10 sköldar, +10% Bashälsa, +30 Bashälsa;;;;;;;;;
1174;shield;Lavaspegeln;Shield;25+;;Absorption 42 · Kritchans 0-7% · Hållbarhet 148 · Block/runda 2 · Vikt 5 · Ench 1;Kräver att du har bedriften Legend, Kräver att du är av rasen alv, Kräver att du är av rasen salamanth, 155 Styrka, 155 Sköldar (rek);+10 Initiativstyrka, +10 Undvika anfall;;;;;;;;;Denna sköld består av ett enda stycke av det material som brukar kallas för vulkanglas. Egentligen består det av sten, glödgad sådan som smälts i jordens inre och sedan spytts ut under mycket våldsamma former. Under rätt förhållanden stelnar vulkanglas och blir alldeles slätt.Denna sköld består av ett sådant stycke som polerats och slipats så att ytan blivit alldeles spegelblank. Hantverket är utsökt, och det är svårt att begripa hur mycket tid som lagts ner på skölden. Skölden köptes för en hutlös summa silvermynt av en kejserliga intendent, och natten den kom till Stenhem drömde varenda salamanth och alv i staden om den.Varför är det ingen som vet, men istället för att placeras i Kejsarens galleri hamnade den i förrådet.
404;weapon;Clarent;Sword;25+;;Skada 34-41 · Krit 42 + (1% till 5%) · Kritchans 0-11% · Hållbarhet 238 · Block/runda 2 · 2H · Vikt 14 · Ench 2;Kräver att du har bedriften Legend, 170 Styrka, 155 Svärd (rek);+1% Perfekt träff, +10% svärd, +10 Styrka, +10 Initiativstyrka, +15% Undvika anfall, +20 Ledarskap;;;;;;;;;Ett långt, tvåhandat svärd med kolsvart klinga. En gång i tiden var det känt som fredens svärd, men efter att en legendarisk kung blev dräpt med det av sin egen son fick det sin svarta färg och blev känt som ett förbannat svärd.
556;weapon;Kejserlig bödelsbila;Axe;25+;;Skada 18-28 · Krit 29 + (20% till 30%) · Kritchans 0-8% · Hållbarhet 154 · Block/runda 2 · Dual · Vikt 12 · Ench 1;Kräver att du har bedriften Legend, 175 Styrka, 165 Yxor (rek);+3% Perfekt träff, +15 Styrka;;;;;;;;;Förr var halshuggningar den gängse avrättningsmetoden i Stenhem, och de utfördes alla med samma yxa. Med åren började den förändras, men det var subtila förändringar som ingen lade märke till. Själarna från alla liv den tog satte spår i vapnet, och något som liknade ett primitivt medvetande började växa i den.Men plötsligt fick Kejsaren smak för mer spektakulära avrättningar än simpla halshuggningar, och den bila som släckt otaliga liv förpassades till det kejserliga förrådet. Där sitter den nu, och väntar på att åter tas i bruk.
440;weapon;Apkungens stav;Stave;25+;;Skada 17-21 · Krit 22 + (10% till 10%) · Kritchans 0-7% · Hållbarhet 198 · Block/runda 2 · 2H · Vikt 12 · Ench 2;Kräver att du har bedriften Legend, 110 Styrka, 160 Stavar (rek);+5% Perfekt träff, +10 stavar, +10 Bashälsa, +15 Styrka, +15 Undvika anfall;;;;;;;;;Denna stav är högst besynnerlig. Det mest uppseendeväckande med den är att dess längd är föränderlig och den anpassar sig efter sin bärare, men det går också att göra den längre och kortare med vad som tycks vara ren viljestyrka. Kanske är det något inneboende medvetande i staven som lyssnar på sin bärare, kanske är det en annan typ av magi.Rykten i kejserliga palatset gör gällande att Kejsaren då och då spatserar runt i palatsets trädgårdar med den här staven i hand, skrockande för sig själv. Kanske har han en personlig koppling till den, eller så tycker han bara det är roligt att leka med den. Det är nämligen så att staven tycks locka fram sin bärares lekfullhet. Vem “apkungen” är vet ingen, och de som frågat Kejsaren har fått svaret att han inte heller vet. Men det svaga leende som pryder hans ansikte efteråt skvallrar om att han kanske inte berättar hela sanningen…
411;weapon;Midvinterslägga;Mace;25+;;Skada 24-30 · Krit 31 + (10% till 10%) · Kritchans 0-1% · Hållbarhet 165 · Block/runda 2 · Dual · Vikt 22 · Ench 1;Kräver att du har bedriften Legend, 350 Styrka, 145 Hammare (rek);-5 hammare, +6% Styrka, -5 Initiativstyrka;;;;;;;;;En slägga vars frostbeklädda skaft aldrig tinat och således förlegat bortglömd i de kejserliga samlingarna. Permafrosten gör hammaren till ett av de tyngsta vapen som existerat, men bidrar också till dess ofattbara destruktionsförmåga.
612;weapon;Mörk stenhammare;Mace;25+;;Skada 30-65 · Krit 66 + (10% till 10%) · Kritchans 0-8% · Hållbarhet 210 · Block/runda 2 · 2H · Vikt 35 · Ench 2;Kräver att du har bedriften Legend, Kräver att du är av rasen goblin, Kräver att du är av rasen ork, Kräver att du är av rasen troll, 400 Styrka, 140 Hammare (rek);+9% Styrka;;;;;;;;;Den mörka stenhammaren är i de allra flesta händer värdelös, helt enkelt för att ytterst få krigare orkar lyfta dess tunga huvud från marken mer än ett ögonblick eller två i sänder, än mindre svinga hammaren mot en motståndare! Det krävs utan tvekan en särdeles muskulös och stark kämpe för att hantera ett vapen som detta...Samtidigt är den mörka hammaren ett av de mest fruktade vapen som finns, då de få som lyckats hantera detta vidunder till vapen lämnat stora avtryck i historien. Hur det emellertid känns att få den mörka hammaren riktad mot sig finns det väldigt få som kan vittna om, då chansen att överleva ett sådant möte på nära håll är mycket liten.En mycket lång historia finns bakom den mörka stenhammaren. Den tillverkades före vår tidsålder av den mytomspunna orksmeden Nrishagh, som smidde ytterligare elva liknande hammare till att utgöra ett fullt svartdussin. Samtliga av dem voro bastanta, tunga och robusta, och blott en tycks ha överlevt genom århundradena till våra dagar. Vad som är unikt för den mörka stenhammaren är att den efter en ovanligt hård och långdragen strid beslagtogs av högalver. Historien säger att det krävdes tre alviska män för att lyckas lyfta upp hammaren på deras vagn, men om den verkligen är så tung eller om något slags mörk magi gjorde det svårare för alvernas händer finns inget nedtecknat eller omtalat. Väl förflyttad till alvernas fästning lät man de skickligaste alviska vapensmederna förfina hammaren på en rad olika sätt. Delvis var det till utseendet, genom att smycka hammaren med vackra detaljer och ädelstenar, men också praktiskt, som att i dess allra innersta fiber ingjuta alvernas inneboende elegans och därmed förbättra balansen i vapnet. Målet var att göra hammaren lättare och möjlig att hantera för alverna själva, men det misslyckades och den lades åt sidan som en trofé från striderna med svartbloden. Någon form av magi sägs dock ha fått sitt fäste i hammaren och det tydligaste tecknet på detta är att vapnets huvud glimmar svagt i mörkret.Flera år senare, efter ytterligare en strid, återtogs den mörka stenhammaren av svartblod och har sedan dess tidvis varit använd av storvuxna troll, orker och rentav enstaka gobliner. Långa tider har hammaren också legat oanvänd, då inget svartblod för stunden varit stark nog att pröva sin lycka i striden med händerna om stenhammarens långa fäste..
1164;weapon;Blodsbana;Axe;25+;;Skada 16-30 · Krit 31 + (20% till 30%) · Kritchans 0-10% · Hållbarhet 160 · Block/runda 2 · Dual · Vikt 13 · Ench 1;Kräver att du har bedriften Legend, Kräver att du är av rasen ork, Kräver att du är av rasen troll, 200 Styrka, 165 Yxor (rek);+4% Perfekt träff, +8% Styrka;;;;;;;;;Tillverkad av skimrande rött stål och utsmyckad med groteska graveringar av skrikande ansikten är denna yxa ett ganska vidrigt vapen. Banan den karvat genom historien är kantad med blod, och för det syftet är den ett perfekt verktyg. Enligt legenderna började det för närapå tusen år sedan, när en hövding tog på sig att samla alla landets klaner under sitt eget baner. De av hans konkurrenter som motsatte sig hans erövring halshöggs, tills ingen längre fanns kvar för att stå i hans väg.Men ingenting varar för evigt. På omvägar fann vapnet nyligen sin väg till det kejserliga förrådet, där det väntar på sin chans att ännu en gång få skilja krigare från sina huvuden.
433;weapon;Parashu;Axe;25+;;Skada 19-24 · Krit 25 + (10% till 10%) · Kritchans 0-10% · Hållbarhet 136 · Block/runda 2 · Dual · Vikt 7 · Ench 1;Kräver att du har bedriften Legend, 115 Styrka, 165 Yxor (rek);+6% Perfekt träff, +10% yxor;;;;;;;;;Denna yxa har ett långt skaft och ett kolsvart huvud gjort av en märklig, svart metall. I fjärran länder påstås att vapnet användes av en gud för att kriga mot andra gudomligheter, och att den var det dödligaste vapen som användes i gudarnas krig. Det är inte alla vapen som kan stoltsera med att vara gudadräpare, och oavsett om det är sant eller inte är Parashu ett extremt farligt vapen som sätter skräck i alla som lägger ögonen på det.
723;weapon;Halvmånebila;Axe;25+;;Skada 16-26 · Krit 27 + (10% till 10%) · Kritchans 0-10% · Hållbarhet 132 · Block/runda 2 · Dual · Vikt 8 · Ench 1;Kräver att du har bedriften Legend, 120 Styrka, 170 Yxor (rek);+2% Perfekt träff, +5 yxor, +5 Initiativstyrka, +5 Undvika anfall, +12% Undvika anfall;;;;;;;;;För länge sedan levde en mästersmed i en avlägsen bergsby. Han var vida känd för sina exceptionella färdigheter och hade tillverkat mängder av vapen både åt de andra byborna och åt digniteter som rest långväga för att köpa hans varor. En dag under en vandring i bergen hittade smeden en underlig metallbit. Han inspekterade den och insåg fort att det var en metall han aldrig tidigare hade skådat. Han tog med den till sin smedja och började bearbeta den.Metallen var makalöst svår att arbeta med, men efter flera månaders slit lyckades smeden tämja det underliga materialet. Efter att ha lagt ner sin själ, sitt hjärta och sitt blod i arbetet och nästan ha drivit sig själv galen hade smeden till slut tillverkat ett vapen. Han såg på slutresultatet med förundran. Yxan som tagit form i hans smedja var ett konstverk, en halvmåneformad klinga som skimrade i ljuset och vars skaft låg perfekt i handen på vem som än lyfte den.Smeden lyckades aldrig åstadkomma något lika imponerande, men halvmånebilans namn har levt i legender sedan dess. Exakt hur den hamnade i Kejsarens förråd är en hemlighet, men den som får lyfta den kommer förstå varför vapnet är legendariskt.
407;weapon;Solbärgare;Mace;25+;;Skada 24-28 · Krit 29 + (10% till 10%) · Kritchans 0-1% · Hållbarhet 172 · Block/runda 2 · Dual · Vikt 15 · Ench 1;Kräver att du har bedriften Legend, 170 Styrka, 135 Hammare (rek);-;;;;;;;;;För att möjliggöra nattens inträde ansvarar någon för dagens slut.
611;weapon;Romerisk lumenarklinga;Sword;25+;;Skada 33-37 · Krit 38 + (1% till 5%) · Kritchans 0-8% · Hållbarhet 295 · Block/runda 2 · 2H · Vikt 17 · Ench 2;Kräver att du har bedriften Legend, 180 Styrka, 160 Svärd (rek);+10% svärd, +10 Initiativstyrka, +10% Undvika anfall, +10 Ledarskap;;;;;;;;;Inte mycket är känt om det romeriska riket, men en berättelse återfinns fortfarande i det kejserliga biblioteket. För många tidsåldrar sedan attackerades riket av en ond kraft, och hoppets låga var på väg att slockna för evigt. Men kungen valde i ren desperation att försöka skapa ett vapen mäktigt nog för att kunna möta ondskan i envig. Med det finaste romeriska stålet till hands kunde hovsmeden skapa ett mästerverk till klinga, och efter att stålet hamrats och härdats lades en besvärjelse över svärdet av kungens alla hovmagiker.Svärdet gavs sedan till rikets mäktigaste riddare och döptes till Lumenar. Magin i svärdet gjorde att riddaren kunde stå emot ondskan, möta den i strid och till sist gå segrande ur kampen. Men det kostade dyrt, för i striden förlorade riddaren både sin ena arm och svärdet självt. Klingan splittrades i skärvor som återfördes till riket. Som belöning och tack valde kungen att göra riddaren till sin tronarvinge. Skärvorna användes för att smida sex nya svärd som efterliknade Lumenar. Dessa delades ut till rikets mest framstående krigare för att de skulle kunna slå tillbaks ondskan om den någonsin återvände.Detta svärd är en av de sex Lumenarklingorna. Hur den hamnade i kejsarens förråd går inte att läsa, och icke heller var de andra har tagit vägen.
430;weapon;Gugs trotjänare;Chain;25+;;Skada 15-24 · Krit 25 + (35% till 80%) · Kritchans 0-8% · Hållbarhet 98 · Block/runda 2 · Dual · Vikt 5 · Ench 1;Kräver att du har bedriften Legend, 125 Styrka, 170 Kättingvapen (rek);+3% Perfekt träff, +15 Styrka;;;;;;;;;Var Gug Durbuls vägar förde honom innan han gjorde inträde bland stadens köpmän är en av de mest öppna hemligheter stadens invånare känner till. Ingen nämner, ingen känns vid hans brutala förflutna, och affärerna kan fortlöpa på ett sätt alla gynnas av.Hans senaste donation till det kejserliga förrådet gör dock historierna om hans förflutna än mer svåra att inte låta sig skvallra med grannen om - piskan som i åratal pryglat de trälar han lett genom arbete.Det finns både en viss ära, men också ett visst stigma mot att en gladiator skulle bära denna piska i strid, med tanke på vad flertalet gladiatorer har för bakgrund...
447;weapon;Minoisk labrys;Axe;25+;;Skada 29-50 · Krit 51 + (20% till 30%) · Kritchans 0-22% · Hållbarhet 164 · Block/runda 2 · 2H · Vikt 19 · Ench 2;Kräver att du har bedriften Legend, 180 Styrka, 165 Yxor (rek);+9% Perfekt träff, +10 yxor, +20 Initiativstyrka;;;;;;;;;Denna kolossala yxa, lång som en fullvuxen människa, härstammar från ett land långt, långt i fjärran. Där berättas sagor om en region som terroriserades av ett fruktansvärt vidunder, hälften människa och hälften tjur. Vidundret var för mäktigt för någon hjälte att stoppa, tills en främmande ung kvinna en dag anlände med den här yxan fastspänd på ryggen. Hon konfronterade monstret på en bergstopp, och en våldsam strid bröt ut. Den hårda kampen varade i dagar, och vid flera tillfällen såg det ut som att kvinnan skulle gå en för tidig död till mötes. Men till sist svingade hon yxan med all kraft hon hade kvar, och med en perfekt träff klövs vidundret på mitten.Numera vilar vapnet i Kejsarens förråd, och de legender som vill får gärna själva försöka lyfta den.
957;weapon;Krakrete;Chain;25+;;Skada 7-12 · Krit 13 + (0% till 0%) · Kritchans 0-5% · Hållbarhet 115 · Block/runda 2 · Dual · Vikt 4 · Ench 1;Kräver att du har bedriften Legend, 125 Styrka, 145 Kättingvapen (rek);+5 kättingvapen, +5% Bashälsa, +5 Uthållighet;;;;;;;;;"En saga som många av Stenhems barn får höra är den om den elaka drängen Krakrete, som hade för vana att plåga varenda häst han kom i närheten av. Han slog och sparkade på dem, och om de hade mage att sparka tillbaka påstod drängen att hästen var aggressiv och därför behövde avlivas. Men en natt kom hans handlingar ikapp honom, högljudda skrik av smärta och ångest ljöd genom natten och när solen grydde dagen därpå fann man drängen död i en av hagarna. Han var söndersparkad till oigenkännlighet och bredvid honom låg en piska av hårt, hårt tvinnat hästtagel. Även den hade regnat ner över Krakretes kropp, och piskan fick bära drängens namn.Piskan återfinns nu i det kejserliga förrådet, men än idag kan man höra föräldrar säga till sina barn ""var snäll mot hästen, annars tar Krakrete dig!"""
1184;weapon;Slaskbrittas Krakrete;Chain;25+;;Skada 7-12 · Krit 13 + (0% till 0%) · Kritchans 0-5% · Hållbarhet 230 · Block/runda 2 · Dual · Vikt 5 · Ench 1;Kräver att du har bedriften Legend, 125 Styrka, 145 Kättingvapen (rek);+5 kättingvapen, +5% Bashälsa, +5 Uthållighet;;;;;;;;;"En saga som många av Stenhems barn får höra är den om den elaka drängen Krakrete, som hade för vana att plåga varenda häst han kom i närheten av. Han slog och sparkade på dem, och om de hade mage att sparka tillbaka påstod drängen att hästen var aggressiv och därför behövde avlivas. Men en natt kom hans handlingar ikapp honom, högljudda skrik av smärta och ångest ljöd genom natten och när solen grydde dagen därpå fann man drängen död i en av hagarna. Han var söndersparkad till oigenkännlighet och bredvid honom låg en piska av hårt, hårt tvinnat hästtagel. Även den hade regnat ner över Krakretes kropp, och piskan fick bära drängens namn.Piskan återfinns nu i det kejserliga förrådet, men än idag kan man höra föräldrar säga till sina barn ""var snäll mot hästen, annars tar Krakrete dig!"""
1169;weapon;Narrens galler;Chain;25+;;Skada 6-9 · Krit 10 + (1% till 5%) · Kritchans 0-4% · Hållbarhet 128 · Block/runda 2 · Dual · Vikt 9 · Ench 1;Kräver att du har bedriften Legend, 120 Styrka, 150 Kättingvapen (rek);+6 kättingvapen, +8% Bashälsa, +10 Provokation;;;;;;;;;En av sägnerna som berättas i Stenhem handlar om en fördömd narr vars namn sedan länge har glömts bort. Han var omåttligt populär, så pass att han ofta bjöds in för att underhålla Kejsaren och hans gäster vid finare tillställningar i palatset. Han sjöng, dansade, jonglerade och berättade skrönor, och alla skrattade så att de kiknade. Han var ful i mun och ofin, och de rysligaste saker kom ur honom, saker som fått vem som helst annars att bli avrättad. Men Kejsaren bara skrattade.Tills en dag när narren tog det för långt. Exakt vad han berättade är idag glömt, men ryktet gör gällande att ett stort antal av Kejsarens gäster kräktes rakt ut, kissade ner sig, svimmade, skrek eller helt enkelt flydde därifrån. Kejsaren själv påstås ha åldrats tio år på fläcken, och därefter sattes narren i den djupaste, mörkaste fängelsehålan i Stenhem. Att han alls fick leva får ändå ses som en nåd. Där satt han sedan i resten av sina dagar och viskade sina berättelser till ingen medan han skakade det galler som höll honom fången.Ett tiotal år senare kom någon på att det var ett tag sedan man tittat till narren, och när hans cell undersöktes fanns endast ett skelett kvar. Men ändå var luften där nere fylld av fasansfulla viskningar. Undersökningar visade att dessa kom från gallret självt, och därefter placerades det i det kejserliga förrådet.
1153;weapon;Häroldens klinga;Sword;25+;;Skada 14-23 · Krit 24 + (1% till 5%) · Kritchans 0-4% · Hållbarhet 230 · Block/runda 2 · Dual · Vikt 13 · Ench 1;Kräver att du har bedriften Legend, 120 Styrka, 145 Svärd (rek);+8% Bashälsa, +8 Uthållighet, +5 Undvika anfall, +20 Provokation;;;;;;;;;"Detta vapen är inte tillverkat för strid. Istället tillverkades det som en dekoration menad att användas av ceremonimästaren för att inleda turneringar. Och traditionen etablerades snabbt; vid varenda turnering och batalj syntes hölls häroldens klinga högt för att starta den första striden. Så fortsatte det, i hundratals år, tills den nuvarande kejsaren valde att byta ut klingan mot ett banér bärande hans sigill.Men klingan hade under seklerna absorberat något av den energi som frigjordes i varenda kamp den deltagit vid. Därför hänger den nu i det kejserliga förrådet och väntar på sin chans att äntligen få se strid."
555;weapon;Frostbane;Sword;25+;;Skada 19-23 · Krit 24 + (1% till 5%) · Kritchans 0-5% · Hållbarhet 198 · Block/runda 2 · Dual · Vikt 12 · Ench 1;Kräver att du har bedriften Legend, Kräver att du är av rasen goblin, Kräver att du är av rasen troll, Kräver att du är av rasen ork, 150 Styrka, 145 Svärd (rek);+5% Bashälsa, +10 Styrka;;;;;;;;;I ett försök att överträffa sin egen perfektion har Brikk skänkt sitt tidigare mästerverk motpol till Kejsarens förråd.
403;weapon;Crocea mors;Sword;25+;;Skada 16-22 · Krit 23 + (1% till 5%) · Kritchans 0-3% · Hållbarhet 191 · Block/runda 2 · Dual · Vikt 7 · Ench 1;Kräver att du har bedriften Legend, 120 Styrka, 155 Svärd (rek);+1% Perfekt träff, +5 Bashälsa, +5% Bashälsa, +5 Uthållighet, +5% Uthållighet, +5 Undvika anfall, +5% Undvika anfall;;;;;;;;;Denna till synes alldagliga gladius är allt annat än. Den var en gång i tiden i Kejsarens egna ägo, när han ledde sina arméer över världen för att förena sitt imperium.
400;weapon;Caladbolg;Sword;25+;;Skada 16-24 · Krit 25 + (1% till 5%) · Kritchans 0-6% · Hållbarhet 210 · Block/runda 2 · Dual · Vikt 10 · Ench 1;Kräver att du har bedriften Legend, 135 Styrka, 160 Svärd (rek);+2% Perfekt träff, +5 svärd;;;;;;;;;Ett exotiskt svärd, en gång buret av en krigarkung över ett mindre land i norr. Denna kung använde detta i envig med Kejsaren själv, och numera dekorerar hans svärd Kejsarens palats.
399;weapon;Fenixklinga;Sword;25+;;Skada 18-21 · Krit 22 + (1% till 5%) · Kritchans 0-4% · Hållbarhet 223 · Block/runda 2 · Dual · Vikt 10 · Ench 1;Kräver att du har bedriften Legend, 115 Styrka, 150 Svärd (rek);+8% Bashälsa;;;;;;;;;Det sägs att en fenix endast får sin slutgiltiga död efter att den har levt i tio tusen år och har återfötts tusen gånger åter. Detta svärd smiddes tillsammans med systersvärdet Fenixklo i elden från en sådan fågel för uppskattningsvis tre tusen år sedan. Mer än så lyckas Kejsarens historiker inte utläsa från de antika texter som bevaras i det låsta biblioteket.
327;jewelry;Andvaranaut;Finger;25+;;-;Kräver att du har bedriften Legend;+5 Bashälsa, +5 Uthållighet, +5 Undvika anfall, +10 Provokation;;;;;;;;;En vacker guldring som ryktas göra den som bär den ofantligt rik, men historier om tidigare ägare vittnar också om ond och bråd död.
341;jewelry;Äkthetsring av guld;Finger;25+;;-;Kräver att du har bedriften Legend;+6 yxor, +6 svärd, +6 hammare, +6 stavar, +6 sköldar, +6 stickvapen, +6 kättingvapen, +6 Obeväpnat, +4 Undvika anfall;;;;;;;;;En av de ringar i olika material som symboliserar legendstatusen.
369;armor;Loriens skugga;Head;25+;;Block 5 · Vikt 1;125 Undvika anfall;+5 Undvika anfall;;;;;;;;;I skogsalvernas hemvist Lorien finns det sömmerskor med ofantlig skicklighet. Dessa sömmerskor för många århundraden sedan skapade en rustning åt deras främste krigare att försvara deras hemland med. Ingen vet vad som tillslut hände med krigaren, men efter att Kejsaren erövra Lorien hamnade rustningen i hans förråd och väntar på en värdig bärare.
410;armor;Titanvargpäls;Head;25+;;Block 10 · Vikt 4;125 Undvika anfall;+5 Undvika anfall;;;;;;;;;Denna massiva rustning är skapad av pälsen från en uråldrig titanvarg, ett odjur stor som en drake och med tänder långa som en man.
419;armor;Draugadrottens gestalt;Hands;25+;;Block 8 · Kritchans 0-1% · Vikt 2;200 Bashälsa, 250 Styrka;+2 Bashälsa, +3 Styrka;;;;;;;;;I kejsarens förråd, bakom ytterligare lås och magiska skyddsbarriärer finns en svart rustning med mystiska runor. Ingen vet dess ursprung och alla skrifter relaterade till den är brännda på kejsarens egna order. Men oavsett är det en mycket stark rustning som en värdig gladiator kan få bära, även om priset kan bli högt.
396;armor;Saidas dröm;Hands;25+;;Block 5 · Kritchans 0-1% · Vikt 1;200 Bashälsa, 150 Undvika anfall;+2 Bashälsa, +3 Undvika anfall;;;;;;;;;För länge sedan var det en ung alv vid namn Saida som drömde om att bli en riktig riddare i tung rustning och leda arméer på slagfältet.Under Kejsarens erövring av Lorien stred Saida i en specialsmidd rustning mot hans arméer, en rustning som nu ligger i kejsarens förråd.
354;armor;Dvärgakungens rustning;Chest;25+;;Block 10 · Vikt 4;-;+10 Ledarskap;;;;;;;;;Inne i ihåliga berg ligger dvärgarnas jättelika städer. Under ett besök i dessa mottog kejsaren en gåva. En massiv dvärgasmidd rustning med utstuderade detaljer, täckt i skyddande runor. Numera efter att kejsaren erövrat sitt imperium har han upplåtit sin rustning att användas av den gladiator som visar sig värdig.
425;armor;Kejsarens gamla kläder;Hands;25+;;Block 3 · Träffchans +1;40 Ledarskap;+2 Bashälsa, +6 Ledarskap;;;;;;;;;Historien bakom hur dessa kläder hamnade i kejsarens förråd har gått förlorad i historien och alla nedskrivna berättelser om incidenten har brännts.Dock ligger numera en uppsättning gamla kejserliga kläder i förrådet, varför nu någon gladiator skulle vilja ha dem.
342;jewelry;Äkthetsring av stål;Finger;25+;;-;Kräver att du har bedriften Legend;+6 yxor, +6 svärd, +6 hammare, +6 stavar, +6 sköldar, +6 stickvapen, +6 kättingvapen, +6 Obeväpnat, +5 Initiativstyrka;;;;;;;;;En av de ringar i olika material som symboliserar legendstatusen.
409;armor;Titanvargpäls;Chest;25+;;Block 10 · Vikt 4;125 Undvika anfall;+5 Undvika anfall;;;;;;;;;Denna massiva rustning är skapad av pälsen från en uråldrig titanvarg, ett odjur stor som en drake och med tänder långa som en man.
358;armor;Död mans skepnad;Legs;25+;;Block 8 · Vikt 3;250 Bashälsa, 200 Styrka;+5 Bashälsa;;;;;;;;;Denna något makabra rustning sägs ha sitt ursprung i en magikers labb långt borta. Denna magiker försökte hitta ett sätt att binda de dödas själar till föremål och på så sätt hålla dem kvar ibland de levande. Denna rustning ger övernaturliga förmågor åt sin bärare, men enligt legenderna vilar även en förbannelse över den och alla som har burit den har gått en diger död till mötes.
401;armor;Dvärgakungens rustning;Hands;25+;;Block 8 · Kritchans 0-1% · Vikt 2;40 Ledarskap;+2 Uthållighet, +6 Ledarskap;;;;;;;;;Inne i ihåliga berg ligger dvärgarnas jättelika städer. Under ett besök i dessa mottog kejsaren en gåva. En massiv dvärgasmidd rustning med utstuderade detaljer, täckt i skyddande runor. Numera efter att kejsaren erövrat sitt imperium har han upplåtit sin rustning att användas av den gladiator som visar sig värdig.
359;armor;Död mans skepnad;Shoulders;25+;;Block 5 · Vikt 1;250 Bashälsa, 200 Styrka;+3 Bashälsa, +2 Styrka;;;;;;;;;Denna något makabra rustning sägs ha sitt ursprung i en magikers labb långt borta. Denna magiker försökte hitta ett sätt att binda de dödas själar till föremål och på så sätt hålla dem kvar ibland de levande. Denna rustning ger övernaturliga förmågor åt sin bärare, men enligt legenderna vilar även en förbannelse över den och alla som har burit den har gått en diger död till mötes.
332;jewelry;Anulus Aurum;Finger;25+;;-;Kräver att du har bedriften Legend;+3 Bashälsa, +3 Styrka, +4 Uthållighet, +4 Initiativstyrka, +3 Undvika anfall;;;;;;;;;Denna vackra ring är tillverkad av det renaste guld som står att finna i hela den kända världen. Den är inte förtrollad, men den totala renheten i den frambringar guldets inneboende styrka och gör bäraren starkare, smidigare, och mer stryktålig.
414;armor;Titanvargpäls;Feet;25+;;Block 8 · Vikt 2;125 Undvika anfall;+1 Styrka, +4 Undvika anfall;;;;;;;;;Denna massiva rustning är skapad av pälsen från en uråldrig titanvarg, ett odjur stor som en drake och med tänder långa som en man.
389;armor;Vandrarens kåpa;Shoulders;25+;;Block 3;50 Uthållighet;+2 Bashälsa, +3 Uthållighet;;;;;;;;;En till synes alldaglig kåpa Kejsaren vann i ett parti schack mot en vandrare för ett antal år sedan.
391;armor;Vandrarens kåpa;Feet;25+;;Block 3;50 Uthållighet;+2 Bashälsa, +3 Uthållighet;;;;;;;;;En till synes alldaglig kåpa Kejsaren vann i ett parti schack mot en vandrare för ett antal år sedan.
395;armor;Saidas dröm;Shoulders;25+;;Block 5 · Vikt 1;225 Bashälsa, 75 Undvika anfall;+2 Bashälsa, +3 Undvika anfall;;;;;;;;;För länge sedan var det en ung alv vid namn Saida som drömde om att bli en riktig riddare i tung rustning och leda arméer på slagfältet.Under Kejsarens erövring av Lorien stred Saida i en specialsmidd rustning mot hans arméer, en rustning som nu ligger i kejsarens förråd.
351;armor;Dugs svartplåt;Shoulders;25+;;Block 8 · Vikt 2;300 Bashälsa;+3 Bashälsa, +2 Initiativstyrka;;;;;;;;;Vapensmeden Gug hade en gång en bror vid namn Dug. Dug var inte lika fredlig som sin bror utan ledde en armé med svartblod i revolution mot kejsaren. Dugs svartplåt ligger nu i kejsarens förråd och väntar på en ny värdig bärare
397;armor;Saidas dröm;Feet;25+;;Block 5 · Vikt 1;225 Bashälsa, 75 Undvika anfall;+2 Bashälsa, +3 Undvika anfall;;;;;;;;;För länge sedan var det en ung alv vid namn Saida som drömde om att bli en riktig riddare i tung rustning och leda arméer på slagfältet.Under Kejsarens erövring av Lorien stred Saida i en specialsmidd rustning mot hans arméer, en rustning som nu ligger i kejsarens förråd.
415;armor;Draugadrottens gestalt;Chest;25+;;Block 10 · Vikt 4;200 Bashälsa, 250 Styrka;+5 Styrka;;;;;;;;;I kejsarens förråd, bakom ytterligare lås och magiska skyddsbarriärer finns en svart rustning med mystiska runor. Ingen vet dess ursprung och alla skrifter relaterade till den är brännda på kejsarens egna order. Men oavsett är det en mycket stark rustning som en värdig gladiator kan få bära, även om priset kan bli högt.
402;armor;Dvärgakungens rustning;Feet;25+;;Block 8 · Vikt 2;40 Ledarskap;+2 Uthållighet, +6 Ledarskap;;;;;;;;;Inne i ihåliga berg ligger dvärgarnas jättelika städer. Under ett besök i dessa mottog kejsaren en gåva. En massiv dvärgasmidd rustning med utstuderade detaljer, täckt i skyddande runor. Numera efter att kejsaren erövrat sitt imperium har han upplåtit sin rustning att användas av den gladiator som visar sig värdig.
390;armor;Vandrarens kåpa;Hands;25+;;Block 3 · Vikt -3;50 Uthållighet;+2 Bashälsa, +3 Uthållighet;;;;;;;;;En till synes alldaglig kåpa Kejsaren vann i ett parti schack mot en vandrare för ett antal år sedan.
339;jewelry;Milugs mästarring;Finger;25+;;-;Kräver att du har bedriften Legend;+4 Bashälsa, +2 Styrka, +2 Initiativstyrka, +2 Undvika anfall, +15 Inlärningsförmåga;;;;;;;;;Milug har frivilligt skänkt sin gamla mästarring till Kejsarens förråd.
388;armor;Vandrarens kåpa;Head;25+;;Block 5 · Vikt 1;50 Uthållighet;+5 Uthållighet;;;;;;;;;En till synes alldaglig kåpa Kejsaren vann i ett parti schack mot en vandrare för ett antal år sedan.
338;jewelry;Belgas vigselring;Finger;25+;;-;Kräver att du har bedriften Legend;+12 Bashälsa;;;;;;;;;Har Belga varit gift?Lever hennes man?Vad gör ringen i kejsarförrådet?Vågar en gladiator bära den i strid?
331;jewelry;Sjöjungfruns tårar;Finger;25+;;-;Kräver att du har bedriften Legend;+6 Initiativstyrka, +6 Undvika anfall;;;;;;;;;
375;armor;Draxxs skrotplåt;Head;25+;;Block 8 · Vikt 3;225 Styrka, 75 Initiativstyrka;+5 Styrka;;;;;;;;;Draxx var en osedvanligt klyftig individ, för att vara en goblin. Dock tenderade allting i hans liv gå utför, oavsett vad han gjorde åt det. När han efter flera år fick nog, bestämde han sig för att ta hämnd på dem som var skyldiga till alla oförrätter.Han byggde av svartplåt och skrot en rustning som var stark nog att inte ens det starkaste troll kunde slå igenom det, och sedan skred han till verket. Under tre dygn raserade han stora delar av staden, inklusive alla hans plågoandars hem innan en tursam pil från en alv fann sitt mål och satte stop för förödelsen.Hans rustning finns nu i kejsarens förråd och väntar på en ny bärare att sprida kaos och förödelse med.
416;armor;Draugadrottens gestalt;Head;25+;;Block 10 · Vikt 4;200 Bashälsa, 250 Styrka;+5 Styrka;;;;;;;;;I kejsarens förråd, bakom ytterligare lås och magiska skyddsbarriärer finns en svart rustning med mystiska runor. Ingen vet dess ursprung och alla skrifter relaterade till den är brännda på kejsarens egna order. Men oavsett är det en mycket stark rustning som en värdig gladiator kan få bära, även om priset kan bli högt.
387;armor;Vandrarens kåpa;Legs;25+;;Block 5 · Vikt 1;50 Uthållighet;+5 Uthållighet;;;;;;;;;En till synes alldaglig kåpa Kejsaren vann i ett parti schack mot en vandrare för ett antal år sedan.
423;armor;Kejsarens gamla kläder;Legs;25+;;Block 5 · Vikt 1;40 Ledarskap;+10 Ledarskap;;;;;;;;;Historien bakom hur dessa kläder hamnade i kejsarens förråd har gått förlorad i historien och alla nedskrivna berättelser om incidenten har brännts.Dock ligger numera en uppsättning gamla kejserliga kläder i förrådet, varför nu någon gladiator skulle vilja ha dem.
394;armor;Saidas dröm;Legs;25+;;Block 8 · Vikt 3;200 Bashälsa, 150 Undvika anfall;+5 Undvika anfall;;;;;;;;;För länge sedan var det en ung alv vid namn Saida som drömde om att bli en riktig riddare i tung rustning och leda arméer på slagfältet.Under Kejsarens erövring av Lorien stred Saida i en specialsmidd rustning mot hans arméer, en rustning som nu ligger i kejsarens förråd.
368;armor;Loriens skugga;Chest;25+;;Block 5 · Vikt 1;125 Undvika anfall;+5 Undvika anfall;;;;;;;;;I skogsalvernas hemvist Lorien finns det sömmerskor med ofantlig skicklighet. Dessa sömmerskor för många århundraden sedan skapade en rustning åt deras främste krigare att försvara deras hemland med. Ingen vet vad som tillslut hände med krigaren, men efter att Kejsaren erövra Lorien hamnade rustningen i hans förråd och väntar på en värdig bärare.
370;armor;Loriens skugga;Legs;25+;;Block 5 · Vikt 1;125 Undvika anfall;+5 Undvika anfall;;;;;;;;;I skogsalvernas hemvist Lorien finns det sömmerskor med ofantlig skicklighet. Dessa sömmerskor för många århundraden sedan skapade en rustning åt deras främste krigare att försvara deras hemland med. Ingen vet vad som tillslut hände med krigaren, men efter att Kejsaren erövra Lorien hamnade rustningen i hans förråd och väntar på en värdig bärare.
348;armor;Dugs svartplåt;Chest;25+;;Block 10 · Vikt 4;300 Bashälsa;+5 Bashälsa;;;;;;;;;Vapensmeden Gug hade en gång en bror vid namn Dug. Dug var inte lika fredlig som sin bror utan ledde en armé med svartblod i revolution mot kejsaren. Dugs svartplåt ligger nu i kejsarens förråd och väntar på en ny värdig bärare
393;armor;Saidas dröm;Head;25+;;Block 8 · Vikt 3;225 Bashälsa, 75 Undvika anfall;+5 Undvika anfall;;;;;;;;;För länge sedan var det en ung alv vid namn Saida som drömde om att bli en riktig riddare i tung rustning och leda arméer på slagfältet.Under Kejsarens erövring av Lorien stred Saida i en specialsmidd rustning mot hans arméer, en rustning som nu ligger i kejsarens förråd.
343;jewelry;Äkthetsring av bly;Finger;25+;;-;Kräver att du har bedriften Legend;+6 yxor, +6 svärd, +6 hammare, +6 stavar, +6 sköldar, +6 stickvapen, +6 kättingvapen, +6 Obeväpnat, +5 Styrka;;;;;;;;;En av de ringar i olika material som symboliserar legendstatusen.
418;armor;Draugadrottens gestalt;Shoulders;25+;;Block 8 · Vikt 2;200 Bashälsa, 250 Styrka;+2 Bashälsa, +3 Styrka;;;;;;;;;I kejsarens förråd, bakom ytterligare lås och magiska skyddsbarriärer finns en svart rustning med mystiska runor. Ingen vet dess ursprung och alla skrifter relaterade till den är brännda på kejsarens egna order. Men oavsett är det en mycket stark rustning som en värdig gladiator kan få bära, även om priset kan bli högt.
360;armor;Död mans skepnad;Feet;25+;;Block 5 · Vikt 1;250 Bashälsa, 200 Styrka;+3 Bashälsa, +2 Styrka;;;;;;;;;Denna något makabra rustning sägs ha sitt ursprung i en magikers labb långt borta. Denna magiker försökte hitta ett sätt att binda de dödas själar till föremål och på så sätt hålla dem kvar ibland de levande. Denna rustning ger övernaturliga förmågor åt sin bärare, men enligt legenderna vilar även en förbannelse över den och alla som har burit den har gått en diger död till mötes.
422;armor;Kejsarens gamla kläder;Head;25+;;Block 5 · Vikt 1;40 Ledarskap;+10 Ledarskap;;;;;;;;;Historien bakom hur dessa kläder hamnade i kejsarens förråd har gått förlorad i historien och alla nedskrivna berättelser om incidenten har brännts.Dock ligger numera en uppsättning gamla kejserliga kläder i förrådet, varför nu någon gladiator skulle vilja ha dem.
421;armor;Kejsarens gamla kläder;Chest;25+;;Block 5 · Vikt 1;40 Ledarskap;+10 Ledarskap;;;;;;;;;Historien bakom hur dessa kläder hamnade i kejsarens förråd har gått förlorad i historien och alla nedskrivna berättelser om incidenten har brännts.Dock ligger numera en uppsättning gamla kejserliga kläder i förrådet, varför nu någon gladiator skulle vilja ha dem.
379;armor;Draxxs skrotplåt;Feet;25+;;Block 5 · Vikt 1;225 Styrka, 75 Initiativstyrka;+2 Styrka, +3 Initiativstyrka;;;;;;;;;Draxx var en osedvanligt klyftig individ, för att vara en goblin. Dock tenderade allting i hans liv gå utför, oavsett vad han gjorde åt det. När han efter flera år fick nog, bestämde han sig för att ta hämnd på dem som var skyldiga till alla oförrätter.Han byggde av svartplåt och skrot en rustning som var stark nog att inte ens det starkaste troll kunde slå igenom det, och sedan skred han till verket. Under tre dygn raserade han stora delar av staden, inklusive alla hans plågoandars hem innan en tursam pil från en alv fann sitt mål och satte stop för förödelsen.Hans rustning finns nu i kejsarens förråd och väntar på en ny bärare att sprida kaos och förödelse med.
377;armor;Draxxs skrotplåt;Shoulders;25+;;Block 5 · Vikt 1;225 Styrka, 75 Initiativstyrka;+2 Styrka, +3 Initiativstyrka;;;;;;;;;Draxx var en osedvanligt klyftig individ, för att vara en goblin. Dock tenderade allting i hans liv gå utför, oavsett vad han gjorde åt det. När han efter flera år fick nog, bestämde han sig för att ta hämnd på dem som var skyldiga till alla oförrätter.Han byggde av svartplåt och skrot en rustning som var stark nog att inte ens det starkaste troll kunde slå igenom det, och sedan skred han till verket. Under tre dygn raserade han stora delar av staden, inklusive alla hans plågoandars hem innan en tursam pil från en alv fann sitt mål och satte stop för förödelsen.Hans rustning finns nu i kejsarens förråd och väntar på en ny bärare att sprida kaos och förödelse med.
417;armor;Draugadrottens gestalt;Legs;25+;;Block 10 · Vikt 4;200 Bashälsa, 250 Styrka;+5 Styrka;;;;;;;;;I kejsarens förråd, bakom ytterligare lås och magiska skyddsbarriärer finns en svart rustning med mystiska runor. Ingen vet dess ursprung och alla skrifter relaterade till den är brännda på kejsarens egna order. Men oavsett är det en mycket stark rustning som en värdig gladiator kan få bära, även om priset kan bli högt.
399;armor;Dvärgakungens rustning;Legs;25+;;Block 10 · Vikt 4;40 Ledarskap;+10 Ledarskap;;;;;;;;;Inne i ihåliga berg ligger dvärgarnas jättelika städer. Under ett besök i dessa mottog kejsaren en gåva. En massiv dvärgasmidd rustning med utstuderade detaljer, täckt i skyddande runor. Numera efter att kejsaren erövrat sitt imperium har han upplåtit sin rustning att användas av den gladiator som visar sig värdig.
371;armor;Loriens skugga;Shoulders;25+;;Block 3;125 Undvika anfall;+3 Initiativstyrka, +2 Undvika anfall;;;;;;;;;I skogsalvernas hemvist Lorien finns det sömmerskor med ofantlig skicklighet. Dessa sömmerskor för många århundraden sedan skapade en rustning åt deras främste krigare att försvara deras hemland med. Ingen vet vad som tillslut hände med krigaren, men efter att Kejsaren erövra Lorien hamnade rustningen i hans förråd och väntar på en värdig bärare.
376;armor;Draxxs skrotplåt;Legs;25+;;Block 8 · Vikt 3;225 Styrka, 75 Initiativstyrka;+5 Styrka;;;;;;;;;Draxx var en osedvanligt klyftig individ, för att vara en goblin. Dock tenderade allting i hans liv gå utför, oavsett vad han gjorde åt det. När han efter flera år fick nog, bestämde han sig för att ta hämnd på dem som var skyldiga till alla oförrätter.Han byggde av svartplåt och skrot en rustning som var stark nog att inte ens det starkaste troll kunde slå igenom det, och sedan skred han till verket. Under tre dygn raserade han stora delar av staden, inklusive alla hans plågoandars hem innan en tursam pil från en alv fann sitt mål och satte stop för förödelsen.Hans rustning finns nu i kejsarens förråd och väntar på en ny bärare att sprida kaos och förödelse med.
333;jewelry;Armte's kaptensring;Finger;25+;;-;Kräver att du har bedriften Legend;+25 Ledarskap;;;;;;;;;Armte var namnet på en av kejsarens soldater. Han kom från en enkel bakgrund och var inte gammal när han gick med i Stenhems garde. Han var en duktig soldat, men inte exceptionell, och gjorde sina sysslor som han skulle. Men hans öde tog en diger vändning en dag när hans grupp blivit skickade för att rensa ut ett banditnäste i bergen som gjort livet surt för lokalbefolkningen.De hittade snabbt banditerna och hade nästan utrotat dem alla när en av de blåste i ett horn. En av soldaterna satt en pil i hans hals, men det var redan för sent. Ett enormt bergatroll kom lufsande ut ur grottans inre och med en enda fruktansvärd smäll förvandlade det Armtes kapten till en kladdig fläck på grottans golv. Resten av soldaterna vände och flydde i panik, men inte Armte. Han höjde sitt spjut, darrande av rädsla men befäst av pliktkänsla och mod, vrålade och gick till attack mot trollet.Det är oklart vilken gud som log mot honom den dagen, men Armtes spjut fann sitt mål och drevs djupt in i trollets hals, som gurglade och föll dött till marken. De flyende soldaterna återvände och kunde knappt tro vad de såg. Gruppen återvände till Stenhem med den forne kaptenens kvarlevor, och när de berättade vilket hjältedåd Armte utfört blev Kejsaren själv intresserad. Armte blev genast befordrad till kapten, och fick då denna ring. Armtes karriär som kapten blev lång och imponerande, och kom endast till en ända då han blev befordrad igen, denna gång till en av Kejsarens personliga pretoriangarde, en plats han än idag besitter med stolthet.Som ett sista tack till den befolkning han svurit att beskydda skänkte Armte sin kaptensring till det kejserliga förrådet, där den väntar på att föra sin heroiska ägares bragder vidare genom en ny bärare. När kejsaren gästar arenan kan man se Armte vid hans högra sida, klädd i den magnifika rustning han utan tvekan förtjänar. En av Stenhems sanna hjältar - är du värdig att föra vidare hans saga?
378;armor;Draxxs skrotplåt;Hands;25+;;Block 5 · Träffchans +1 · Vikt 1;225 Styrka, 75 Initiativstyrka;+2 Styrka, +3 Initiativstyrka;;;;;;;;;Draxx var en osedvanligt klyftig individ, för att vara en goblin. Dock tenderade allting i hans liv gå utför, oavsett vad han gjorde åt det. När han efter flera år fick nog, bestämde han sig för att ta hämnd på dem som var skyldiga till alla oförrätter.Han byggde av svartplåt och skrot en rustning som var stark nog att inte ens det starkaste troll kunde slå igenom det, och sedan skred han till verket. Under tre dygn raserade han stora delar av staden, inklusive alla hans plågoandars hem innan en tursam pil från en alv fann sitt mål och satte stop för förödelsen.Hans rustning finns nu i kejsarens förråd och väntar på en ny bärare att sprida kaos och förödelse med.
361;armor;Död mans skepnad;Hands;25+;;Block 5 · Träffchans +1 · Vikt 1;250 Bashälsa, 200 Styrka;+2 Bashälsa, +3 Styrka;;;;;;;;;Denna något makabra rustning sägs ha sitt ursprung i en magikers labb långt borta. Denna magiker försökte hitta ett sätt att binda de dödas själar till föremål och på så sätt hålla dem kvar ibland de levande. Denna rustning ger övernaturliga förmågor åt sin bärare, men enligt legenderna vilar även en förbannelse över den och alla som har burit den har gått en diger död till mötes.
373;armor;Loriens skugga;Feet;25+;;Block 3;125 Undvika anfall;+3 Initiativstyrka, +2 Undvika anfall;;;;;;;;;I skogsalvernas hemvist Lorien finns det sömmerskor med ofantlig skicklighet. Dessa sömmerskor för många århundraden sedan skapade en rustning åt deras främste krigare att försvara deras hemland med. Ingen vet vad som tillslut hände med krigaren, men efter att Kejsaren erövra Lorien hamnade rustningen i hans förråd och väntar på en värdig bärare.
349;armor;Dugs svartplåt;Legs;25+;;Block 10 · Vikt 4;300 Bashälsa;+5 Bashälsa;;;;;;;;;Vapensmeden Gug hade en gång en bror vid namn Dug. Dug var inte lika fredlig som sin bror utan ledde en armé med svartblod i revolution mot kejsaren. Dugs svartplåt ligger nu i kejsarens förråd och väntar på en ny värdig bärare
315;armor;Gyllene axelskydd;Shoulders;25+;;Block 10 (15%) · Vikt 1;-;-;;;;;;;;;En legendarisk hjälte vars namn gått förlorad i tiden fann denna rustning efter att han dräpt en gigantisk drake. Kejsarens alkemister och magiker har försökt studera rustningen, men ingen har lyckats lista ut vad den är gjord av för material. Oavsett vad det är, så är det starkare än mithril och förlorar aldrig sitt sken.
420;armor;Draugadrottens gestalt;Feet;25+;;Block 8 · Vikt 2;200 Bashälsa, 250 Styrka;+2 Bashälsa, +3 Styrka;;;;;;;;;I kejsarens förråd, bakom ytterligare lås och magiska skyddsbarriärer finns en svart rustning med mystiska runor. Ingen vet dess ursprung och alla skrifter relaterade till den är brännda på kejsarens egna order. Men oavsett är det en mycket stark rustning som en värdig gladiator kan få bära, även om priset kan bli högt.
398;armor;Dvärgakungens rustning;Head;25+;;Block 10 · Vikt 4;40 Ledarskap;+10 Ledarskap;;;;;;;;;Inne i ihåliga berg ligger dvärgarnas jättelika städer. Under ett besök i dessa mottog kejsaren en gåva. En massiv dvärgasmidd rustning med utstuderade detaljer, täckt i skyddande runor. Numera efter att kejsaren erövrat sitt imperium har han upplåtit sin rustning att användas av den gladiator som visar sig värdig.
412;armor;Titanvargpäls;Shoulders;25+;;Block 8 · Vikt 2;125 Undvika anfall;+1 Styrka, +4 Undvika anfall;;;;;;;;;Denna massiva rustning är skapad av pälsen från en uråldrig titanvarg, ett odjur stor som en drake och med tänder långa som en man.
345;jewelry;Äkthetsring av tungsten;Finger;25+;;-;Kräver att du har bedriften Legend;+6 yxor, +6 svärd, +6 hammare, +6 stavar, +6 sköldar, +6 stickvapen, +6 kättingvapen, +6 Obeväpnat, +3 Bashälsa, +3 Styrka;;;;;;;;;En av de ringar i olika material som symboliserar legendstatusen.
346;jewelry;Äkthetsring av ek;Finger;25+;;-;Kräver att du har bedriften Legend;+6 yxor, +6 svärd, +6 hammare, +6 stavar, +6 sköldar, +6 stickvapen, +6 kättingvapen, +6 Obeväpnat, +10 Inlärningsförmåga;;;;;;;;;En av de ringar i olika material som symboliserar legendstatusen.
374;armor;Draxxs skrotplåt;Chest;25+;;Block 8 · Vikt 3;225 Styrka, 75 Initiativstyrka;+5 Styrka;;;;;;;;;Draxx var en osedvanligt klyftig individ, för att vara en goblin. Dock tenderade allting i hans liv gå utför, oavsett vad han gjorde åt det. När han efter flera år fick nog, bestämde han sig för att ta hämnd på dem som var skyldiga till alla oförrätter.Han byggde av svartplåt och skrot en rustning som var stark nog att inte ens det starkaste troll kunde slå igenom det, och sedan skred han till verket. Under tre dygn raserade han stora delar av staden, inklusive alla hans plågoandars hem innan en tursam pil från en alv fann sitt mål och satte stop för förödelsen.Hans rustning finns nu i kejsarens förråd och väntar på en ny bärare att sprida kaos och förödelse med.
340;jewelry;Äkthetsring av silver;Finger;25+;;-;Kräver att du har bedriften Legend;+6 yxor, +6 svärd, +6 hammare, +6 stavar, +6 sköldar, +6 stickvapen, +6 kättingvapen, +6 Obeväpnat, +3 Initiativstyrka, +2 Undvika anfall;;;;;;;;;En av de ringar i olika material som symboliserar legendstatusen.
411;armor;Titanvargpäls;Legs;25+;;Block 10 · Vikt 4;125 Undvika anfall;+5 Undvika anfall;;;;;;;;;Denna massiva rustning är skapad av pälsen från en uråldrig titanvarg, ett odjur stor som en drake och med tänder långa som en man.
321;armor;Kristalltatuering;Hands;25+;;Block 8 (12%) · Träffchans +1;-;-;;;;;;;;;Långt uppe i norr finns det en klan shamaner med mystiska krafter. Efter handel med dvärgar har de insförskaffat en större mängd magiska kristaller, dessa kristaller har dem krossat och blandat ut i ett bläck för sina ritualer. De har gjort en pakt med kejsaren själv, att få låna en av hans gladiatorer för att tatuera in experimentella runor med detta bläck, något som säkert ger mystiska och övernaturliga krafter.
356;armor;Död mans skepnad;Chest;25+;;Block 8 · Vikt 3;250 Bashälsa, 200 Styrka;+5 Bashälsa;;;;;;;;;Denna något makabra rustning sägs ha sitt ursprung i en magikers labb långt borta. Denna magiker försökte hitta ett sätt att binda de dödas själar till föremål och på så sätt hålla dem kvar ibland de levande. Denna rustning ger övernaturliga förmågor åt sin bärare, men enligt legenderna vilar även en förbannelse över den och alla som har burit den har gått en diger död till mötes.
329;jewelry;Svíagris;Finger;25+;;-;Kräver att du har bedriften Legend;+7 Styrka, +6 Undvika anfall;;;;;;;;;Den kolossala sten som pryder denna ring har en lång och färgrik historia. Den har ofta bytt händer, sällan stannat på samma ställe mer än ett år eller två, och ofta på blodiga vägar. Den frambringar den inre styrkan och smidigheten i alla som bär den, men har även en obehaglig tendens att frambringa en djup avundsjuka i alla som vilar ögonen på den. Ingen av Svíagris tidigare ägare har levt särskilt länge, men vem vet? Du är kanske undantaget.
317;armor;Gyllene handskar;Hands;25+;;Block 10 (15%) · Kritchans 0-1% · Vikt 1;-;-;;;;;;;;;En legendarisk hjälte vars namn gått förlorad i tiden fann denna rustning efter att han dräpt en gigantisk drake. Kejsarens alkemister och magiker har försökt studera rustning, men ingen har lyckats lista ut vad den är gjord av för material. Oavsett vad det är, så är det starkare än mithril och förlorar aldrig sitt sken.
413;armor;Titanvargpäls;Hands;25+;;Block 8 · Kritchans 0-1% · Vikt 2;125 Undvika anfall;+3 Undvika anfall;;;;;;;;;Denna massiva rustning är skapad av pälsen från en uråldrig titanvarg, ett odjur stor som en drake och med tänder långa som en man.
357;armor;Död mans skepnad;Head;25+;;Block 8 · Vikt 3;250 Bashälsa, 200 Styrka;+5 Bashälsa;;;;;;;;;Denna något makabra rustning sägs ha sitt ursprung i en magikers labb långt borta. Denna magiker försökte hitta ett sätt att binda de dödas själar till föremål och på så sätt hålla dem kvar ibland de levande. Denna rustning ger övernaturliga förmågor åt sin bärare, men enligt legenderna vilar även en förbannelse över den och alla som har burit den har gått en diger död till mötes.
344;jewelry;Äkthetsring av järn;Finger;25+;;-;Kräver att du har bedriften Legend;+6 yxor, +6 svärd, +6 hammare, +6 stavar, +6 sköldar, +6 stickvapen, +6 kättingvapen, +6 Obeväpnat, +5 Bashälsa;;;;;;;;;En av de ringar i olika material som symboliserar legendstatusen.
311;armor;Gyllene ringbrynja;Chest;25+;;Block 16 (20%) · Vikt 3;-;-;;;;;;;;;En legendarisk hjälte vars namn gått förlorad i tiden fann denna ringbrynja efter att han dräpt en gigantisk drake. Kejsarens alkemister och magiker har försökt studera ringbrynjan, men ingen har lyckats lista ut vad den är gjord av för material. Oavsett vad det är, så är det starkare än mithril och förlorar aldrig sitt sken.
352;armor;Dugs svartplåt;Feet;25+;;Block 8 · Vikt 2;300 Bashälsa;+3 Bashälsa, +2 Initiativstyrka;;;;;;;;;Vapensmeden Gug hade en gång en bror vid namn Dug. Dug var inte lika fredlig som sin bror utan ledde en armé med svartblod i revolution mot kejsaren. Dugs svartplåt ligger nu i kejsarens förråd och väntar på en ny värdig bärare
353;armor;Dugs svartplåt;Hands;25+;;Block 8 · Träffchans +1 · Vikt 2;300 Bashälsa;+3 Bashälsa, +2 Initiativstyrka;;;;;;;;;Vapensmeden Gug hade en gång en bror vid namn Dug. Dug var inte lika fredlig som sin bror utan ledde en armé med svartblod i revolution mot kejsaren. Dugs svartplåt ligger nu i kejsarens förråd och väntar på en ny värdig bärare
330;jewelry;Kukulkans ädelsten;Finger;25+;;-;Kräver att du har bedriften Legend;+12 Initiativstyrka;;;;;;;;;Ädelstenen som är fäst i denna ring sägs kunna kontrollera ett av de fyra elementen: luften. Oavsett sanningshalt är det ett vackert hantverk och oavsett egenskaper passar den sig väl in bland övriga klenoder i förrådet.
424;armor;Kejsarens gamla kläder;Shoulders;25+;;Block 3;40 Ledarskap;+2 Bashälsa, +6 Ledarskap;;;;;;;;;Historien bakom hur dessa kläder hamnade i kejsarens förråd har gått förlorad i historien och alla nedskrivna berättelser om incidenten har brännts.Dock ligger numera en uppsättning gamla kejserliga kläder i förrådet, varför nu någon gladiator skulle vilja ha dem.
350;armor;Dugs svartplåt;Head;25+;;Block 10 · Vikt 4;300 Bashälsa;+5 Bashälsa;;;;;;;;;Vapensmeden Gug hade en gång en bror vid namn Dug. Dug var inte lika fredlig som sin bror utan ledde en armé med svartblod i revolution mot kejsaren. Dugs svartplåt ligger nu i kejsarens förråd och väntar på en ny värdig bärare
426;armor;Kejsarens gamla kläder;Feet;25+;;Block 3;40 Ledarskap;+2 Bashälsa, +6 Ledarskap;;;;;;;;;Historien bakom hur dessa kläder hamnade i kejsarens förråd har gått förlorad i historien och alla nedskrivna berättelser om incidenten har brännts.Dock ligger numera en uppsättning gamla kejserliga kläder i förrådet, varför nu någon gladiator skulle vilja ha dem.
347;jewelry;Haaz'h;Finger;25+;;-;Kräver att du har bedriften Legend;+15 Inlärningsförmåga, +15 Ledarskap;;;;;;;;;Skallen som pryder denna ring är inte bara dekoration, utan huserar också anden av en forntida krigare. Den kommunicerar med bäraren på olika sätt, bland annat genom att ge order och råd i strid. Den hjälper också bäraren att förbättra sin teknik. Men ibland, till synes på måfå, kan den också viska fruktansvärda hot - eller snare löften - om vad den hade gjort om den fortfarande hade sin kropp. Det är ohyggliga handlingar som beskrivs i grotesk detalj. Det är upp till dig om det är värt det.
392;armor;Saidas dröm;Chest;25+;;Block 8 · Vikt 3;200 Bashälsa, 150 Undvika anfall;+5 Undvika anfall;;;;;;;;;För länge sedan var det en ung alv vid namn Saida som drömde om att bli en riktig riddare i tung rustning och leda arméer på slagfältet.Under Kejsarens erövring av Lorien stred Saida i en specialsmidd rustning mot hans arméer, en rustning som nu ligger i kejsarens förråd.
372;armor;Loriens skugga;Hands;25+;;Block 3 · Vikt -3;125 Undvika anfall;+3 Initiativstyrka, +2 Undvika anfall;;;;;;;;;I skogsalvernas hemvist Lorien finns det sömmerskor med ofantlig skicklighet. Dessa sömmerskor för många århundraden sedan skapade en rustning åt deras främste krigare att försvara deras hemland med. Ingen vet vad som tillslut hände med krigaren, men efter att Kejsaren erövra Lorien hamnade rustningen i hans förråd och väntar på en värdig bärare.
386;armor;Vandrarens kåpa;Chest;25+;;Block 5 · Vikt 1;50 Uthållighet;+5 Uthållighet;;;;;;;;;En till synes alldaglig kåpa Kejsaren vann i ett parti schack mot en vandrare för ett antal år sedan.
400;armor;Dvärgakungens rustning;Shoulders;25+;;Block 8 · Vikt 2;40 Ledarskap;+2 Uthållighet, +6 Ledarskap;;;;;;;;;Inne i ihåliga berg ligger dvärgarnas jättelika städer. Under ett besök i dessa mottog kejsaren en gåva. En massiv dvärgasmidd rustning med utstuderade detaljer, täckt i skyddande runor. Numera efter att kejsaren erövrat sitt imperium har han upplåtit sin rustning att användas av den gladiator som visar sig värdig.
323;armor;Kristalltatuering;Feet;25+;;Block 8 (12%);-;-;;;;;;;;;Långt uppe i norr finns det en klan shamaner med mystiska krafter. Efter handel med dvärgar har de insförskaffat en större mängd magiska kristaller, dessa kristaller har dem krossat och blandat ut i ett bläck för sina ritualer. De har gjort en pakt med kejsaren själv, att få låna en av hans gladiatorer för att tatuera in experimentella runor med detta bläck, något som säkert ger mystiska och övernaturliga krafter.
319;armor;Kristalltatuering;Head;25+;;Block 10 (15%) · Vikt 1;-;-;;;;;;;;;Långt uppe i norr finns det en klan shamaner med mystiska krafter. Efter handel med dvärgar har de insförskaffat en större mängd magiska kristaller, dessa kristaller har dem krossat och blandat ut i ett bläck för sina ritualer. Dem har gjort en pakt med kejsaren själv, att få låna en av hans gladiatorer för att tatuera in experimentella runor med detta bläck, något som säkert ger mystiska och övernaturliga krafter.
322;armor;Kristalltatuering;Shoulders;25+;;Block 8 (12%);-;-;;;;;;;;;Långt uppe i norr finns det en klan shamaner med mystiska krafter. Efter handel med dvärgar har de insförskaffat en större mängd magiska kristaller, dessa kristaller har dem krossat och blandat ut i ett bläck för sina ritualer. Dem har gjort en pakt med kejsaren själv, att få låna en av hans gladiatorer för att tatuera in experimentella runor med detta bläck, något som säkert ger mystiska och övernaturliga krafter.
318;armor;Kristalltatuering;Chest;25+;;Block 10 (15%) · Vikt 1;-;-;;;;;;;;;Långt uppe i norr finns det en klan shamaner med mystiska krafter. Efter handel med dvärgar har de insförskaffat en större mängd magiska kristaller, dessa kristaller har dem krossat och blandat ut i ett bläck för sina ritualer. De har gjort en pakt med kejsaren själv, att få låna en av hans gladiatorer för att tatuera in experimentella runor med detta bläck, något som säkert ger mystiska och övernaturliga krafter.
320;armor;Kristalltatuering;Legs;25+;;Block 10 (15%) · Vikt 1;-;-;;;;;;;;;Långt uppe i norr finns det en klan shamaner med mystiska krafter. Efter handel med dvärgar har de insförskaffat en större mängd magiska kristaller, dessa kristaller har dem krossat och blandat ut i ett bläck för sina ritualer. De har gjort en pakt med kejsaren själv, att få låna en av hans gladiatorer för att tatuera in experimentella runor med detta bläck, något som säkert ger mystiska och övernaturliga krafter.
66;consumable;Excellent utvunnet elementextrakt;;25+;;Varaktighet 1440 · Cooldown 0 sekunder;-;+2% Bashälsa, +2% Styrka, +2% Uthållighet, +2% Initiativstyrka, +2% Undvika anfall;Alkemi 7;4 x Elementsav;;0;600;;;;
123;consumable;Blodig slemmig vätska;;25+;;Cooldown 0 sekunder;-;-;;;;;;;;;En blodig slemmig vätska. Ryktet säger att den ger fina krafter... för den som överlever.
881;weapon;Daneyxa;Axe;26+;680;Skada 13-21 · Krit 22 + (20% till 30%) · Kritchans 0-6% · Hållbarhet 134 · Block/runda 2 · Dual · Vikt 12 · Ench 1;110 Styrka, 150 Yxor (rek);+1% Perfekt träff, +10 yxor;;;;;;;;;
490;weapon;Kyrasshammare;Mace;26+;600;Skada 18-22 · Krit 23 + (10% till 10%) · Kritchans 0-1% · Hållbarhet 145 · Block/runda 2 · Dual · Vikt 15 · Ench 1;140 Styrka, 130 Hammare (rek);-;;;;;;;;;En typ av hjälmkrossare med flera vassa slagblad fästa vid huvudet för att vara effektiv även mot tyngre rustningar. Populär även bland fältherrar och används ofta som en gradbetecknar på slagfältet.
1081;weapon;Baralsk Fura;Mace;26+;69;Skada 60-90 · Krit 91 + (5% till 10%) · Kritchans 0-7% · Hållbarhet 160 · Block/runda 2 · 2H · Vikt 40 · Ench 2;Kräver att du är av rasen alv, 800 Styrka, 150 Hammare (rek);+3% Perfekt träff;;;;;;;;;Baralsk Fura – En tvåhandshammare av otrolig kraft, så tung att endast de starkaste kämparna borde kunna svinga den. Tyvärr är den förhäxad att endast kunna bäras av alver – vilket gör den mer av ett tragiskt skämt än ett praktiskt vapen.
563;weapon;Bergatrollets slägga;Mace;26+;750;Skada 16-18 · Krit 19 + (10% till 10%) · Kritchans 0-1% · Hållbarhet 70 · Block/runda 2 · Vikt 33 · Ench 1;500 Styrka, 150 Hammare (rek);+10% Styrka;;;;;;;;;Denna massiva slägga är stor nog att endast de starkaste gladiatorerna kan använda den. Legenderna säger dock att det inte finns någon gräns för hur hårt den kan slå.
892;weapon;Väktarspjut;Spear;26+;700;Skada 15-20 · Krit 21 + (1% till 5%) · Kritchans 0-5% · Hållbarhet 97 · Block/runda 2 · Dual · Vikt 7 · Ench 1;105 Styrka, 160 Stickvapen (rek);+2% Perfekt träff, +10 stickvapen, +15 Initiativstyrka;;;;;;;;;
895;weapon;Misericordia;Spear;26+;700;Skada 11-16 · Krit 17 + (1% till 5%) · Kritchans 0-5% · Hållbarhet 154 · Block/runda 2 · Dual · Vikt 4 · Ench 1;Kräver att du är av rasen goblin, Kräver att du är av rasen troll, Kräver att du är av rasen ork, 100 Styrka, 160 Stickvapen (rek);+1% Perfekt träff, +15 stickvapen;Vapensmide 5;1 x Förstenad ros, 3 x Ekträ, 2 x Alvsilver;;0;2700;;;;
893;weapon;Shamansk offersprättare;Spear;26+;750;Skada 13-21 · Krit 22 + (1% till 5%) · Kritchans 0-4% · Hållbarhet 98 · Block/runda 2 · Dual · Vikt 9 · Ench 1;130 Styrka, 150 Stickvapen (rek);+1% Perfekt träff, +10 stickvapen, +10 Styrka;;;;;;;;;
457;weapon;Skogens raseri;Spear;26+;800;Skada 16-21 · Krit 22 + (1% till 5%) · Kritchans 0-6% · Hållbarhet 111 · Block/runda 2 · Dual · Vikt 5 · Ench 1;90 Styrka, 165 Stickvapen (rek);+2% Perfekt träff, +10 Initiativstyrka, +5% Undvika anfall;Vapensmide 5;1 x Pegasusfjäder, 2 x Ekträ, 1 x Stål, 2 x Alvsilver;;0;2450;;;;I elva mansåldrar har skogsväktarnas främsta arborister varsamt hanterat Nordbjörksdungen för att säkra förstklassiga vapen till sin armé. Med oöverträffad styvhet blir nordbjörk till spjut som sällan missar sitt mål, ofta med dödligt utfall.
939;weapon;Balatapiska;Chain;26+;450;Skada 10-20 · Krit 21 + (40% till 80%) · Kritchans 0-10% · Hållbarhet 78 · Block/runda 2 · Dual · Vikt 3 · Ench 1;105 Styrka, 155 Kättingvapen (rek);+3% Perfekt träff, +10 kättingvapen;;;;;;;;;
564;weapon;Infanterilans;Spear;26+;650;Skada 10-24 · Krit 25 + (1% till 5%) · Kritchans 0-7% · Hållbarhet 103 · Block/runda 2 · Dual · Vikt 8 · Ench 1;115 Styrka, 170 Stickvapen (rek);+1% Perfekt träff, +20 Initiativstyrka;;;;;;;;;En kortare lans som är syftad att användas inte från hästrygg utan till fots. Den är mycket välkonstruerad och lätt med tanke på sin längd, och hela lansen pryds av dekorativa mönster. Kajsa vill inte riktigt berätta var hon har fått den ifrån, men det är uppenbart att den inte kommer från något land i närheten av Stenhem.
491;weapon;Tabarzin;Axe;26+;600;Skada 12-22 · Krit 23 + (0% till 0%) · Kritchans 0-7% · Hållbarhet 118 · Block/runda 2 · Dual · Vikt 9 · Ench 1;100 Styrka, 155 Yxor (rek);+2% Perfekt träff, +5% yxor, +5 Undvika anfall, +10 Inlärningsförmåga;Vapensmide 5;3 x Granträ, 2 x Ekträ, 1 x Stål, 3 x Alvsilver;;0;2700;;;;En kortare variant av den yxa som ofta används ridandes. Dess dubbla halvmåneformade blad och metalliska skaft gör den både lätt och hållbar. Ses vanligen bäras av både stridande gladiatorer, men också av religiösa pilgrimsvandrare.
183;shield;Svartstålsvägg;Shield;26+;790;Absorption 26 · Kritchans 0-1% · Hållbarhet 189 · Block/runda 2 · Vikt 23 · Ench 1;Kräver att du är av rasen ork, Kräver att du är av rasen troll, 360 Styrka, 40 Ledarskap, 75 Sköldar (rek);+9% Bashälsa, +10 Uthållighet;;;;;;;;;Smiden av skuggornas demoniska skepnader i den mörkaste och djupaste av hålår i ett av Jötunheimr’s berg i dunkla svartblå eldar. En jättelik gastkramande skepnad kastar en bäcksvart skugga som slukar ljus och hopp hos den som täcks av denna svarta mur av fasa. Som en ogenomtränglig metallisk och svartbländande fasad tornar den över dal och skog hos gladiatorn som lyckas lägga beslag på en denna mytomspunna mästervärk av kvalité som måste vara gudaskapt.
624;weapon;Väktarstav;Stave;26+;900;Skada 15-19 · Krit 20 + (10% till 10%) · Kritchans 0-12% · Hållbarhet 196 · Block/runda 2 · 2H · Vikt 8 · Ench 2;120 Styrka, 160 Stavar (rek);+10 stavar, +10 Initiativstyrka;;;;;;;;;En stav med fantastiska defensiva förmågor, dessvärre svagare gällande den offensiva potentialen.
875;weapon;Svartstålsbila;Axe;26+;500;Skada 12-23 · Krit 24 + (20% till 30%) · Kritchans 0-5% · Hållbarhet 135 · Block/runda 2 · Dual · Vikt 10 · Ench 1;Kräver att du är av rasen ork, Kräver att du är av rasen troll, Kräver att du är av rasen goblin, 155 Styrka, 140 Yxor (rek);+1% Perfekt träff, +5 Initiativstyrka;Vapensmide 5;1 x Sandhavsläder, 1 x Svart valnöt, 3 x Stål, 1 x Alvsilver;;0;2700;;;;
553;shield;Svart legionärssköld;Shield;26+;660;Absorption 37 · Kritchans 0-3% · Hållbarhet 85 · Block/runda 2 · Vikt 17 · Ench 1;Kräver att du är av rasen goblin, Kräver att du är av rasen ork, Kräver att du är av rasen troll, 295 Styrka, 90 Sköldar (rek);+10% Styrka, +10 Uthållighet, -10 Provokation;;;;;;;;;En svartblodskopia av de populära legionärssköldarna. Dessa sköldar såg användning under flertal krig mellan rödblod och svartblod.
598;weapon;Pansarbrytare;Sword;26+;900;Skada 28-30 · Krit 31 + (2% till 5%) · Kritchans 0-10% · Hållbarhet 145 · Block/runda 2 · 2H · Vikt 15 · Ench 2;140 Styrka, 150 Svärd (rek);+3% Perfekt träff, +10% svärd, +15 Initiativstyrka, +15% Undvika anfall;Vapensmide 5;4 x Ekträ, 3 x Stål, 4 x Alvsilver;;0;3150;;;;Pansarbrytaren är ett stort, tungt svärd som är tillverkat inte för att skära genom rustningar, utan snarare slå igenom dem med råstyrka. Eggen är inte särskilt vass men kan ändå åsamka grova skador med sin meterlånga klinga av massivt järn.
592;weapon;Palatsvaktens hillebard;Axe;26+;850;Skada 23-42 · Krit 43 + (10% till 10%) · Kritchans 0-8% · Hållbarhet 130 · Block/runda 2 · 2H · Vikt 22 · Ench 2;190 Styrka, 150 Yxor (rek);+1% Perfekt träff, +10% yxor, +15 Initiativstyrka, +10 Tur;;;;;;;;;De som vaktar det kejserliga palatset är inte vilka soldater som helst. Det är ett hedersuppdrag som bara anförtros åt dem som visat sig verkligt värdiga, och deras vapen och rustningar är av högsta kvalitet.Vissa av vakterna bär på hillebarder smidda av Brikk själv, och även om kejsaren inte uppskattar det tillverkar Brikk ibland replikor av dessa och säljer till gladiatorer. Det är dock inte billigt att köpa en så de är väldigt sällsynta, vilket kan vara en av anledningarna att kejsaren ser mellan fingrarna med det.
595;weapon;Lurenzhammare;Mace;26+;600;Skada 25-46 · Krit 47 + (1% till 5%) · Kritchans 0-7% · Hållbarhet 155 · Block/runda 2 · 2H · Vikt 30 · Ench 2;200 Styrka, 145 Hammare (rek);+10 hammare, +10 Initiativstyrka;;;;;;;;;Denna hammare bär samma namn som en gladiator som blev berömd för att använda just denna typ av vapen. Huvudet är tillverkat av massiv metall och väger lika mycket som en stor get, men är mycket hårdare och kan göra otroligt mycket mer skada om det träffar en i bröstet. Skaftet är nästan en och en halv meter långt och tillverkat av grov järnek.Lurenz var en människa, men det ryktades att han hade reseblod i ådrorna då han svingade detta kolossala vapen som om det var tillverkat av papper. De sargade kroppar han lämnade efter sig visade dock att så inte var fallet.
702;weapon;Åskhammare;Mace;26+;800;Skada 19-24 · Krit 25 + (10% till 10%) · Kritchans 0-1% · Hållbarhet 137 · Block/runda 2 · Dual · Vikt 16 · Ench 1;180 Styrka, 125 Hammare (rek);-;Vapensmide 5;3 x Ekträ, 3 x Svart valnöt, 3 x Järn, 1 x Alvsilver;;0;2200;;;;Åskhammaren har fått sitt namn efter den knall som uppstår när den med full kraft slår i motståndarens sköld. En av Brikks specialiteter.
874;weapon;Avrättningsegg;Axe;26+;750;Skada 10-27 · Krit 28 + (25% till 35%) · Kritchans 0-6% · Hållbarhet 124 · Block/runda 2 · Dual · Vikt 13 · Ench 1;160 Styrka, 150 Yxor (rek);+2% Perfekt träff, -5 Bashälsa, +2% Styrka;;;;;;;;;
567;weapon;Kusarigissel;Chain;26+;550;Skada 10-27 · Krit 28 + (25% till 55%) · Kritchans 0-8% · Hållbarhet 110 · Block/runda 2 · Vikt 12 · Ench 1;220 Styrka, 150 Kättingvapen (rek);+15 Disciplin, +15 Ledarskap;;;;;;;;;Kusarigisslet härstammar från ett land i fjärran östern. I sitt hemland har vapnet inget skaft, utan kedjan med tyngden i änden är allt. Det gör vapnet mycket svårare att använda, men också mycket mer flexibelt. Den som tog det till Stenhem valde därför att sätta ditt ett handtag, även om det egentligen betyder att vapnet är olikt sin namne. Hur som helst är det ett spektakulärt vapen som alltid drar till sig uppmärksamheten i arenan.
768;weapon;Vit stylitstav;Stave;26+;750;Skada 16-18 · Krit 19 + (10% till 10%) · Kritchans 0-8% · Hållbarhet 149 · Block/runda 2 · 2H · Vikt 9 · Ench 2;140 Styrka, 145 Stavar (rek);+1% Perfekt träff, +10 stavar, +10 Styrka;;;;;;;;;En otroligt lång och välbalanserad stridsstav, tillverkad helt i vitt trä. När den svingas i hög hastighet verkar den nästan skimra, och formen på dess huvud orsakar ett illavarslande vinande ljud. Den som träffas av sagda sving kommer troligen också ge ifrån sig ett illavarslande ljud, då det hårda träet kan orsaka chockerande skador.
459;weapon;Besudlad mörkerpik;Spear;26+;750;Skada 23-39 · Krit 40 + (1% till 20%) · Kritchans 0-9% · Hållbarhet 90 · Block/runda 2 · 2H · Vikt 19 · Ench 2;Kräver att du är av rasen goblin, Kräver att du är av rasen ork, Kräver att du är av rasen troll, 240 Styrka, 140 Stickvapen (rek);+2% Perfekt träff, +30 Initiativstyrka;Vapensmide 5;3 x Ekträ, 2 x Svart valnöt, 3 x Stål, 2 x Alvsilver;;0;2750;;;;Något fruktansvärt har hänt med detta långa spjut. Exakt vad vill inte Brikk berätta, men han vägrar sälja det till ett rödblod och frågar man varför mumlar han något om att han “inte hade velat se vad som skett då”.Då och då faller droppar av något svart och trögflytande från spetsen på piken, och fläckarna de lämnar efter sig går aldrig att tvätta bort. Man ryser när man tänker på vad som skulle ske med den som spetsas av detta besudlade vapen.
458;weapon;Makalöst alvspjut;Spear;26+;1000;Skada 28-34 · Krit 35 + (5% till 15%) · Kritchans 0-10% · Hållbarhet 105 · Block/runda 2 · 2H · Vikt 13 · Ench 2;Kräver att du är av rasen alv, Kräver att du är av rasen människa, Kräver att du är av rasen dvärg, 140 Styrka, 150 Stickvapen (rek);+2% Perfekt träff, +10 stickvapen, +10 Styrka, +35 Initiativstyrka;Vapensmide 5;4 x Ekträ, 3 x Svart valnöt, 2 x Alvsilver;;0;2850;;;;Brikk må vara en mästersmed, men han är inte den enda. Detta vapen är ett tvättäkta mästerverk, smitt av alvhänder för alvhänder. Varenda detalj, från de intrikata ristningarna i skaftet till den dekorerade spjutspetsen, är omsorgsfullt planerad och skapade med sann inspiration. Silverstålet i toppen glänser och gnistrar, och när det svingas sjunger vinden med en ton som för tankarna till en stor saknad. Kanske är det spjutet självt som längtar till skogarna det härstammar från?Detta spjut var en gåva till Brikk från en av de alviska högsmederna och han svor motvilligt på att aldrig låta det falla i ett svartblods händer.
451;weapon;Cain;Sword;26+;1000;Skada 27-32 · Krit 33 + (1% till 5%) · Kritchans 0-7% · Hållbarhet 175 · Block/runda 2 · 2H · Vikt 18 · Ench 2;180 Styrka, 140 Svärd (rek);+15% svärd, +10 Initiativstyrka, +15 Undvika anfall;;;;;;;;;Detta svärd sägs ha smitts i en svunnen tid med oheliga medel. Det kan klyva en häst på mitten och lämnar slagfält täckta i blod. Dess första bärare såg kraften det bar på, och döpte denna demoniska klinga efter mordets fader.
454;weapon;Gigantisk stridsyxa;Axe;26+;800;Skada 25-43 · Krit 44 + (11% till 11%) · Kritchans 0-9% · Hållbarhet 120 · Block/runda 2 · 2H · Vikt 27 · Ench 2;200 Styrka, 145 Yxor (rek);+3% Perfekt träff, +10 yxor, +10 Initiativstyrka;Vapensmide 5;2 x Granträ, 2 x Ekträ, 2 x Svart valnöt, 2 x Järn, 2 x Stål, 2 x Alvsilver;;0;2950;;;;Även i Ludus Magnus, den mest prestigefyllda gladiatorskolan i staden, finns det bara ett fåtal gladiatorer som någonsin haft styrkan att bära upp den Gigantiska Stridsyxan. De mytomspunna gladiatorer som faktiskt lyckas, belönas med titeln Ascia Giganteus. För den mest erfarne smeden tar det upp till sex månader att färdigställa detta monster till vapen. Mängden stål det tar för att för att skapa en Gigantisk Stridsyxa motsvarar hundra vanliga vedyxor och det krävs fem män för att forsla den från smedjan till handelsplatsen.Du som sneglar på denna best och drömmer om lyckan på arenan, tänk igen. Det här vapnet är troligtvis inte för dig.
414;weapon;Alvisk stridsspira;Stave;26+;500;Skada 13-24 · Krit 25 + (10% till 10%) · Kritchans 0-8% · Hållbarhet 153 · Block/runda 2 · 2H · Vikt 10 · Ench 2;130 Styrka, 150 Stavar (rek);+1% Perfekt träff, +5% stavar, +5% Initiativstyrka, +5% Undvika anfall;;;;;;;;;Även i alvers tideräkning anses det vara evigheter sedan stridsspiror tillverkats av eller för dessa nätta varelsers bruk.Huruvida detta är en av Brikks skapelser eller om det parti han innehar faktiskt är av alvisk härkomst vägrar smeden svara på. Hantverket är dock utmärkt och vackra symboler följer spirans skaft - som avslutas i två huvuden, något som gör skapelsen till ett ypperligt val för den som redan bemästrar stavens stridskonster.
623;weapon;Arachnaspira;Stave;26+;700;Skada 11-26 · Krit 27 + (10% till 10%) · Kritchans 0-8% · Hållbarhet 141 · Block/runda 2 · 2H · Vikt 13 · Ench 2;Kräver att du är av rasen ork, Kräver att du är av rasen troll, Kräver att du är av rasen goblin, 190 Styrka, 135 Stavar (rek);+1% Perfekt träff, +5% stavar, +5 Bashälsa, +10 Styrka, +5 Uthållighet;;;;;;;;;En stridsspira tillverkad av ädla händer, omhändertagen av svartblod och för evigt förändrad.
1038;shield;Bepansrad björnsköld;Shield;26+;600;Absorption 36 · Kritchans 0-2% · Hållbarhet 81 · Block/runda 2 · Vikt 16 · Ench 1;270 Styrka, 90 Sköldar (rek);+9% Styrka;;;;;;;;;
855;weapon;Goedendag;Mace;26+;900;Skada 19-21 · Krit 22 + (10% till 10%) · Kritchans 0-2% · Hållbarhet 165 · Block/runda 2 · Vikt 15 · Ench 1;200 Styrka, 135 Hammare (rek);+20 Tur, +40 Ledarskap;;;;;;;;;
1039;shield;Svartstålssköld;Shield;26+;580;Absorption 23 · Kritchans 0-1% · Hållbarhet 178 · Block/runda 2 · Vikt 21 · Ench 1;280 Styrka, 80 Sköldar (rek);+8% Bashälsa;;;;;;;;;
1042;shield;Kejserlig banérsköld;Shield;26+;1100;Absorption 35 · Kritchans 0-3% · Hållbarhet 130 · Block/runda 1 · Vikt 11 · Ench 1;180 Styrka, 105 Sköldar (rek);+10 sköldar, +30 Ledarskap;;;;;;;;;
1040;shield;Rostaggssköld;Shield;26+;570;Absorption 32 · Kritchans 0-7% · Hållbarhet 92 · Block/runda 2 · Vikt 8 · Ench 1;150 Styrka, 105 Sköldar (rek);+4% Perfekt träff, +12 Initiativstyrka;;;;;;;;;
160;weapon;Niosvansad katt;Chain;26+;800;Skada 19-47 · Krit 48 + (15% till 30%) · Kritchans 0-9% · Hållbarhet 100 · Block/runda 2 · 2H · Vikt 26 · Ench 2;200 Styrka, 140 Kättingvapen (rek);+2% Perfekt träff;Vapensmide 5;4 x Granträ, 2 x Ekträ, 1 x Svart valnöt, 2 x Stål, 3 x Alvsilver;;0;2950;;;;Den Niosvansade Katten är en piska som, innan den började brukas av gladiatorer, främst användes av mer illasinnade skeppskaptener för att bestraffa olydiga sjömän. Den består av ett rep som i ena änden delats upp i nio mindre snören som vart och ett slutar med en till tre knutar. Även ett enda rapp med en enda piskände kan skapa djupa sår på en sjöman, men spöstraff på upp till fyrtio rapp är inte ovanliga. Grymt nog är det inte ovanligt att piskan tillverkas av den som ska bli bestraffad och oftast används den bara en gång, då de blodiga ändarna annars skulle orsaka infektioner på näste person som ska bestraffas.Men i arenan tvättar sällan gladiatorerna sin piska, då en infektion bara är ett hot av många denna niohövdade best bär på!
455;weapon;Sankt Olovs dubbelyxa;Axe;26+;700;Skada 13-25 · Krit 26 + (20% till 30%) · Kritchans 0-7% · Hållbarhet 136 · Block/runda 2 · Dual · Vikt 12 · Ench 1;130 Styrka, 145 Yxor (rek);+2% Perfekt träff, +5 Styrka;;;;;;;;;"Olov började sitt liv som en helt vanlig man från en liten by på landet. Han halkade tidigt in på en karriär som bandit och blev ökänd för sin makalösa talang med yxan. Med tiden spreds hans rykte långt och brett som en av de främsta yxmästarna världen någonsin skådat, och antalet liv han skördade var oräkneligt högt. I folkmun började han i viskade toner kallas för ""Sankt"" Olov, ett sarkastiskt epitet med tanke på hans blodtörst.Med tiden dog Olov men hans rykte levde kvar i sagor och legender. Tidens dimmor gjorde vad de alltid gör och suddade så småningom ut detaljerna kring Olovs liv och leverne, och alla utom de mest insatta historikerna känner nu enbart Sankt Olov som en legendarisk krigare vars skicklighet inte mötts till denna dag.Denna yxa är utformad i samma stil som Olovs eget favoritvapen, och bär därför också hans namn."
1041;shield;Lilins beskyddare;Shield;26+;580;Absorption 34 · Kritchans 0-3% · Hållbarhet 120 · Block/runda 1 · Vikt 12 · Ench 1;175 Styrka, 100 Sköldar (rek);+12 sköldar;;;;;;;;;
456;weapon;Porlande älvdansare;Spear;26+;800;Skada 5-9 · Krit 10 + (1% till 5%) · Kritchans 0-4% · Hållbarhet 175 · Block/runda 2 · Dual · Vikt 2 · Ench 1;55 Styrka, 165 Stickvapen (rek);+2% Perfekt träff, +5 stickvapen, +10% Undvika anfall;;;;;;;;;Likt älvens klara vatten rör sig denna dolk med obruten styrka, en jämn och stadig ström som till slut nöter ned även den hårdaste sten.
940;weapon;Qilidagg;Chain;26+;525;Skada 8-18 · Krit 19 + (70% till 140%) · Kritchans 0-10% · Hållbarhet 76 · Block/runda 2 · Dual · Vikt 3 · Ench 1;100 Styrka, 165 Kättingvapen (rek);+2% Perfekt träff;;;;;;;;;
849;weapon;Gyllene rapir;Sword;26+;;Skada 14-20 · Krit 21 + (1% till 5%) · Kritchans 0-4% · Hållbarhet 154 · Block/runda 2 · Dual · Vikt 8 · Ench 1;105 Styrka, 135 Svärd (rek);+2% Perfekt träff;;;;;;;;;
1105;weapon;Molapila;Mace;26+;;Skada 16-22 · Krit 23 + (10% till 10%) · Kritchans 0-1% · Hållbarhet 141 · Block/runda 2 · Dual · Vikt 12 · Ench 1;115 Styrka, 115 Hammare (rek);-10 hammare, -10 Initiativstyrka;;;;;;;;;
593;weapon;Alvisk silveryxa;Axe;26+;600;Skada 15-21 · Krit 22 + (0% till 0%) · Kritchans 0-6% · Hållbarhet 125 · Block/runda 2 · Dual · Vikt 7 · Ench 1;Kräver att du är av rasen alv, 90 Styrka, 165 Yxor (rek);+2% Perfekt träff, +10 yxor, +8 Initiativstyrka, +8% Undvika anfall;Vapensmide 5;1 x Adamantium, 3 x Ekträ, 2 x Alvsilver;;0;2700;;;;Denna yxa är smidd av alviskt silver, och smederna som kan arbeta i detta sällsynta material är få. Just den här yxan har Kajsa Fjärdingsväg fått med sig från främmande länder, och det är ett utsökt hantverk. Dess fjäderlätta huvud och perfekt balanserade skaft gör att yxan nästan känns tyngdlös, och det är oklart om det beror på det eller om det finns någon inneboende magi i vapnet men dess bärare tycks bli än smidigare än de är i vanliga fall.
460;weapon;Österländsk stridshammare;Mace;26+;600;Skada 20-25 · Krit 26 + (10% till 10%) · Kritchans 0-1% · Hållbarhet 125 · Block/runda 2 · Dual · Vikt 23 · Ench 1;220 Styrka, 125 Hammare (rek);+3% Styrka;;;;;;;;;I de exotiska länderna i öst kan man skåda strider mellan särskilt tränade krigare som alla har sådana här hammare i sina händer. Den ceremoniella innebörden går förlorad på utomstående, men vapnet är kraftfullt och spektakulärt nog för att vara något av en publikfavorit i Stenhem.
854;weapon;Mindre rotvälta;Mace;26+;600;Skada 15-24 · Krit 25 + (10% till 10%) · Kritchans 0-1% · Hållbarhet 122 · Block/runda 2 · Dual · Vikt 16 · Ench 1;180 Styrka, 115 Hammare (rek);-;;;;;;;;;
853;weapon;Skymningsstjärna;Mace;26+;750;Skada 16-23 · Krit 24 + (10% till 10%) · Kritchans 0-3% · Hållbarhet 133 · Block/runda 2 · Dual · Vikt 12 · Ench 1;125 Styrka, 135 Hammare (rek);+1% Perfekt träff, +5 Styrka, +5 Uthållighet;;;;;;;;;
852;weapon;Dubbelhornad städslägga;Mace;26+;800;Skada 17-25 · Krit 26 + (10% till 10%) · Kritchans 0-2% · Hållbarhet 151 · Block/runda 2 · Dual · Vikt 16 · Ench 1;150 Styrka, 130 Hammare (rek);+5 Uthållighet, -5 Initiativstyrka, +10 Disciplin;Vapensmide 5;1 x Adamantium, 2 x Ekträ, 1 x Svart valnöt, 1 x Stål, 1 x Alvsilver;;0;2700;;;;
596;weapon;Mästersmedens hammare;Mace;26+;300;Skada 22-26 · Krit 27 + (10% till 10%) · Kritchans 0-1% · Hållbarhet 169 · Block/runda 2 · Dual · Vikt 26 · Ench 1;Kräver att du har bedriften Verkstadsmästare, 230 Styrka, 75 Uthållighet, 20 Disciplin, 140 Hammare (rek);-;Vapensmide 5;1 x Entträ, 2 x Svart valnöt, 3 x Stål;;0;4000;;;;De som visar sann talang i smidets ädla konst kan få lära sig vissa hemligheter av Brikk själv. Denna hammare är en väl bevarad hemlighet, och det är enbart ett fåtal utvalda som får lektioner av Brikk själv i hur man tillverkar en. Den är lika delar verktyg och vapen, en perfekt balans mellan strid och produktion. Det är inte varje dag man får se ett tvättäkta mästerverk, men det här är onekligen ett.
461;weapon;Skugghammare;Mace;26+;500;Skada 22-50 · Krit 51 + (1% till 5%) · Kritchans 0-7% · Hållbarhet 150 · Block/runda 2 · 2H · Vikt 37 · Ench 2;300 Styrka, 125 Hammare (rek);+4% Styrka;Vapensmide 5;2 x Ekträ, 2 x Svart valnöt, 3 x Stål, 2 x Alvsilver;;0;3050;;;;Sedan urminnes tider har obsidian på grund av sin tålighet och magnifika svarta nyans använts för att tillverka mindre vapen och pilspetsar. Att bergarten använts för att göra ett större vapen har aldrig tidigare skådats. Vapnet sträcker sig en bra bit över en meter från marken, och längs skaftet och upp till hammarhuvudet syns vackra runristningar. Endast ett fåtal gladiatorer kan nyttja den fulla potentialen i detta vackra men skräckinjagande vapen.
941;weapon;Ormkarbas;Chain;26+;480;Skada 11-18 · Krit 19 + (50% till 90%) · Kritchans 0-10% · Hållbarhet 80 · Block/runda 2 · Dual · Vikt 3 · Ench 1;80 Styrka, 160 Kättingvapen (rek);+2% Perfekt träff, +5% kättingvapen, +5% Undvika anfall;;;;;;;;;
167;weapon;Slavdrivaren;Chain;26+;500;Skada 12-20 · Krit 21 + (40% till 80%) · Kritchans 0-10% · Hållbarhet 80 · Block/runda 2 · Dual · Vikt 4 · Ench 1;135 Styrka, 145 Kättingvapen (rek);+3% Perfekt träff, +7 Uthållighet;;;;;;;;;Slavdrivaren är ett brutalt vapen som fått sitt namn eftersom det i många tidsåldrar använts för att piska och driva på slavar. Dess blodiga historia följer den in på arenans sand, och att se detta fruktade vapen i sin motståndares hand är det ingen som önskar.
1148;weapon;Saramgan;Mace;26+;700;Skada 20-23 · Krit 24 + (10% till 10%) · Kritchans 0-1% · Hållbarhet 141 · Block/runda 2 · Dual · Vikt 18 · Ench 1;185 Styrka, 115 Hammare (rek);-3 hammare, -3 Initiativstyrka;;;;;;;;;Saramgan är mer än bara en hammare – den är ett vandrande omen. Smidd i uråldrig berggrund och bunden med järn som aldrig kallnat, tjänar den sin mästare. Den vilar i händerna på sin rättmätige bärare som om den vore en förlängning av själva viljan.Varje slag ekar som åska över arenan, och publiken svär att de ser sanden vibrera flera hjärtslag efter att träffen landat. Inte för att den är otroligt tung, men vapnet tycks uppnå enorm svinghastighet när den forceras genom luften, även av de som normalt inte har en enastående teknik med yxor.
597;weapon;Gycklarens värja;Sword;26+;500;Skada 12-17 · Krit 18 + (1% till 5%) · Kritchans 0-2% · Hållbarhet 149 · Block/runda 2 · Dual · Vikt 9 · Ench 1;100 Styrka, 125 Svärd (rek);+2% Bashälsa, +12 Provokation;;;;;;;;;Vissa gladiatorer har höjt hånandet till en konstform. En av de mest berömda kallades enbart för Gycklaren, och han var en mästare på att reta, hetsa och provocera sina motståndare tills de helt tappade fattningen. Denna värja är en replika av hans favoritvapen, och gladiatorer som följer i hans fotspår kallas också för gycklare.Något med vapnet gör att blotta åsynen av det är retsamt.
1146;weapon;Skuggviskare;Spear;26+;600;Skada 5-10 · Krit 11 + (0% till 0%) · Kritchans 0-3% · Hållbarhet 171 · Block/runda 2 · Dual · Vikt 3 · Ench 1;65 Styrka, 155 Stickvapen (rek);+15 stickvapen, +5 Undvika anfall, +5% Undvika anfall, +5 Provokation;;;;;;;;;Skuggviskaren är ingen prålig dolk – tvärtom ser den nästan oansenlig ut. Men dess svarta klinga, tunn som en nattlig dimslöja, bär en kyla som aldrig lämnar den som rör vid stålet. Den används av dem som inte slåss för ära eller guld, utan för mörkrets egen räkning.Bladet är kort, men varje hugg tycks söka sig till hjärtat, varje snitt känns som ett löfte om död. Det sägs att dolken “viskar” till sin bärare, lockar med röster från andra sidan, och varje gång den dricker blod blir viskningarna starkare.Den som väl tar en skuggviskare i sin hand gör en tyst överenskommelse: inget ljus, ingen återvändo – bara döden som trogen följeslagare.
1036;shield;Völvans träsköld;Shield;26+;600;Absorption 34 · Kritchans 0-2% · Hållbarhet 103 · Block/runda 2 · Vikt 6 · Ench 1;120 Styrka, 135 Sköldar (rek);+10 sköldar, +5% Undvika anfall, +10 Undvika anfall;;;;;;;;;
566;weapon;Hedeyxa;Axe;26+;700;Skada 10-19 · Krit 20 + (20% till 30%) · Kritchans 0-5% · Hållbarhet 143 · Block/runda 2 · Dual · Vikt 11 · Ench 1;115 Styrka, 155 Yxor (rek);+5% yxor, +5 Styrka;;;;;;;;;Dessa yxor är populära i fjärran länder och tack vare dess lätta vikt används de flitigt av hedarnas nomader för att skydda sig med under långfärda resor. Utformningen av yxbladet med både en kraftig framsida, en spetsig topp och en sylvass baksida gör yxan ovanligt mångfunktionell. Den främre delen kan svingas med en förödande kraft och befria mottagaren av ett slag från både liv och lem. Önskar man försvara sig genom att elegant punktera skallbenet på en motståndare är baksidan av bladet ett rekommenderat redskap. Baksidan och toppen skapar tillsammans en yxa ovanligt väl utformad för att kunna parera och hantera även kraftigare slag från andra vapen. Yxans skaft är varsamt lindat i läder av hög kvalité för att ge dess användare ett så stadigt grepp om vapnet som möjligt. Det samtidigt som dess användare enkelt kan rotera yxan i handen efter önskat användningsområde.
569;weapon;Stort stridsstandar;Stave;26+;435;Skada 1 · Krit 2 + (10% till 10%) · Hållbarhet 50 · Block/runda 2 · Dual · Vikt 2 · Ench 1;-;+25 Undvika anfall, +60 Ledarskap;;;;;;;;;"Det här stridsstandaret är en stolt symbol för styrka och samhörighet bland gladiatorerna i Riket. Ursprungligen användes det som en signal om enighet på arenorna och som en påminnelse om att varje kämpe strider för mer än bara sin egen ära. Dekorerat med ett gammalt rikets sigill och vävt av sällsynta material, bär standaret en stark närvaro på slagfältet. Även om det inte kan användas i strid, lyfter det moralen och fyller hjärtan med hopp när det vajar i vinden. Kajsa fick tag på standaret under en av sina resor och säljer det nu som ett dekorativt föremål. Hon brukar säga: ""Det är kanske inte ett vapen, men det stärker modet som få andra föremål kan."" Ett perfekt val för gladiatorer som vill inge respekt och inspirera sina kombatanter."
707;weapon;Mästerligt gladiatornät;Chain;26+;475;Skada 5-8 · Krit 9 + (0% till 0%) · Kritchans 0-5% · Hållbarhet 92 · Block/runda 2 · Dual · Vikt 5 · Ench 1;90 Styrka, 155 Kättingvapen (rek);+1% Perfekt träff, +10 kättingvapen, +5 Uthållighet;Vapensmide 5;2 x Granträ, 2 x Ekträ, 1 x Svart valnöt, 2 x Järn, 2 x Stål, 2 x Alvsilver;;0;2300;;;;Ett nät där varje individuell repmaska är förstärkt med tunn ståltråd, för att göra det än svårare att kunna ta sig loss.
195;weapon;Svartblodsnät;Chain;26+;300;Skada 4-8 · Krit 9 + (0% till 0%) · Kritchans 0-3% · Hållbarhet 76 · Block/runda 2 · Dual · Vikt 6 · Ench 1;110 Styrka, 145 Kättingvapen (rek);+12 Styrka, +5 Uthållighet;Vapensmide 5;1 x Adamantium, 2 x Ekträ, 2 x Svart valnöt, 1 x Stål;;0;2700;;;;Ett nät vävt av gamla orkiska shamaner för att fånga in alver, människor och dvärgar till sina hedniska ritualer. Detta groteska vapen låter även den mest argsinta bärsärkare skydda sig mot en snabb fiende.
1149;weapon;Skvalleryxa;Axe;26+;800;Skada 12-24 · Krit 25 + (20% till 30%) · Kritchans 0-4% · Hållbarhet 121 · Block/runda 2 · Dual · Vikt 12 · Ench 1;135 Styrka, 150 Yxor (rek);-5 Uthållighet, +5 Initiativstyrka, +18 Provokation;;;;;;;;;"Det sägs att Skvalleryxan inte bara klöser kött, utan också rykte. Bladet är nött, fläckat och kantigt, och varje gång den svingas sprids historier snabbare än blodet. Ingen som bär den går fri från viskningar – för varför skulle en hederlig kämpe välja ett så skamfilat vapen, om inte för att dölja något?Yxans skaft är mörkt av både kåda och gammalt mjöd, och järnet ser ut att ha doppats i tjära, vittnande ett rostbrunt skimmer som aldrig försvinner. På arenan väcker den mer burop än jubel; publiken vet att den som tar i Skvalleryxan inte slåss rent, utan med baktankar, fula knep och en själ lika fläckad som stålet.För den som ändå vågar använda den väntar en märklig kraft: varje träff river inte bara kött utan också förtroende. Motståndaren blir tveksam, publiken osäker, och ryktena växer sig starkare. En yxa för den som lever lika mycket på rädslans makt som på sin egen styrka."
851;weapon;Yagatansvärd;Sword;26+;;Skada 15-21 · Krit 22 + (1% till 5%) · Kritchans 0-5% · Hållbarhet 160 · Block/runda 2 · Dual · Vikt 10 · Ench 1;105 Styrka, 160 Svärd (rek);+1% Perfekt träff;;;;;;;;;Yagatansvärd är en svärdtyp vanlig i österlandet som Maximilian Bellos släkt sägs kommit över i en mindre kvantitet som en gentjänst från en småfurste. Den ovanligt breda och snirkligt formade klingan ger intrycket av att vara tung men avsaknaden av en parerstång gör att svärdet trots allt är relativt lättviktigt. Med sin eleganta stil passar svärdet likaväl att användas i stridens hetta som ett ornament. Svärdets utformning ger det en ovanligt stor kraft i sina slag och är ett klokt vapenval för den som önskar att gå på offensiven. Det samtidigt som den breda klingan ger en påtaglig motståndskraft och möjlighet att parera inkommande slag. Vapnet rekommenderas dock inte till de mer nervösa krigarna eftersom avsaknaden av parerstång leder till att erfarna yagatanbärare ofta har ett ojämnt antal fingrar. Något som visserligen inte verkar röra dem i ryggen särskilt mycket.
850;weapon;Paramerionklinga;Sword;26+;;Skada 13-17 · Krit 18 + (1% till 5%) · Kritchans 0-3% · Hållbarhet 163 · Block/runda 2 · Dual · Vikt 9 · Ench 1;90 Styrka, 150 Svärd (rek);+10 svärd, +10 Bashälsa, +15 Ledarskap;;;;;;;;;Paramerionklingor liknar sablar i sin utformning med sin böjda spets. Dessa svärd, till skillnad från vanliga sablar, används dock primärt av väldekorerade krigare, adelsmän, gladiatorer som begått större bedrifter och andra som påvisat ett stort ledarskap.Klingan är väl utsmyckad med ett elegant vävt läder längs handtaget, en skimrande ädelsten och ett nästan glänsande egg. Genom att vara ett relativt lättviktigt svärd kan det både svingas för att effektivt parera slag och göra förödande skada på en motståndare.
848;weapon;Gyllene sabel;Sword;26+;600;Skada 13-19 · Krit 20 + (1% till 5%) · Kritchans 0-3% · Hållbarhet 166 · Block/runda 2 · Dual · Vikt 10 · Ench 1;85 Styrka, 140 Svärd (rek);+10 svärd, +10 Uthållighet;;;;;;;;;
452;weapon;Rashōmon;Sword;26+;600;Skada 16-17 · Krit 18 + (1% till 5%) · Kritchans 0-2% · Hållbarhet 169 · Block/runda 2 · Dual · Vikt 8 · Ench 1;Kräver att du är av rasen alv, Kräver att du är av rasen människa, Kräver att du är av rasen dvärg, 80 Styrka, 155 Svärd (rek);+1% Perfekt träff, +10 svärd, +10 Undvika anfall;Vapensmide 5;2 x Granträ, 2 x Ekträ, 1 x Järn, 1 x Stål, 3 x Alvsilver;;0;2900;;;;I de gamla och anrika länderna till öst är Rashōmon en unik teknik för att skydda sig själv mot inkommande attacker. Boldur Järnhand, en legendarisk mästersmed från svunna tider, sägs ha inspirerats av denna teknik för att skapa ett svärd med skyddande egenskaper. Rashōmon är utformat främst ur ett defensivt perspektiv men kan givetvis även åsamka skada på en motståndare i rätt händer.
679;armor;Skogshuva;Head;26+;;Block 5 · Vikt 2;100 Styrka;+2 Bashälsa, +1 Styrka, +2 Initiativstyrka, +1 Undvika anfall;Rustningssmide 7;1 x Trasig Skogshuva;;0;1000;;;;
657;jewelry;Svart virtuoskappa;Back;26+;200;Kritchans 0-2% · Vikt 1;-;+5 Styrka;;;;;;;;;
169;jewelry;Östländsk pärla;Neck;26+;700;-;-;+5 Inlärningsförmåga, +15 Ledarskap;Föremålssmide 5;2 x Granträ, 2 x Siden, 2 x Elementsav;;0;2600;;;;
658;jewelry;Nattens pärla;Neck;26+;230;-;-;+8 Styrka, +3 Uthållighet;;;;;;;;;
640;jewelry;Blå drakring;Finger;26+;300;-;-;+1% Perfekt träff, +4 yxor, +4 svärd, +4 hammare, +4 stavar, +4 sköldar, +4 stickvapen, +4 kättingvapen, +3 Bashälsa, +3 Styrka;Föremålssmide 5;1 x Drakklo, 1 x Drakben;1 x Lindormsring;0;1100;;;;Sällsynt material och oerhörd precision krävs för att tillverka en ring likt denna. Ringen sägs spegla attribut hos den drake vars delar använts vid tillverkningen.
641;jewelry;Gul drakring;Finger;26+;300;-;-;+1% Perfekt träff, +4 yxor, +4 svärd, +4 hammare, +4 stavar, +4 sköldar, +4 stickvapen, +4 kättingvapen, +3 Initiativstyrka, +2 Undvika anfall;Föremålssmide 5;1 x Drakklo, 1 x Drakben;1 x Röd drakring;0;1100;;;;Sällsynt material och oerhörd precision krävs för att tillverka en ring likt denna. Ringen sägs spegla attribut hos den drake vars delar använts vid tillverkningen.
768;jewelry;Bjärvöra;Trinket;26+;400;-;-;+10% Undvika anfall;;;;;;;;;
268;jewelry;Trasigt baner;Trinket;26+;90;-;Kräver att du är av rasen människa;+5 Bashälsa, +5 Styrka, +10 Ledarskap;;;;;;;;;Ett gammalt slitet baner från ett okänt slagfält. Håller speciell signifikans för människor.
269;jewelry;Goblinskt tandhalsband;Neck;26+;150;-;Kräver att du är av rasen goblin;+5 Bashälsa, +3 Styrka;;;;;;;;;Ett goblinskt halsband med tänder från fallna fiender.
270;jewelry;Orkisk mantel;Back;26+;330;Vikt 1;Kräver att du är av rasen ork;+10 Bashälsa, +5 Styrka, +5 Ledarskap;;;;;;;;;En svart mantel av orkiskt tyg, ofta burna av befälhavare.
687;jewelry;Marschtrumma;Neck;26+;;Vikt 2;-;+10 Uthållighet, +9 Initiativstyrka, +10 Ledarskap;Föremålssmide 2;1 x Minnesskärva;;0;1500;;;;En tung trumma att hänga runt halsen, manar på både den som bär trumman och de runt omkring att marschera taktfast, orka längre och attackera snabbare. Ryktet säger att denna trumman inspirerats av de trummor som för länge sedan ljudade där Stenhem låg och jättarna senast var på marsch!
571;jewelry;Mästarring;Finger;26+;40;-;-;+6 yxor, +6 svärd, +6 hammare, +6 stavar, +6 sköldar, +6 stickvapen, +6 kättingvapen, +6 Obeväpnat;;;;;;;;;Markerar en erfaren gladiator.
499;jewelry;Välbroderad lärdomsmantel;Back;26+;;Vikt 1;-;+15 Inlärningsförmåga;Föremålssmide 5;1 x Läder, 2 x Siden;;0;2500;;;;
1066;armor;Väktarens bröstplåt;Chest;26+;;Block 18 (15%) · Vikt 2;40 Provokation, 180 Styrka;+10 Bashälsa, +10 Provokation;;;;;;;;;
575;jewelry;Skymningsmantel;Back;26+;400;Kritchans 0-1% · Vikt 1;-;+1% Perfekt träff, +5 Styrka, +5 Uthållighet, +5 Initiativstyrka;;;;;;;;;En mantel mörk som natten och tillåter bäraren att helt slutas av mörkret. Ett utmärkt val för den som inte vill bli sedd under dygnets ljusskygga timmar.
432;armor;Svartsmidd plåthjälm;Head;26+;100;Block 14 (14%) · Vikt 3;-;+1 Bashälsa, +1 Styrka, +1 Uthållighet;Rustningssmide 5;3 x Järn, 1 x Alvsilver;;0;450;;;;En stark plåthjälm utan emblem eller märken. Perfekt för de utan ära att dölja sin identitet och skydda sig samtidigt med.
542;jewelry;Tand från Apellonisk Bjorc;Amulet;26+;2000;Kritchans 0-1%;-;+2% Perfekt träff, +4 Styrka, +2 Uthållighet, +4 Initiativstyrka, +4 Undvika anfall;;;;;;;;;En tand från en Apellonisk Bjorc är en eftertraktad symbol för makt, välstånd och framförallt, mod. Den som kommit besten nära nog att slita en tand från dess gap och samtidigt kommit undan med livet i behåll är värd all beundran.Ty gapet hos en Bjorc kan utan probelm göra brasved av en ekstock tjock som ett lår hos vilken människa som helst.Med sina hissnande tänder som barnjungfrurs inte sällan berättade skräckhistorier om för odygdiga barn som trotsats sina föräldrar är Bjorcen känd för att med ett kraftfullt bett snabbt göra slut på vem än som törs utmana den antika besten.
1093;jewelry;Tyrannens Nåde;Finger;26+;;Kritchans 0-2% · Träffchans +-2;-;+5% Styrka, +5% Initiativstyrka, +10 Provokation;;;;;;;;;
219;jewelry;Rungraverad amulett;Amulet;26+;375;-;Kräver att du är av rasen dvärg;+10 Bashälsa, +5 Initiativstyrka;;;;;;;;;En amulett med dvärgiska runor inristade. Enligt många dvärgar ger detta deras bärare ett magiskt skydd.
655;jewelry;Blodmånemantel;Back;26+;380;Kritchans 0-1% · Vikt 1;-;+1% Perfekt träff, +10 Bashälsa, +5 Uthållighet;;;;;;;;;Denna djupt röda mantel skapades under ljuset av den fruktade blodmånen, ett naturfenomen som för med sig outsäglig död och blodspillan. Magin i manteln är stark, men att drapera sig med den är högst osmakligt och rent av kränkande i mångas ögon.
291;jewelry;Generalens Sjal;Back;26+;;Vikt 1;35 Ledarskap;+5 Inlärningsförmåga, +20 Ledarskap;;;;;;;;;Man ser tydligt vem som bestämmer ute på slagfältet. Den som bär denna sjal står oftast bakom övriga i gruppen och använder sin röst för att styra striden till vinst. Sjalens lysande röda färg gör så att motståndaren vill dräpa den som bär denna sjal.
472;armor;Svartsmidda plåtskor;Feet;26+;100;Block 12 (12%) · Vikt 2;-;+1 Bashälsa, +1 Styrka, +1 Uthållighet;Rustningssmide 5;2 x Järn, 1 x Alvsilver;;0;300;;;;Ett par tunga svarta plåtskor. Ett bra val för gladiatorer utan ära som vill skydda sig och dölja sin identitet.
433;armor;Svartsmidda benskydd;Legs;26+;100;Block 14 (14%) · Vikt 3;-;+1 Bashälsa, +1 Styrka, +1 Uthållighet;Rustningssmide 5;3 x Päls, 1 x Siden;;0;450;;;;Ett par starka benskydd utan emblem eller märken. Perfekt för de utan ära att dölja sin identitet och skydda sig samtidigt med.
661;jewelry;Mästersmitt guldhalsband;Neck;26+;300;-;-;+7 Bashälsa, +7 Styrka, +3 Uthållighet;;;;;;;;;
471;armor;Svartsmidda plåthandskar;Hands;26+;;Block 12 (12%) · Vikt 2;-;+1 Bashälsa, +1 Styrka, +1 Uthållighet;Rustningssmide 5;2 x Päls, 1 x Siden;;0;300;;;;Ett par svarta plåthandskar utan sigil eller märken på. Ett bra val för glatiatorer utan ära som vill skydda sig och dölja sin identitet.
656;jewelry;Förbannelsens kaftan;Back;26+;350;Träffchans +8 · Vikt 1;-;+3 Styrka, -3 Uthållighet, +3 Initiativstyrka;;;;;;;;;
473;armor;Svartsmidd axelplåt;Shoulders;26+;100;Block 12 (12%) · Vikt 2;-;+1 Bashälsa, +1 Styrka, +1 Uthållighet;Rustningssmide 5;2 x Järn, 1 x Alvsilver;;0;300;;;;En svart axelplåt som skyddar mot slag mot vitala delar. Ett bra val för gladiatorer utan ära som vill skydda sig och dölja sin identitet
608;jewelry;Nadirhalsband;Neck;26+;220;-;-;+3 Bashälsa, +3 Uthållighet, +3 Initiativstyrka;;;;;;;;;En lägsta punkt kan också symbolisera en resa uppåt. Halsbandet består av ett enkelt läderband och ett smycke av en tyngre metall för att fungera som en påminnelse om att ingen kan sjunka lägre än botten.
663;jewelry;Fyrklöverbeprytt halsband;Neck;26+;220;Kritchans 0-2%;-;+20 Tur, +20 Ledarskap;;;;;;;;;
677;jewelry;Mörka Bojor;Bracelet;26+;;Kritchans 0-2%;-;+1% Perfekt träff, +5 Bashälsa, +5% Styrka, +10 Provokation;;;;;;;;;
668;jewelry;Gult gladiatorband;Bracelet;26+;90;-;-;+1% Perfekt träff, +15 Tur;;;;;;;;;Ett armband för att påminna dig om din hårda träning och vad du dragit för lärdomar under tidens gång.
431;armor;Svartsmidd bröstplåt;Chest;26+;100;Block 14 (14%) · Vikt 3;-;+1 Bashälsa, +1 Styrka, +1 Uthållighet;Rustningssmide 5;1 x Järn, 1 x Alvsilver, 2 x Päls;;0;450;;;;En stark bröstplåt utan emblem eller märken. Perfekt för de utan ära att dölja sin identitet och skydda sig samtidigt med.
916;jewelry;Palladiumsignet;Finger;26+;;-;-;+8 Bashälsa, +4 Styrka, +5 Initiativstyrka, +15 Ledarskap;Föremålssmide 6;10 x Palladium;1 x Arenans Signum;0;1000;;;;
914;jewelry;Palladiumbesmyckad stridsmantel;Back;26+;;Vikt 1;-;+5 Bashälsa, +5 Styrka, +5 Uthållighet, +5 Undvika anfall;Föremålssmide 6;10 x Palladium;1 x Röd Stridsmantel;0;1000;;;;
917;jewelry;Vinnarens Palladiumarmband;Bracelet;26+;;Kritchans 0-2%;-;+3% Perfekt träff, +3 Styrka, +2 Initiativstyrka;Föremålssmide 6;12 x Palladium;1 x Vinnarnas Cirkel;0;1200;;;;
749;armor;Besudlade skinnhandskar;Hands;26+;;Block 4 · Träffchans +2 · Vikt 1;80 Styrka;-;;;;;;;;;Här och där i världen berättas sagor om en fruktansvärd best som terroriserade hela regioner. Att säga bestens namn var att åkalla den, och därför förbjöds det. I och med detta har namnet gått förlorat i tidens dimma, och inte ens de kejserliga historikerna har någon gissning kring om besten verkligen har funnits eller om det bara är en saga som berättats för att skrämma barn.Med det sagt…vilken typ av varelse som fått lämna ifrån sig sin hud för tillverkningen av dessa handskar är svårt att säga. De är nästan svarta och har en grov och skrovlig yta, och handryggarna är täckta med ett tunt och fläckigt lager korta, mörka hår. Det kanske är bäst att inte fundera mer på deras ursprung, men magi har också varit inblandad i tillverkningen. Handskarna passar perfekt på vem som än tar dem på sig, och passformen i kombination med den grova texturen gör att bärarens vapen tycks ligga lite bättre i handen.
747;jewelry;Gycklarens amulett;Amulet;26+;;-;-;+4 Styrka, +4 Uthållighet, +4 Undvika anfall, +4 Inlärningsförmåga, +4 Provokation;;;;;;;;;Denna amulett är prydd av obscena och provocerande runor skrivna på alla kända språk, och några okända. Det är högst oklart vem som tillverkat den och i vilket syfte, för den är stötande för i princip alla som lägger ögonen på den. Runorna är inte bara kränkande utan ger också sin bärare en uppsjö av olika fördelar, kanske för att lättare kunna utstå den behandling som man sannolikt utsätts för om man har den på sig bland folk.Själva amuletten är av silver och ser ut att vara tillverkad av alver, men om en alvsmed frivilligt hade ristat in de smädelser som amuletten bär hade det förmodligen resulterat i exil.
871;armor;Härdad vulkanbrynjeharnesk;Chest;26+;;Block 16 · Vikt 2;Kräver att du är av rasen salamanth, Kräver att du är gammal eller uråldrig, 210 Styrka;+3% Bashälsa;Rustningssmide 6;1 x Vulkanaska;1 x Vulkanbrynjeharnesk;0;550;;;;
149;jewelry;Legendbane;Bracelet;26+;500;Kritchans 0-2%;Kräver att du har bedriften Legenddräpare;+5% Perfekt träff, +7 Styrka, +7 Undvika anfall;;;;;;;;;
671;jewelry;Vitt gladiatorband;Bracelet;26+;90;-;-;+1% Perfekt träff, +15 Disciplin;;;;;;;;;Ett armband för att påminna dig om din hårda träning och vad du dragit för lärdomar under tidens gång.
869;armor;Härdad vulkanbrynjehuva;Head;26+;;Block 16 · Vikt 2;Kräver att du är gammal eller uråldrig, Kräver att du är av rasen salamanth, 210 Styrka;+4% Undvika anfall;Rustningssmide 6;1 x Vulkanaska;1 x Vulkanbrynjehuva;0;550;;;;
890;armor;Whiwinskinnshuva;Head;26+;;Block 8 · Vikt 1;Kräver att du är vuxen, Kräver att du är av rasen salamanth, 160 Styrka;+2 Undvika anfall;Rustningssmide 6;1 x Vulkanaska;1 x Palmtygshuva;0;550;;;;
873;armor;Härdade vulkanbrynjebyxor;Legs;26+;;Block 16 · Vikt 2;Kräver att du är av rasen salamanth, Kräver att du är gammal eller uråldrig, 210 Styrka;+3% Bashälsa;Rustningssmide 6;1 x Vulkanaska;1 x Vulkanbrynjebyxor;0;550;;;;
872;armor;Härdade vulkanbrynjehandskar;Hands;26+;;Block 14 · Träffchans +1 · Vikt 1;Kräver att du är av rasen salamanth, Kräver att du är gammal eller uråldrig, 210 Styrka;+3% Initiativstyrka;Rustningssmide 6;1 x Vulkanaska;1 x Vulkanbrynjehandskar;0;300;;;;
576;jewelry;Gryningspendant;Neck;26+;400;-;-;+1% Perfekt träff, +6 Initiativstyrka, +6 Undvika anfall;;;;;;;;;En vacker sten av okänd härkomst i ett enkelt band. Dagljus får stenen att lysa starkt i regnbågens alla färger, nattetid är den dock helt matt och livlös.
870;armor;Härdade vulkanbrynjeaxlar;Shoulders;26+;;Block 14 · Vikt 1;Kräver att du är gammal eller uråldrig, Kräver att du är av rasen salamanth, 210 Styrka;+3% Initiativstyrka;Rustningssmide 6;1 x Vulkanaska;1 x Vulkanbrynjevaddar;0;300;;;;
874;armor;Härdade vulkanbrynjeskor;Feet;26+;;Block 14 · Vikt 1;Kräver att du är av rasen salamanth, Kräver att du är gammal eller uråldrig, 210 Styrka;+3% Undvika anfall;Rustningssmide 6;1 x Vulkanaska;1 x Vulkanbrynjeskor;0;300;;;;
879;armor;Vulkanbrynjeskor;Feet;26+;;Block 8;Kräver att du är medelålders, Kräver att du är av rasen salamanth, 230 Styrka;+3% Undvika anfall;Rustningssmide 6;1 x Vulkanaska;1 x Whiwinskinnsfötter;0;300;;;;
880;armor;Vulkanbrynjehandskar;Hands;26+;;Block 8 · Träffchans +1;Kräver att du är medelålders, Kräver att du är av rasen salamanth, 230 Styrka;+3% Initiativstyrka;Rustningssmide 6;1 x Vulkanaska;1 x Whiwinskinnshandskar;0;300;;;;
881;armor;Vulkanbrynjevaddar;Shoulders;26+;;Block 8;Kräver att du är av rasen salamanth, Kräver att du är medelålders, 230 Styrka;+3% Initiativstyrka;Rustningssmide 6;1 x Vulkanaska;1 x Whiwinskinnsvaddar;0;300;;;;
882;armor;Vulkanbrynjehuva;Head;26+;;Block 11 · Vikt 1;Kräver att du är medelålders, Kräver att du är av rasen salamanth, 230 Styrka;+4% Undvika anfall;Rustningssmide 6;1 x Vulkanaska;1 x Whiwinskinnshuva;0;550;;;;
883;armor;Vulkanbrynjeharnesk;Chest;26+;;Block 11 · Vikt 1;Kräver att du är medelålders, Kräver att du är av rasen salamanth, 230 Styrka;+3% Bashälsa;Rustningssmide 6;1 x Vulkanaska;1 x Whiwinskinnsharnesk;0;550;;;;
886;armor;Whiwinskinnshandskar;Hands;26+;;Block 6 · Träffchans +1;Kräver att du är vuxen, Kräver att du är av rasen salamanth, 160 Styrka;+3% Initiativstyrka;Rustningssmide 6;1 x Vulkanaska;1 x Palmtygshandskar;0;300;;;;
887;armor;Whiwinskinnsvaddar;Shoulders;26+;;Block 6;Kräver att du är vuxen, Kräver att du är av rasen salamanth, 160 Styrka;+3% Initiativstyrka;Rustningssmide 6;1 x Vulkanaska;1 x Palmtygsvaddar;0;300;;;;
767;armor;Mammuthud;Chest;26+;400;Block 7 · Vikt 2;100 Styrka;+4 Uthållighet;;;;;;;;;
884;armor;Vulkanbrynjebyxor;Legs;26+;;Block 11 · Vikt 1;Kräver att du är av rasen salamanth, Kräver att du är medelålders, 230 Styrka;+3% Bashälsa;Rustningssmide 6;1 x Vulkanaska;1 x Whiwinskinnsbyxor;0;550;;;;
888;armor;Whiwinskinnsharnesk;Chest;26+;;Block 8 · Vikt 1;Kräver att du är vuxen, Kräver att du är av rasen salamanth, 160 Styrka;+2 Bashälsa;Rustningssmide 6;1 x Vulkanaska;1 x Palmtygsharnesk;0;550;;;;
1126;jewelry;Gryningsamulett;Amulet;26+;;Kritchans 0-1%;Kräver att du är av rasen dvärg, Kräver att du är av rasen alv, Kräver att du är av rasen goblin, Kräver att du är av rasen ork, Kräver att du är av rasen människa, Kräver att du är av rasen troll;+2% Perfekt träff, +4 Bashälsa, +4 Undvika anfall;;;;;;;;;Gryningsamuletten bär nattens mörker och gryningens första ljus i ett och samma smycke. Den svarta stenen symboliserar styrka och uthållighet, medan de gyllene detaljerna fyller bäraren med hopp, mod och beslutsamhet. En amulett för den som vandrar mellan skugga och ljus och hämtar kraft ur båda.
606;jewelry;Zenitkåpa;Back;26+;220;Kritchans 0-1% · Vikt 1;-;+8 Bashälsa, +4 Initiativstyrka;;;;;;;;;En kåpa som klassiskt burits av predikanter i de religiösa rörelser som dyrkar solen. Familjen Bello har mottagit ett antal Zenitkåpor över åren som tacksamhetsgåvor.  Kåpas sägs har givit god hälsa och styrka till de som burit den under lång tid, om det är sant eller ej är oklart men denna sägen har sedermera gjort kåpan populär bland Stenhems mer erfarna gladiatorer. Manteln brodyr symboliserar solens högsta punkt och det ljus himlakroppen skänker jorden.
1128;jewelry;Frostamulett;Amulet;26+;;Kritchans 0-1%;Kräver att du är av rasen salamanth, Kräver att du är av rasen odöd, Kräver att du är av rasen dvärg, Kräver att du är av rasen alv, Kräver att du är av rasen människa;+2% Perfekt träff, +4 Initiativstyrka, +4 Undvika anfall;;;;;;;;;Frostamuletten är smidd i gyllene metall men omsluten av evig kyla. Rimfrost täcker dess yta och ett iskallt sken pulserar från dess kärna. Den sägs ge bäraren ett lugnt sinne och styrkan att stå orubblig även i de hårdaste striderna.
1127;jewelry;Midnattsamulett;Amulet;26+;;Kritchans 0-1%;Kräver att du är av rasen goblin, Kräver att du är av rasen ork, Kräver att du är av rasen troll, Kräver att du är av rasen salamanth, Kräver att du är av rasen odöd;+2% Perfekt träff, +4 Bashälsa, +4 Initiativstyrka;;;;;;;;;Midnattsamuletten är smidd av mörka stenar och bär bilden av en vaksam ödla, nattens tysta väktare. Den sägs skänka sin bärare skärpta sinnen och en kuslig förmåga att röra sig obemärkt genom skuggorna. När månen står som högst sägs amulettens kraft vara som starkast.
1038;jewelry;Grönt mumieband;Bracelet;26+;300;-;-;+5 Inlärningsförmåga, +15 Ledarskap, +5 Provokation;;;;;;;;;Ett magiskt band spunnet ur sandhems mörkaste hålor.
1037;jewelry;Rött mumieband;Bracelet;26+;300;-;-;+5 Undvika anfall, +15 Provokation;;;;;;;;;Ett magiskt band spunnet ur sandhems mörkaste hålor.
1036;jewelry;Blått mumieband;Bracelet;26+;300;-;-;+5 Styrka, +15 Ledarskap;;;;;;;;;Ett magiskt band spunnet ur sandhems mörkaste hålor.
1040;jewelry;Förruttnat finger;Amulet;26+;300;-;-;+6 Styrka, +6 Uthållighet, +6 Ledarskap;;;;;;;;;Ruttet, äckligt, vidrigt, men också lite magiskt.
1041;jewelry;Förruttnad skalle;Amulet;26+;300;-;-;+6 Bashälsa, +6 Uthållighet, +6 Ledarskap;;;;;;;;;Ruttet, äckligt, vidrigt, men också lite magiskt.
1042;jewelry;Förruttnad fallos;Amulet;26+;300;-;-;+6 Uthållighet, +6 Initiativstyrka, +6 Ledarskap;;;;;;;;;Ruttet, äckligt, vidrigt, men också lite magiskt.
915;jewelry;Palladiumstjärna;Trinket;26+;;-;-;+2% Perfekt träff, +5 Styrka, +5 Uthållighet, +4 Undvika anfall, +15 Tur;Föremålssmide 6;10 x Palladium;1 x Fallen stjärna;0;1100;;;;
845;jewelry;Medmänsklighetens amulett;Amulet;26+;500;-;-;+17 hammare, +17 kättingvapen;;;;;;;;;Amuletten är symbolen för medmänsklighetens dygd, ett tecken på försoning.
938;jewelry;Barbarring;Finger;26+;;-;-;+5% Styrka, +5 Provokation;;;;;;;;;En ring som gör dig provocerande stark.
1083;jewelry;Skogsvölvans Ring;Finger;26+;;Kritchans 0-1%;-;+1% Perfekt träff, +4 Bashälsa, +4 Styrka, +4 Uthållighet;;;;;;;;;En gammal, slingrande ring smidd av mörkgrönt brons, täckt av fina sprickor där ljusa mönster av silver lyser fram som tunna rottrådar. På ringens ovansida sitter en liten sten, matt och mjölkvit, som skimrar svagt i grönt när den träffas av ljus. Ytan känns ojämn, nästan levande, och bäraren upplever att ringen alltid är sval, som om den bär med sig skogens skugga.
1082;jewelry;Pälsklädda armskenor;Bracelet;26+;;-;-;+3 Styrka, +3 Initiativstyrka, +3 Undvika anfall;;;;;;;;;Armskenor av härdat läder med uråldriga runor ingraverade på utsidan. Insidan är fodrad av päls från den tusenåriga Bjorcen.
1088;jewelry;Kanelbullesemla;Trinket;26+;;-;-;+12 Bashälsa, -20 Disciplin;;;;;;;;;Mums, den ser verkligen god ut!
1079;jewelry;Väpnararmband;Bracelet;26+;;-;-;+10 yxor, +10 svärd, +10 hammare, +10 stavar, +10 stickvapen, +10 kättingvapen;;;;;;;;;
1081;jewelry;Väktarring;Finger;26+;;-;-;+10 yxor, +10 svärd, +10 hammare, +10 stavar, +10 sköldar, +10 stickvapen, +10 kättingvapen, +10 Bashälsa;;;;;;;;;
1056;armor;Välsignad sommarhatt;Head;26+;;Block 3;-;+1 Initiativstyrka, +2 Undvika anfall;;;;;;;;;"En tunn och till synes obetydlig huvudbonad, ofta buren av vandrare från de södra slätterna. Den väger nästan ingenting och erbjuder inget skydd mot varken svärd eller sol – och ändå väljer vissa krigare att bära den in i strid.Det sägs att hatten bär spår av gammal magi: en närvaro som skingrar oro, kyler sinnet och stillar tankar som annars flammar upp före blodspillan. Vissa påstår att bäraren, om så bara för en stund, kan minnas somrar de aldrig levt – och finna ro i det.""De som bär den säger inget. Men de hör vinden tala."""
1090;jewelry;Bronsbeklädd Inklinors halsband;Neck;26-45;;-;-;-10% yxor, -10% svärd, +10% stavar, -10% stickvapen, +10 Bashälsa, -10 Styrka, +10 Uthållighet, +10% Initiativstyrka, +10% Undvika anfall;;;;;;;;;När Inklinor återfick sin kraft genom armbandet trodde många att hans saga nått sitt slut. Men ur arenans sand steg ännu en legend — berättelsen om Inklinors halsband, smitt i tystnadens kammare och välsignat av de som minns.Halsbandet sägs ha skapats av resterna av Inklinors egna kedjor - de som en gång bundit honom till skam och förlust. Men istället för att låta dem symbolisera fångenskap, smälte smederna ner länkarna och formade dem till ett nytt tecken på frihet.I dess mitt fästes ett stycke mörkt, slipat brons med ett ristad sigill - en förvrängd version av Inklinors förlorade signatur. Den representerade hans inre kamp: den eviga striden mellan röst och tystnad, mellan ära och skam.De som bär halsbandet sägs få rösten tillbaka – kraften att tala med arenans tyngd bakom sina ord. Inga lögner biter, ingen tystnad kväver. Halsbandet för tanken på ära, röst och själ samman i ett enda andetag.Men priset är högt. Ty varje gång en lögn yttras av dess bärare, bleknar metallen, tills endast aska återstår.
659;jewelry;Adelskappa;Back;26+;230;Vikt 1;-;+6 Bashälsa, +6 Styrka, +4 Uthållighet, +10 Ledarskap;;;;;;;;;Adelskappan är ett klassiskt plagg som i olika varanter ofta förekommer på finare tillställningar bland de övre skikten runt om i landet. Manteln har fler lager vackert och nästan skimrande tyg än vad som tycks krävas för att hålla värmen, även på den kallare delen av året. Detta har istället funktionen att ge ett nästna hypnotiserande svall när dess adliga bärare rör sig. De finare varianterna av dem, såsom de Bello säljer, är ett tydligt tecken på status, letadarskap och heroiskt mod.
1205;armor;Förstärkta Pärlvaranhandskar;Hands;26+;;Block 4;-;+1 Bashälsa, +1 Initiativstyrka;;;;;;;;;Vackra handskar av välarbetat läder från en dräpt pärlvaran.
1206;armor;Förstärkta Axelskydd av pärlvaran;Shoulders;26+;;Block 3;-;+2 Bashälsa, +1 Initiativstyrka, +1 Undvika anfall;;;;;;;;;Ett vackert axelskydd av välarbetat läder från en dräpt pärlvaran.
1209;armor;Stormästarsmidd Onkhvävsjacka;Chest;26+;100;Block 4 · Vikt 1;80 Styrka;+2 Bashälsa, +2 Uthållighet;;;;;;;;;En mer välarbetad onkhväv av bättre kvalité, både till ursprung och hantverk.
1210;armor;Stormästarsmidda Onkhvävsskor;Feet;26+;100;Block 3;80 Styrka;+2 Bashälsa, +2 Styrka;;;;;;;;;En mer välarbetad onkhväv av bättre kvalité, både till ursprung och hantverk.
12;consumable;Ormolja;;26+;225;Varaktighet 90 · Cooldown 0 sekunder;-;+10% Bashälsa;Alkemi 5;1 x Blodpint, 1 x Elementsav, 1 x Flytande guld;;0;1100;;;;Botar allt
92;consumable;Stor Svart Tinktur;;26+;;Cooldown 0 sekunder;-;+40 Provokation;;;;;;;;;
98;consumable;Majestätisk Olja;;26+;;Cooldown 0 sekunder;-;+40 Ledarskap;;;;;;;;;
101;consumable;Fokus på Flaska;;26+;;Cooldown 0 sekunder;-;+10 yxor, +10 svärd, +10 hammare, +10 stavar, +10 sköldar, +10 stickvapen, +10 kättingvapen, +10 Obeväpnat;;;;;;;;;
88;consumable;Adrenalin på flaska;;26+;;Cooldown 0 sekunder;-;+15 Uthållighet;;;;;;;;;
96;consumable;Majestätiska Droppar;;26+;;Cooldown 0 sekunder;-;+60 Ledarskap;;;;;;;;;
241;consumable;Seeitadgift;;26+;300;Cooldown 3 veckor 4 dagar;-;-;;;;;;;;;Ett mycket potent gift, som, om man är stark nog att överleva effekten av, kan belönas rikligt av att förtära.
30;consumable;Grön drakessens;;26+;800;Varaktighet 90 · Cooldown 0 sekunder;-;+10 Bashälsa, +10 Styrka, +10 Uthållighet, +10 Initiativstyrka, +10 Undvika anfall;Alkemi 7;2 x Drakben;;0;1200;;;;Essensen av en grön drake utvunnen av en extraordinär alkemist.
229;consumable;Föråldrad ormolja;;26+;225;Varaktighet 90 · Cooldown 0 sekunder;-;+5% Bashälsa;;;;;;;;;"En dammig flaska fylld med en mörk, oljig vätska som lovar mer än den kan hålla. Etiketten är bleknad, och bäst före-datumet är passerat med råge. Lukten är misstänkt skarp, och dess forna ""mirakulösa"" egenskaper är numera lika tveksamma som dess innehåll."
82;consumable;Högalvisk botedryck;;26+;600;Varaktighet 90 · Cooldown 0 sekunder;-;+35 Bashälsa, +5 Uthållighet;Alkemi 4;1 x Minnesskärva;;0;1000;;;;Alvernas läkekonst är en av få hemligheter de ännu inte delat med sig av med Stenhems övriga invånare. De som väl skådat de förflutna har dock genom flertalet försök lyckats imitera Melronnas brygder från förr.
201;consumable;Castitasdryck;;26-45;;Varaktighet 720 · Cooldown 0 sekunder;-;+8% Bashälsa;;;;;;;;;Drycken är ett tecken på kyskhetens dygd, ett tecken på försoning.
216;consumable;Flytande palladium;;26-45;;Varaktighet 90 · Cooldown 0 sekunder;-;+20 yxor, +20 svärd, +20 hammare, +20 stavar, +20 sköldar, +20 stickvapen, +20 kättingvapen, +20 Styrka, +20 Initiativstyrka;Alkemi 6;10 x Palladium;;0;1350;;;;Durin har lyckats smälta palladium och blandat ut det till en drickbar mixtur. Precis som att palladium ger ytterligare effekt i kombination med befintliga föremål, tycks denna mixtur ge både styrka och initiativ till den som dricker den.
90;enchant;Kasuyu;;26+;1;-;-;-;;;;;;;;;
89;enchant;Fustibalus;;26+;1;-;-;-5% Undvika anfall, -10 vapenfärdigheten yxor, -10 vapenfärdigheten kättingvapen, -10 vapenfärdigheten hammare, -10 vapenfärdigheten stickvapen, -10 vapenfärdigheten stavar, -10 vapenfärdigheten svärd;;;;;;;;;
91;enchant;Ryttarbåge;;26+;1;-;-;+4% Undvika anfall, +2% Bashälsa;;;;;;;;;
92;enchant;Chakram;;26+;1;-;-;-7 Initiativstyrka, -3% Styrka;;;;;;;;;
112;enchant;Ryttarnas lyckobringare;;26+;400;-;-;+3% Perfekt träff, +9 Initiativstyrka;;;;;;;;;
135;enchant;Slangbella;;26+;1;-;-;+4% Bashälsa, +6% Undvika anfall;;;;;;;;;
144;enchant;Främmande hast;;26+;350;-;-;+20% Initiativstyrka, -10 Undvika anfall;;;;;;;;;Dessa besvärjelser bär på kraft från platser långt bortom Stenhems murar. De är sällsynta, dyrbara och kan endast fästas vid tvåhandsvapen. Ursprung, innebörd och effekt varierar – men alla bär spår av fjärran världar och uråldrig kamp.
141;enchant;Fjärran styrka;;26+;350;-;-;+5% Styrka, -2% Bashälsa;;;;;;;;;Dessa besvärjelser bär på kraft från platser långt bortom Stenhems murar. De är sällsynta, dyrbara och kan endast fästas vid tvåhandsvapen. Ursprung, innebörd och effekt varierar – men alla bär spår av fjärran världar och uråldrig kamp.
132;enchant;Visslande palladiumdolk;;26+;1;-;-;+10 vapenfärdigheten yxor, +10 vapenfärdigheten svärd, +10 vapenfärdigheten hammare, +10 vapenfärdigheten stavar, +10 vapenfärdigheten sköldar, +10 vapenfärdigheten stickvapen, +10 vapenfärdigheten kättingvapen;Vapensmide 6;10 x Palladium;1 x Enkel dolk;0;1150;;;;
134;enchant;Palladiumlegerad harpun;;26+;1;-;-;-3% Bashälsa, +3% Styrka, +10 Provokation;Vapensmide 6;10 x Palladium;1 x Glav;0;1150;;;;
145;enchant;Främmande flöde;;26+;350;-;-;+8% Undvika anfall, -5 Styrka;;;;;;;;;Dessa besvärjelser bär på kraft från platser långt bortom Stenhems murar. De är sällsynta, dyrbara och kan endast fästas vid tvåhandsvapen. Ursprung, innebörd och effekt varierar – men alla bär spår av fjärran världar och uråldrig kamp.
148;enchant;Fjärran lättnad;;26+;350;-;-;-5 Initiativstyrka;;;;;;;;;Dessa besvärjelser bär på kraft från platser långt bortom Stenhems murar. De är sällsynta, dyrbara och kan endast fästas vid tvåhandsvapen. Ursprung, innebörd och effekt varierar – men alla bär spår av fjärran världar och uråldrig kamp.
150;enchant;Vandrad skärpa;;26+;350;-;-;+2% Perfekt träff;;;;;;;;;Dessa besvärjelser bär på kraft från platser långt bortom Stenhems murar. De är sällsynta, dyrbara och kan endast fästas vid tvåhandsvapen. Ursprung, innebörd och effekt varierar – men alla bär spår av fjärran världar och uråldrig kamp.
151;enchant;Fjärran slagkraft;;26+;350;-;-;-;;;;;;;;;Dessa besvärjelser bär på kraft från platser långt bortom Stenhems murar. De är sällsynta, dyrbara och kan endast fästas vid tvåhandsvapen. Ursprung, innebörd och effekt varierar – men alla bär spår av fjärran världar och uråldrig kamp.
159;enchant;Vandrad dom;;26+;350;-;-;-;;;;;;;;;Dessa besvärjelser bär på kraft från platser långt bortom Stenhems murar. De är sällsynta, dyrbara och kan endast fästas vid tvåhandsvapen. Ursprung, innebörd och effekt varierar – men alla bär spår av fjärran världar och uråldrig kamp.
153;enchant;Vandrad blodskraft;;26+;350;-;-;+8 Uthållighet, +8 Bashälsa, +8 Styrka;;;;;;;;;Dessa besvärjelser bär på kraft från platser långt bortom Stenhems murar. De är sällsynta, dyrbara och kan endast fästas vid tvåhandsvapen. Ursprung, innebörd och effekt varierar – men alla bär spår av fjärran världar och uråldrig kamp.
168;enchant;Kastspjut;;26+;1;-;-;-;;;;;;;;;Kastspjutet är smalt och elegant, med ett skaft av ljust askträ som skimrar svagt i silversken. Spetsen är smidd i blek metall, nästan som månsten, tunn och spetsig men ändå stark. Längs skaftet löper tunna inläggningar av silver i mönster som liknar vindens virvlar. När man håller i spjutet känns det märkligt lätt, nästan som om det själv vill sväva ur handen.
230;consumable;Drakolja;;30-34;;Varaktighet 30 · Cooldown 0 sekunder;-;-10 yxor, -10 svärd, -10 hammare, -10 stavar, -10 stickvapen, -10 kättingvapen, +12% Bashälsa, -10 Uthållighet;Alkemi 6;1 x Drakben, 1 x Blodpint;;0;500;;;;
234;consumable;Cyklopstyrka;;30-34;;Varaktighet 30 · Cooldown 0 sekunder;-;+2% Perfekt träff, -5 yxor, -5 svärd, -5 hammare, -5 stavar, -5 stickvapen, -5 kättingvapen, -10 Bashälsa, +10% Styrka, -10 Uthållighet, -10 Undvika anfall;Alkemi 6;1 x Cyklopöga, 1 x Läder;;0;500;;;;
231;consumable;Grumlig Drakessens;;30-34;;Varaktighet 30 · Cooldown 0 sekunder;-;+5% Bashälsa, +5% Styrka, +5% Uthållighet, -10 Initiativstyrka, -10 Undvika anfall;Alkemi 6;1 x Draktand, 1 x Blodpint;;0;500;;;;
1120;armor;Drakprinsens handskar;Hands;34+;100;Block 8 · Vikt -2;140 Styrka;-;Rustningssmide 7;1 x Drakprinsens fjäll;1 x Drakskinnshandskar;0;400;;;;Drakprinsens fjäll är hårda som sten men lättare än luften själv.
738;shield;Kaptensdefensiv;Shield;35+;1340;Absorption 28 · Kritchans 0-2% · Hållbarhet 230 · Block/runda 2 · Vikt 20 · Ench 1;320 Styrka, 100 Sköldar (rek);+9% Bashälsa, +40 Ledarskap;;;;;;;;;
880;weapon;Runbesmyckad stridsyxa;Axe;35+;1005;Skada 17-23 · Krit 24 + (25% till 35%) · Kritchans 0-9% · Hållbarhet 138 · Block/runda 2 · Dual · Vikt 12 · Ench 1;150 Styrka, 180 Yxor (rek);+3% Perfekt träff, +10% yxor, +5 Uthållighet;Vapensmide 7;1 x Adamantium, 2 x Svart valnöt, 3 x Stål, 1 x Fjärdingsträ;;0;3500;;;;
464;weapon;Trishula;Spear;35+;1050;Skada 16-22 · Krit 23 + (1% till 5%) · Kritchans 0-7% · Hållbarhet 112 · Block/runda 2 · Dual · Vikt 7 · Ench 1;120 Styrka, 175 Stickvapen (rek);+2% Perfekt träff, +15 stickvapen, +15 Initiativstyrka;;;;;;;;;Trishulan är en treudd där varje spets är utformad som ett spjuthuvud. Den är inte lång som ett sedvanligt spjut utan utformad för att användas med en hand. Skaftet är snidat av en av de hårdaste kända träsorterna, och varje individuell spets är slipad till perfektion.Belga i Hälsans Sal förespråkade en tid ett totalt förbud för dessa vapen då skadorna de orsakade tog så mycket tid och resurser att bota, men hon röstades högljutt ner av folkmassorna som uppskattar en riktig uppvisning.
898;weapon;Bergvaktens sponton;Spear;35+;1050;Skada 20-22 · Krit 23 + (1% till 5%) · Kritchans 0-6% · Hållbarhet 129 · Block/runda 2 · Dual · Vikt 8 · Ench 1;Kräver att du är av rasen dvärg, 155 Styrka, 170 Stickvapen (rek);+2% Perfekt träff, +10% stickvapen, +5 Undvika anfall;Vapensmide 7;1 x Entträ, 1 x Svart valnöt, 3 x Stål, 1 x Alvsilver, 1 x Fjärdingsträ;;0;3500;;;;Bergvakten har sedan länge varit erkända även utanför dvärgarna kungadöme som en formidabel stridsstyrka. Deras mest unika aspekt utöver deras stridsskicklighet har alltid varit deras vapenval. Utöver den sedvanliga hammaren eller yxan bär alltid en medlem ur Bergvakten en sponton. Vapnet som snarare ses som ett ceremoniellt vapen utan stridskapabilitet bland övriga raser används med oerhörd skicklighet av dvärgarna i Bergvakten. Dess betydligt kortare längd jämfört med en pik lämpar sig mycket väl för en varelse av kortare längd.
693;weapon;Skarprättarbila;Axe;35+;1800;Skada 17-58 · Krit 59 + (10% till 10%) · Kritchans 0-7% · Hållbarhet 118 · Block/runda 2 · 2H · Vikt 30 · Ench 2;200 Styrka, 185 Yxor (rek);-;;;;;;;;;En mycket stor och tung yxa som importeras från fjärran kontinent av Brikk. I sitt ursprungsland sägs denna yxa fortfarande användas vid avrättningar.
770;weapon;Uråldrig eremitstav;Stave;35+;1050;Skada 15-18 · Krit 19 + (10% till 10%) · Kritchans 0-8% · Hållbarhet 167 · Block/runda 2 · 2H · Vikt 11 · Ench 2;165 Styrka, 165 Stavar (rek);+2% Perfekt träff, +10% stavar, +15 Styrka;;;;;;;;;Bara de skickligaste stavmästarna kan nyttja detta vapen till sin fulla potential. Att se en sann mästare graciöst och nästan dansant förinta sitt motstånd med hjälp av en sådan är dock en fröjd för ögat.
1103;weapon;Alvernas heliga spjut;Spear;35+;1150;Skada 21-22 · Krit 23 + (1% till 5%) · Kritchans 0-9% · Hållbarhet 123 · Block/runda 2 · Dual · Vikt 6 · Ench 1;115 Styrka, 170 Stickvapen (rek);+30 Initiativstyrka, +5 Provokation;;;;;;;;;Alvernas heliga spjut är en legendarisk artefakt, djupt rotad i alvernas urgamla traditioner. Det sägs vara smitt av månljus och silver, välsignat av skogens andar och burit av de äldsta krigarna i tider av nöd. Spjutet symboliserar både skydd och visdom, och endast den värdige – en som visar mod, ödmjukhet och kärlek till naturen – kan lyfta det utan att förlora sin själ. Enligt sägnen vilar det djupt i det evigt gröna hjärtat av alvriket, väntandes på sin nästa väktare.
721;weapon;Svärtad valnötsstav;Stave;35+;1190;Skada 11-30 · Krit 31 + (10% till 10%) · Kritchans 0-10% · Hållbarhet 159 · Block/runda 2 · 2H · Vikt 16 · Ench 2;300 Styrka, 150 Stavar (rek);+10 stavar, +10 Styrka;;;;;;;;;Hela denna stav är snidad av en enorm gren från ett svart valnötsträd. Hantverket involverat är ypperligt, men staven utstrålar en illavarslande energi. Det är oklart om Derbur har gjort något med staven eller om den redan var såhär när han lade vantarna på den, och frågar man honom om saken får man bara ett snett leende till svar.
896;weapon;Virtuosens paradspets;Spear;35+;1000;Skada 10-27 · Krit 28 + (1% till 5%) · Kritchans 0-15% · Hållbarhet 99 · Block/runda 2 · Dual · Vikt 5 · Ench 1;105 Styrka, 200 Stickvapen (rek);+1% Perfekt träff, +10 Initiativstyrka, +10 Undvika anfall;Vapensmide 7;1 x Pegasusfjäder, 2 x Ekträ, 1 x Svart valnöt, 1 x Stål, 1 x Alvsilver, 1 x Virtuosessens;;0;3500;;;;Ett exceptionellt konstverk snarare än ett praktiskt vapen vars främst användningsområde varit uppvisning av en smeds skicklighet. Av ren hybris och fåfänga använder ett fåtal gladiatorer även på vapnet i strid. Dess kapacitet är ifrågasatt, men skickligheten som krävs för att svinga det kraftfullt utsmyckande vapnet kan ingen förneka. De må vara mer otympligt än ett traditionellt spjut, men fascinationen hos publiken när en skicklig gladiator svingar spjutet uppväger eventuella nackdelar för den fåfänge stridskämpen. Trots sin status som fåfängt konstverk kan det åsamka ohyggliga skador vid en direkt träff, och för den skicklige sker det oftare än vad dess motstånd förväntar sig.
877;weapon;Tvåeggad dolklie;Axe;35+;1150;Skada 16-23 · Krit 24 + (0% till 0%) · Kritchans 0-7% · Hållbarhet 133 · Block/runda 2 · Dual · Vikt 9 · Ench 1;130 Styrka, 170 Yxor (rek);+3% Perfekt träff, +8% yxor, +4% Undvika anfall, +5 Undvika anfall;;;;;;;;;
494;weapon;Bardiche;Axe;35+;1050;Skada 14-24 · Krit 25 + (0% till 0%) · Kritchans 0-9% · Hållbarhet 126 · Block/runda 2 · Dual · Vikt 8 · Ench 1;115 Styrka, 175 Yxor (rek);+2% Perfekt träff, +6% yxor, +6% Undvika anfall, +6 Undvika anfall;;;;;;;;;En bardiche är en typ av klyvyxa på ett långt skaft som ger extra styrka när man svingar den. Det i kombination med den rakbladsvassa eggen gör att bardichen kan orsaka hemska skador, och det har hänt mer än en gång att gladiatorer fått lämna arenan utan en (eller flera) av sina lemmar då de mött en skicklig användare.
737;shield;Alvisk väktarsköld;Shield;35+;1250;Absorption 37 · Kritchans 0-1% · Hållbarhet 131 · Block/runda 2 · Vikt 3 · Ench 1;Kräver att du är av rasen alv, 130 Styrka, 180 Sköldar (rek);+55% Undvika anfall;Vapensmide 7;1 x Pegasusfjäder, 2 x Ekträ, 3 x Alvsilver, 1 x Fjärdingsstål;;0;3500;;;;
845;weapon;Emaljerad hjaltklinga;Sword;35+;950;Skada 14-22 · Krit 23 + (1% till 5%) · Kritchans 0-3% · Hållbarhet 210 · Block/runda 2 · Dual · Vikt 10 · Ench 1;105 Styrka, 190 Svärd (rek);+25 Bashälsa;Vapensmide 7;1 x Adamantium, 3 x Ekträ, 1 x Svart valnöt, 1 x Alvsilver, 1 x Fjärdingsstål;;0;3500;;;;
844;weapon;Avogsklinga;Sword;35+;990;Skada 15-18 · Krit 19 + (1% till 5%) · Kritchans 0-1% · Hållbarhet 195 · Block/runda 2 · Dual · Vikt 12 · Ench 1;130 Styrka, 155 Svärd (rek);+7% Bashälsa, +15 Uthållighet;;;;;;;;;
842;weapon;Honnörssabel;Sword;35+;1060;Skada 16-21 · Krit 22 + (1% till 5%) · Kritchans 0-3% · Hållbarhet 196 · Block/runda 2 · Dual · Vikt 10 · Ench 1;110 Styrka, 155 Svärd (rek);+5% svärd, +3% Bashälsa;;;;;;;;;
448;weapon;Änterbila;Axe;35+;1200;Skada 15-27 · Krit 28 + (20% till 30%) · Kritchans 0-8% · Hållbarhet 152 · Block/runda 2 · Dual · Vikt 12 · Ench 1;175 Styrka, 160 Yxor (rek);+3% Perfekt träff;;;;;;;;;Änterbilan är en yxa vars egg är bred och platt på ovansidan, och på motsatta sidan av huvudet sitter en lång vass spik. De användes förr främst av pirater och annat sjöfolk, som när de skulle borda - eller äntra - ett fiendeskepp slog in bilans spik i skeppets sida och på så sätt kunde använda de som fotsteg för att klättra ombord.Numera används yxan även flitigt av gladiatorer, men det är då mer sannolikt att spiken äntrar fiendens kranium än sidan på ett skepp.
712;weapon;Stridskamcha;Chain;35+;1120;Skada 13-28 · Krit 29 + (20% till 50%) · Kritchans 0-5% · Hållbarhet 103 · Block/runda 2 · Vikt 12 · Ench 1;280 Styrka, 150 Kättingvapen (rek);+15 Disciplin;;;;;;;;;Detta ohyggliga vapen användes till en början – tro det eller ej – som hästpiska. Det är åtminstone vad Derbur tycker om att säga. Han lägger till att det antingen måste ha resulterat i ett stort antal avlidna hästar eller att dåtidens hästar visste hur man tog emot stryk. Därefter brukar han börja fnissa så mycket att han får svårt att fortsätta konversationen. Antingen är han vansinnig eller så vet han en hemlighet som gör hans uttalanden mycket humoristiska. Eller båda.
876;weapon;Lochaberyxa;Axe;35+;1100;Skada 15-23 · Krit 24 + (20% till 30%) · Kritchans 0-6% · Hållbarhet 150 · Block/runda 2 · Dual · Vikt 11 · Ench 1;130 Styrka, 165 Yxor (rek);+2% Perfekt träff, +5 yxor, +5 Uthållighet, +10 Initiativstyrka;;;;;;;;;
603;shield;Trästam;Shield;35+;;Absorption 38 · Hållbarhet 119 · Block/runda 2 · Vikt 35 · Ench 1;230 Styrka, 130 Sköldar (rek);-;;;;;;;;;
560;shield;Förgylld draksköld;Shield;35+;1340;Absorption 37 · Kritchans 0-14% · Hållbarhet 115 · Block/runda 2 · Vikt 8 · Ench 1;190 Styrka, 130 Sköldar (rek);+8% Perfekt träff, -10 Provokation;Vapensmide 7;4 x Drakben, 1 x Draköga, 1 x Virtuosessens;;0;3500;;;;En utsmyckad sköld smidd utav fjällen från fallna drakar.
1077;weapon;Svärtat Bett;Spear;35+;1050;Skada 16-22 · Krit 23 + (1% till 5%) · Kritchans 0-7% · Hållbarhet 112 · Block/runda 2 · Dual · Vikt 7 · Ench 1;175 Stickvapen (rek);+2% Perfekt träff;;;;;;;;;
769;weapon;Bepansrad drakspira;Stave;35+;1100;Skada 13-17 · Krit 18 + (10% till 10%) · Kritchans 0-9% · Hållbarhet 158 · Block/runda 2 · 2H · Vikt 16 · Ench 2;210 Styrka, 165 Stavar (rek);+3% Perfekt träff, +15 Styrka, +10 Undvika anfall;Vapensmide 7;1 x Drakben, 1 x Draköga, 1 x Östländskt drakstoft;;0;4350;;;;Drakspiran är ett häpnadsväckande mästerverk där smide och konstnärlighet sammanstrålat för att tillverka ett fascinerande vapen. En drakorm av metall slingrar sig runt hela spirans skaft och upp till huvudet, som pryds av en enorm ädelsten. Spiran kan åsamka gruvliga skador och ädelstenen bär också på en mystisk besvärjelse som lockar fram bärarens inneboende styrka.
528;weapon;Förädlad drakdräpare;Spear;35+;;Skada 32-44 · Krit 45 + (10% till 20%) · Kritchans 0-11% · Hållbarhet 110 · Block/runda 2 · 2H · Vikt 17 · Ench 2;200 Styrka, 170 Stickvapen (rek);+3% Perfekt träff, +10 stickvapen, +40 Initiativstyrka;Vapensmide 7;2 x Drakben, 1 x Draköga, 2 x Ekträ, 1 x Östländskt drakstoft;;0;4500;;;;Alla spjut som använts för att fälla en drake omnämns sedan oavsett tidigare namn för Drakdräpare. Detta vapen är inte bara skapat från ett spjut som fällt flertalet drakar utan också av material från flertalet drakar.
527;weapon;Draak;Axe;35+;;Skada 25-50 · Krit 51 + (12% till 12%) · Kritchans 0-10% · Hållbarhet 130 · Block/runda 2 · 2H · Vikt 26 · Ench 2;240 Styrka, 165 Yxor (rek);+4% Perfekt träff, +15 yxor, +15 Initiativstyrka;Vapensmide 7;1 x Draktand, 1 x Drakben, 1 x Draköga, 2 x Ekträ, 1 x Östländskt drakstoft;;0;4500;;;;En enorm yxa som beklätts med drakklor längs med skaftet och draktänder bepryder eggen för åsamka maximal skada.
996;weapon;Förstärkt Sanddolk;Spear;35+;1410;Skada 17-19 · Krit 20 + (1% till 5%) · Kritchans 0-5% · Hållbarhet 169 · Block/runda 2 · Dual · Vikt 1 · Ench 1;Kräver att du är av rasen goblin, 115 Styrka, 175 Stickvapen (rek);+1% Perfekt träff, +5% Styrka, +10 Undvika anfall, +15 Tur;;;;;;;;;Sanddolken är ett smalt och dödligt vapen, perfekt anpassat för snabb och diskret strid i ökenmiljöer. Bladet är långt och tunt, gjort av ett sandfärgat stål som nästan smälter in med omgivningen. Ytan är matt och reflekterar inte ljus, vilket gör dolken idealisk för smidiga gladiatorer som rör sig mycket i striden. Handtaget är lindat med mjukt läder för att ge ett säkert grepp även i den hetaste sol. I dolkens hjärta finns en kammare fylld med fin ökensand, vilket enligt sägnen ger vapnet en magisk styrka. När Sanddolken används i strid, sägs det att den släpper ifrån sig en liten mängd av denna sand, som förblindar och förvirrar fiender som börjar fumla, vilket ger bäraren ett avgörande övertag.Denna förstärkta dolk har anpassats till gladiator Boblin av Brikk efter hans imponerande uppvisning i Köpmannakampen säsong XXIV
526;weapon;Caliburnus;Sword;35+;;Skada 30-40 · Krit 41 + (1% till 5%) · Kritchans 0-8% · Hållbarhet 210 · Block/runda 2 · 2H · Vikt 17 · Ench 2;200 Styrka, 155 Svärd (rek);+15% svärd, +15 Initiativstyrka, +20 Undvika anfall;Vapensmide 7;1 x Adamantium, 1 x Svart valnöt, 1 x Fjärdingsstål;;0;4900;;;;Svärdet Brikk aldrig tillverkat, kunskapen att tillverka har han dock besuttit i flera år.Nu har han spridit kunskapen till ett fåtal gladiatorer som visat sig kunniga inom vapensmidet.Vågar du tillverka, eller för den delen strida, med ett vapen inte ens Brikk haft modet att tillverka?
465;weapon;Uråldrig ekstav;Stave;35+;1125;Skada 16-26 · Krit 27 + (10% till 10%) · Kritchans 0-9% · Hållbarhet 171 · Block/runda 2 · 2H · Vikt 12 · Ench 2;180 Styrka, 175 Stavar (rek);+1% Perfekt träff, +7% stavar, +7% Initiativstyrka, +7% Undvika anfall;;;;;;;;;Ekar blir starkare ju äldre de blir, och träet i denna stav kommer från en ek som är nästan lika gammal som Beren. Att arbeta med så kraftfullt trä är inte lätt, och Brikk är en av få som behärskar konsten. Resultatet är en storslagen stav som inger respekt i alla som ser den.
997;weapon;Förtrollad Titansnäckshammare;Mace;35+;1020;Skada 22-29 · Krit 30 + (10% till 10%) · Kritchans 0-1% · Hållbarhet 152 · Block/runda 2 · Dual · Vikt 24 · Ench 1;385 Styrka, 140 Hammare (rek);-5 hammare, +5% Styrka, -5 Initiativstyrka;;;;;;;;;Det är få som äger den enorma styrka som krävs för att effektivt svinga denna hammare. Den får sitt namn från en av de historier Brikk gärna berättar under en av de sällsynta kvällar då han tar sig ett par stop för många och håller hov på Blå Muren.Enligt berättelsen stötte Brikk under en av sina många resor på vad han döpte till en titansnäcka - en enorm varelse, säkert tre meter hög och tre gånger det i längd. Även om den var fruktansvärd var det ändå en snäcka och därför rörde den sig långsamt och Brikk hade inga problem att i sakta mak promenera ifrån den. Snäckan gav sig dock inte utan fortsatte ihärdigt jaga Brikk, och efter ett par timmar började han tycka den var ganska irriterande då han var hungrig och ville göra upp en brasa för att ordna sig lite mat.Som tur var fick han syn på en vänlig jätte och ropade glatt på hjälp. Jätten kom fram och undrade vad som stod på, och Brikk förklarade sitt predikament. Jätten lyssnade noga, sedan gick han fram till titansnäckan och drog fram en vackert smidd hammare med vilken han enkelt dödade den genom att slå ett stort hål i skalet på den. Sedan åt de lunch tillsammans och Brikk bad om att få ta en titt på jättens hammare, varpå han omedelbart började planera hur han skulle kunna tillverka ett liknande vapen hemma i Stenhem.Det är en underhållande historia, men vem vet om det är sant.Denna förtrollade hammare har anpassats till gladiator Nekrokosmos av Lirak efter hans imponerande uppvisning i Köpmannakampen säsong XXIV
629;weapon;Stridsbaculus;Stave;35+;1400;Skada 13-29 · Krit 30 + (10% till 10%) · Kritchans 0-9% · Hållbarhet 167 · Block/runda 2 · 2H · Vikt 14 · Ench 2;200 Styrka, 160 Stavar (rek);+10 stavar, +5 Bashälsa, +15 Initiativstyrka;;;;;;;;;En vacker statussymbol omstöpt för att användas av de absolut skickligaste i strid!
695;weapon;Heroisk bragdklinga;Sword;35+;1400;Skada 17-18 · Krit 19 + (1% till 5%) · Kritchans 0-5% · Hållbarhet 186 · Block/runda 2 · Dual · Vikt 8 · Ench 1;100 Styrka, 160 Svärd (rek);+2% Perfekt träff, +5 svärd, +7 Uthållighet, +20 Ledarskap;;;;;;;;;Ett svärd för en ledare. Ett svärd för en hjälte. Ett svärd för dig?
859;weapon;Helgjuten järnslägga;Mace;35+;800;Skada 20-24 · Krit 25 + (10% till 10%) · Kritchans 0-1% · Hållbarhet 201 · Block/runda 2 · Dual · Vikt 31 · Ench 1;205 Styrka, 145 Hammare (rek);-;;;;;;;;;
562;weapon;Drakbensstav;Stave;35+;;Skada 6-7 · Krit 8 + (10% till 10%) · Kritchans 0-7% · Hållbarhet 163 · Block/runda 2 · 2H · Vikt 12 · Ench 1;140 Styrka, 180 Stavar (rek);+10% stavar, +5% Bashälsa, +15 Initiativstyrka;Vapensmide 7;1 x Draktand, 4 x Drakben, 1 x Östländskt drakstoft;;0;4450;;;;Tillverkad av ryggraden från en drake har den här staven ett ganska skräckinjagande utseende. Drakben är extremt hårda och tåliga, och den här staven är inget undantag. Lite av drakarnas inneboende magi sitter även kvar i staven, vilket ger bäraren en smak av drakens livskraft och reaktionsförmåga. Ett formidabelt vapen!
698;weapon;Durendal;Sword;35+;1900;Skada 32-36 · Krit 37 + (1% till 5%) · Kritchans 0-7% · Hållbarhet 242 · Block/runda 2 · 2H · Vikt 16 · Ench 2;230 Styrka, 160 Svärd (rek);+20% svärd, +10% Bashälsa, +15 Uthållighet, +30 Ledarskap;;;;;;;;;Ett svärd tillverkat med inspiration från sin namne, det mest hållbara svärdet i mannaminne.
813;weapon;Vinteryxa;Axe;35+;1050;Skada 16-24 · Krit 25 + (25% till 35%) · Kritchans 0-9% · Hållbarhet 134 · Block/runda 2 · Dual · Vikt 13 · Ench 1;185 Styrka, 165 Yxor (rek);+4% Perfekt träff;;;;;;;;;Vinteryxan har enligt sägnerna sänkts till den djupaste delen av havets botten, under vinterns kallaste natt, och härdats av de krafter som finns där långt ned i djupet. Om detta stämmer eller inte kan ingen säga med säkerhet, men att vapnet är någonting utöver det vanliga märker även novisen.
846;weapon;Undergångsklinga;Sword;35+;1000;Skada 12-24 · Krit 25 + (1% till 5%) · Kritchans 0-3% · Hållbarhet 178 · Block/runda 2 · Dual · Vikt 12 · Ench 1;Kräver att du är av rasen goblin, Kräver att du är av rasen ork, Kräver att du är av rasen troll, 170 Styrka, 145 Svärd (rek);+5 Styrka, +5 Initiativstyrka, +10 Ledarskap;Vapensmide 7;1 x Entträ, 2 x Svart valnöt, 3 x Stål, 1 x Fjärdingsstål;;0;3500;;;;
694;weapon;Svartfrost;Sword;35+;1100;Skada 15-23 · Krit 24 + (5% till 10%) · Kritchans 0-5% · Hållbarhet 180 · Block/runda 2 · Dual · Vikt 11 · Ench 1;140 Styrka, 150 Svärd (rek);+5% svärd;;;;;;;;;Brikk's mästerskapelse Grimfrost har i Derbur's händer fått ett nytt häpnadsväckande utseende. Endast de mindre beryktade gladiatorerna torde våga bära klingan, mörkare än natten.
989;weapon;Själastick;Spear;35+;1400;Skada 13-24 · Krit 25 + (1% till 5%) · Kritchans 0-7% · Hållbarhet 131 · Block/runda 2 · Dual · Vikt 4 · Ench 1;Kräver att du är av rasen alv, 115 Styrka, 185 Stickvapen (rek);+1% Perfekt träff, +10 stickvapen, +20% Initiativstyrka, +15 Undvika anfall;;;;;;;;;"Själastick är ett smalt, elegant spjut med ett silvergrått skaft som känns kallt vid beröring. Spetsen är smal och vass som en syl, tillverkad av diamant och dekorerad med små inristningar som avbildar skogsväsens själar. Själastick har en mörk historia; det sägs ha blivit smitt av en nekromantiker som ville fånga och binda själar till sitt eget syfte. Varje gång spjutet genomborrade en fiende, stjäl det en del av deras själ och överför en del av deras styrka till bäraren. Skogsalverna har sedan dess renat magin till ljus sådan, men styrkan och kraften från forntidens minne lever till en viss grad kvar i spjutets essens."
879;weapon;Carnivora;Axe;35+;1020;Skada 14-28 · Krit 29 + (25% till 45%) · Kritchans 0-8% · Hållbarhet 141 · Block/runda 2 · Dual · Vikt 14 · Ench 1;180 Styrka, 160 Yxor (rek);+1% Perfekt träff, -2% Bashälsa, +15 Styrka;;;;;;;;;
857;weapon;Runbesmyckad stridshammare;Mace;35+;950;Skada 19-26 · Krit 27 + (20% till 20%) · Kritchans 0-3% · Hållbarhet 168 · Block/runda 2 · Dual · Vikt 15 · Ench 1;190 Styrka, 160 Hammare (rek);+1% Perfekt träff, +5 hammare, +5 Uthållighet;Vapensmide 7;1 x Adamantium, 1 x Ekträ, 2 x Stål, 2 x Alvsilver, 1 x Fjärdingsträ;;0;3500;;;;
856;weapon;Virtuosens hammare;Mace;35+;1000;Skada 11-30 · Krit 31 + (10% till 10%) · Kritchans 0-7% · Hållbarhet 150 · Block/runda 2 · Dual · Vikt 12 · Ench 1;195 Styrka, 170 Hammare (rek);-;Vapensmide 7;1 x Adamantium, 3 x Ekträ, 2 x Alvsilver, 1 x Virtuosessens;;0;3500;;;;
720;weapon;Stormförintare;Mace;35+;1380;Skada 21-27 · Krit 28 + (10% till 10%) · Kritchans 0-1% · Hållbarhet 163 · Block/runda 2 · Dual · Vikt 17 · Ench 1;200 Styrka, 140 Hammare (rek);-;;;;;;;;;Ett mytomspunnet vapen som bland orkerna sägs ha använts av den forne bärsärkarhjälten Ungba. I området där Ungbas by låg härjade en gång en våldsam storm. De brutala vindarna förstörde många av husen i byn, och Ungba som svurit att försvara sitt folk blev mer och mer förbannad över att inte kunna stoppa förödelsen. För att försvara byn hade han bedrivit banditer, oskadliggjort onkher, och till och med dräpt drakar. Och nu var det lite blåst som skulle göra att han inte kunde hålla sitt löfte? Inte om Ungba fick bestämma!Tanken gjorde honom mer och mer rasande, och till sist var han så vansinnigt arg att han sprang ut i stormen och med ett öronbedövande vrål slungade sin hammare mot himlen. Genast började stormen bedarra, och inom kort var den helt över. Ungbas folk hyllade honom som “den enda orken med sämre humör än en naturkatastrof” och förevigade hans namn i sina myter. Hammaren hittades aldrig igen.Är det Ungbas förlorade vapen du nu håller i din hand? Kanske. Det tycks ibland som att skaftet surrar med elektricitet…kan det vara resterna av stormen som Ungba förintade?
559;shield;Urskogsstam;Shield;35+;1290;Absorption 24 · Kritchans 0-1% · Hållbarhet 255 · Block/runda 2 · Vikt 26 · Ench 1;Kräver att du är av rasen troll, 405 Styrka, 85 Sköldar (rek);+15% Bashälsa;Vapensmide 7;50 x Ekträ;;0;4000;;;;Enbart ett troll skulle vara simpelt nog att komma på tanken att använda en hel trädstam som sköld, och passande nog är det enbart ett troll som skulle vara starkt nog att lyfta denna massiva stam. De äldsta av de uråldriga träden är närapå omöjliga att hugga ner, och erbjuder därför också fantastiska defensiva förmågor.
1043;shield;Laminerad rostaggssköld;Shield;35+;1200;Absorption 36 · Kritchans 0-8% · Hållbarhet 118 · Block/runda 2 · Vikt 8 · Ench 1;195 Styrka, 120 Sköldar (rek);+4% Perfekt träff, +15 Initiativstyrka;;;;;;;;;
1044;shield;Bepansrad runsköld;Shield;35+;1180;Absorption 44 · Kritchans 0-2% · Hållbarhet 140 · Block/runda 2 · Vikt 16 · Ench 1;230 Styrka, 140 Sköldar (rek);-;;;;;;;;;
1046;shield;Träsktrollets svartsköld;Shield;35+;1160;Absorption 27 · Kritchans 0-1% · Hållbarhet 228 · Block/runda 2 · Vikt 22 · Ench 1;350 Styrka, 105 Sköldar (rek);+10% Bashälsa;;;;;;;;;
1049;shield;Svartbjörnsköld;Shield;35+;1200;Absorption 41 · Kritchans 0-2% · Hållbarhet 104 · Block/runda 2 · Vikt 17 · Ench 1;335 Styrka, 105 Sköldar (rek);+10% Styrka;;;;;;;;;
1048;shield;Dunslöjans försvar;Shield;35+;1260;Absorption 37 · Kritchans 0-6% · Hållbarhet 169 · Block/runda 1 · Vikt 11 · Ench 1;205 Styrka, 120 Sköldar (rek);+5% sköldar, +5% Styrka, +5% Undvika anfall, -15 Provokation;;;;;;;;;
858;weapon;Större rotvälta;Mace;35+;925;Skada 17-27 · Krit 28 + (10% till 10%) · Kritchans 0-1% · Hållbarhet 135 · Block/runda 2 · Dual · Vikt 17 · Ench 1;200 Styrka, 125 Hammare (rek);-;;;;;;;;;En helt enorm rotvälta av en bastant ek har omvandlats till ohyggligt vapen endast en gladiator utan finess eller känsla för estetik kan använda. Dess enkla ursprung hindrar det inte från att vara ett ohyggligt vapen som kan åsamka allvarliga skador på de mest kunniga av stridskämpar.
947;weapon;Virtuosens paradkarbas;Chain;35+;1000;Skada 7-24 · Krit 25 + (60% till 110%) · Kritchans 0-16% · Hållbarhet 78 · Block/runda 2 · Dual · Vikt 2 · Ench 1;110 Styrka, 200 Kättingvapen (rek);+1% Perfekt träff, +7% kättingvapen;Vapensmide 7;1 x Pegasusfjäder, 3 x Ekträ, 2 x Siden, 1 x Virtuosessens;;0;3500;;;;
944;weapon;Paegrem;Chain;35+;1090;Skada 12-21 · Krit 22 + (50% till 90%) · Kritchans 0-10% · Hållbarhet 85 · Block/runda 2 · Dual · Vikt 3 · Ench 1;125 Styrka, 170 Kättingvapen (rek);+3% Perfekt träff, +7% kättingvapen;;;;;;;;;
716;weapon;Marodörspjut;Spear;35+;1200;Skada 13-27 · Krit 28 + (1% till 5%) · Kritchans 0-5% · Hållbarhet 110 · Block/runda 2 · Dual · Vikt 8 · Ench 1;130 Styrka, 165 Stickvapen (rek);+1% Perfekt träff, +15 stickvapen, +5% Initiativstyrka;;;;;;;;;Detta skräckinjagande vapen är draperat i hudar som ser oroväckande människolika ut. Derbur insisterar på att det inte är människohud men vill å andra sidan heller inte berätta vad det skulle vara istället.Spjutspetsen är makalöst vass och det grova men ändå välbalanserade skaftet gör att vapnet kan svingas med omatchad precision.
449;weapon;Titansnäckshammare;Mace;35+;1020;Skada 22-29 · Krit 30 + (10% till 10%) · Kritchans 0-1% · Hållbarhet 152 · Block/runda 2 · Dual · Vikt 24 · Ench 1;385 Styrka, 140 Hammare (rek);-5 hammare, +5% Styrka, -5 Initiativstyrka;;;;;;;;;Det är få som äger den enorma styrka som krävs för att effektivt svinga denna hammare. Den får sitt namn från en av de historier Brikk gärna berättar under en av de sällsynta kvällar då han tar sig ett par stop för många och håller hov på Blå Muren.Enligt berättelsen stötte Brikk under en av sina många resor på vad han döpte till en titansnäcka - en enorm varelse, säkert tre meter hög och tre gånger det i längd. Även om den var fruktansvärd var det ändå en snäcka och därför rörde den sig långsamt och Brikk hade inga problem att i sakta mak promenera ifrån den. Snäckan gav sig dock inte utan fortsatte ihärdigt jaga Brikk, och efter ett par timmar började han tycka den var ganska irriterande då han var hungrig och ville göra upp en brasa för att ordna sig lite mat.Som tur var fick han syn på en vänlig jätte och ropade glatt på hjälp. Jätten kom fram och undrade vad som stod på, och Brikk förklarade sitt predikament. Jätten lyssnade noga, sedan gick han fram till titansnäckan och drog fram en vackert smidd hammare med vilken han enkelt dödade den genom att slå ett stort hål i skalet på den. Sedan åt de lunch tillsammans och Brikk bad om att få ta en titt på jättens hammare, varpå han omedelbart började planera hur han skulle kunna tillverka ett liknande vapen hemma i Stenhem.Det är en underhållande historia, men vem vet om det är sant.
713;weapon;Serfslaktare;Chain;35+;1300;Skada 9-19 · Krit 20 + (120% till 190%) · Kritchans 0-10% · Hållbarhet 83 · Block/runda 2 · Dual · Vikt 4 · Ench 1;125 Styrka, 180 Kättingvapen (rek);+3% Perfekt träff, +5 kättingvapen;;;;;;;;;Detta vapen sticker ut från mängden jämte Bellos övriga utbud. Det är förvisso ett elegant och vackert vapen, men med en brutalitet som vanligtvis är frånvarande i hans varor. Längst fram i piskans svansspets hänger en hullingförsedd syl i en ögla. Om piskan svingas på rätt sätt kan sylen penetrera i stort sett vad som helst, och hullingarna gör det makalöst smärtsamt att dra ut den igen. För att lyckas med detta krävs stor talang, men den som kan blir en formidabel motståndare.
945;weapon;Kolossal klotpiska;Chain;35+;1085;Skada 9-25 · Krit 26 + (30% till 70%) · Kritchans 0-7% · Hållbarhet 75 · Block/runda 2 · Dual · Vikt 8 · Ench 1;200 Styrka, 155 Kättingvapen (rek);+1% Perfekt träff, +10 kättingvapen, +10 Styrka;;;;;;;;;
493;weapon;Shillelagh;Mace;35+;945;Skada 20-23 · Krit 24 + (10% till 10%) · Kritchans 0-2% · Hållbarhet 174 · Block/runda 2 · Dual · Vikt 16 · Ench 1;170 Styrka, 145 Hammare (rek);-;;;;;;;;;Skaftet på denna hammare är tillverkat av svarttörnsträ och huvudet av en mystisk metall som Brikk vägrar prata om. Det sägs att Brikk också infogar någon typ av magi i skaftet på varje shillelagh som lämnar hans verkstad, men det är förmodligen bara rykten.Hur det än ligger till är det ett mäktigt vapen och det är få förunnat att någonsin hålla i en.
498;weapon;Själsslägga;Mace;35+;1440;Skada 23-56 · Krit 57 + (1% till 5%) · Kritchans 0-7% · Hållbarhet 160 · Block/runda 2 · 2H · Vikt 35 · Ench 2;400 Styrka, 145 Hammare (rek);+1% Perfekt träff, +5% Styrka;Vapensmide 7;5 x Granträ, 4 x Ekträ, 4 x Svart valnöt, 5 x Järn, 5 x Stål, 4 x Alvsilver;;0;5350;;;;Själssläggan är ett vapen få personer lagt sina ögon på. Släggan är kolsvart i obsidian, med orkisk runskrift i skimrande blå färg hela vägen längs det långa handtaget. Enligt rykten har orkiska shamaner lagt en förbannelse över vapnet. Endast ett fåtal erfarna krigare har haft både kraften och modet att svinga Själssläggan, då det sägs att en del av bärarens själ absorberas i vapnet efter varje slag, men även offrets. Detta medför att släggan och dess bärare knyter ett starkt band.Hur Brikk har lagt vantarna på denna slägga är det ingen som vet.
1089;weapon;Dödsbrand;Sword;35+;1200;Skada 27-43 · Krit 44 + (1% till 5%) · Kritchans 0-9% · Hållbarhet 202 · Block/runda 2 · 2H · Vikt 19 · Ench 2;Kräver att du är av rasen troll, Kräver att du är av rasen goblin, Kräver att du är av rasen ork, 260 Styrka, 155 Svärd (rek);+2% Perfekt träff, +15 svärd, +10 Styrka, +20 Initiativstyrka;;;;;;;;;"Inget vet vart Dödsbrand kommer från, inte ens Gug själv. Det till synes sotiga svärdet står där och kallar ut till dig. ""Varför kallas det Dödsbrand?"" muttrar du. Gug tittar på dig med ett leende. Han säger inte ett ord men går fram till svärdet och greppar det, hela verkstaden lyser upp av skimrande blå och orange eld.""Därför kallas det Dödsbrand"" säger Gug förnöjt. ""Det är bara svartblod som får svärdet att brinna, fråga mig inte hur. Det är bortom min kunskap""."
872;weapon;Dvärgsprättare;Axe;35+;1010;Skada 17-21 · Krit 22 + (0% till 0%) · Kritchans 0-6% · Hållbarhet 116 · Block/runda 2 · Dual · Vikt 7 · Ench 1;Kräver att du är av rasen goblin, 150 Styrka, 160 Yxor (rek);+3% Perfekt träff, +5 yxor, +5% Styrka, +15 Undvika anfall;Vapensmide 7;1 x Adamantium, 2 x Svart valnöt, 3 x Stål, 1 x Fjärdingsstål;;0;3500;;;;
689;weapon;Lagerkvistbeprydd fasces;Axe;35+;1250;Skada 15-19 · Krit 20 + (0% till 0%) · Kritchans 0-6% · Hållbarhet 141 · Block/runda 2 · Dual · Vikt 9 · Ench 1;120 Styrka, 170 Yxor (rek);+2% Perfekt träff, +10 yxor, +10% Undvika anfall, +10 Ledarskap;;;;;;;;;En fasces är traditionellt en symbol för makt eller status och används ofta av adliga krigare som vackra ceremoniella vapen. Den lagerkvistbeprydd fascesen inget undantag och en variant av den sägs ha burits av självaste kejsaren vid flera viktiga framträdanden i Stenhem. Vapnets egenskapen är unika, inte minst tack vare dess uppkomst. Vapnets lätta vikt, de nästan onaturligt snirklande trärötterna i botten av skaftet och de så tydligt utmärkande lagerkvistarna avslöjar en alvisk smideskonst. Det samtidigt som de skarpa linjerna i noggrant utformade yxbladet och dess inristade former längs hela bladet vittnar om ett dvärgiskt smide. Vapnet är nämligen något så ovanligt som en kombination av det alviska och dvärigska traditionerna, utan att göras exklusivt för något av folkslaget. Detta gör också yxan unik i sitt slag.Dess till synes blygsamma blad ska inte misstas för något annat än ett dödligt vapen som kan skära igenom även den tuffaste av rustningar som en varm kniv genom smör. I rätt hand ger ett rejält slag från yxan ifrån sig nästan ett visslande ljud när dess tunna sylvassa egg viner genom luften. Ett ljud som en motståndare ska vara glad om de överlever för att höra fler än en gång.
948;weapon;Sandhavsvånda;Chain;35+;1000;Skada 11-23 · Krit 24 + (50% till 90%) · Kritchans 0-8% · Hållbarhet 98 · Block/runda 2 · Dual · Vikt 5 · Ench 1;Kräver att du är av rasen ork, 155 Styrka, 170 Kättingvapen (rek);+3% Perfekt träff, +15 Styrka, +5 Initiativstyrka;Vapensmide 7;1 x Entträ, 2 x Svart valnöt, 3 x Stål, 1 x Fjärdingsstål;;0;3500;;;;
1147;weapon;Dödsklocka;Mace;35+;1100;Skada 22-25 · Krit 26 + (10% till 10%) · Kritchans 0-1% · Hållbarhet 170 · Block/runda 2 · Dual · Vikt 19 · Ench 1;225 Styrka, 125 Hammare (rek);-5 Initiativstyrka;;;;;;;;;En hammare smidd med sådan precision att det nästan känns förolämpande att kalla för bara ett vapen. Varje kant är slipad, varje mönster i metallen är valt med omsorg, och skaftet är balanserat som om gudarna själva testat vikten innan de satte sin stämpel.När du lyfter en dödsklocka känns det inte som att hålla ett verktyg för strid – det känns som att hålla en dom. Den dova tonen som ekar ut när stålet träffar sten eller kött har gett upphov till hammarens namn, en vibration som fortsätter in i märgen på både fiender och åskådare.Den är tung nog att krossa sköldar, men ändå så välbalanserad att en skicklig krigare kan svinga den som en käpp. Smidd i skymningens eld, sägs det, för att bära med sig både ljusets sista värme och nattens första kyla.
690;weapon;Tvåbilad fasces;Axe;35+;1250;Skada 14-26 · Krit 27 + (20% till 30%) · Kritchans 0-4% · Hållbarhet 136 · Block/runda 2 · Dual · Vikt 12 · Ench 1;150 Styrka, 170 Yxor (rek);+5 yxor, -5 Uthållighet, +25 Provokation;;;;;;;;;En ovanligare variant av det ceremoniella vapnet, beprydd med två bilor, en på vardera sida om alnspöna. Ger framförallt ett mer skräckinjagande utseende snarare än förbättrar dess förmåga i strid.
1145;weapon;Nålstickaren;Spear;35+;875;Skada 6-11 · Krit 12 + (0% till 0%) · Kritchans 0-3% · Hållbarhet 199 · Block/runda 2 · Dual · Vikt 3 · Ench 1;85 Styrka, 170 Stickvapen (rek);+25 stickvapen, +5 Undvika anfall, +5% Undvika anfall, +5 Provokation;;;;;;;;;En dolk så löjligt liten att du först skrattar åt den. Bladet är tunnare än en nagel och klingan glänser som en borttappad tandpetare i månsken. Skaftet är lindat i skinn så tunt att man undrar vem som trodde detta var en bra idé — och ändå, på arenans sand, gör den underverk.Nålstickaren är provocerande i sitt väsen: den ser ut som en accessoar för en emotionell poet, men i händerna på någon som vet vad han gör blir den plötsligt skarp, snabb och fullständigt irriterande för motståndaren. Den ger inga stora, stående applåder — istället levererar den små, precisa hånstick som gör ont på ställen sköldar inte når. Den hugger mer i stoltheten än i köttet, men ett välplacerat stick drar alltid blod och publikens uppskattande visslingar.Perfekt för gladiatorn som vill håna sin fiende.
718;weapon;Vit inkvisitorsslägga;Mace;35+;1300;Skada 21-23 · Krit 24 + (10% till 10%) · Kritchans 0-2% · Hållbarhet 182 · Block/runda 2 · Vikt 16 · Ench 1;320 Styrka, 150 Hammare (rek);+10 Disciplin, +50 Ledarskap;;;;;;;;;De mest ohyggliga och försträckliga brotten döms traditionellt av en inkvisition. Då både de förmodade förbrytarna, men stundom även åhörare kan orsaka uppståndelse eller agera otyglat finns ett stående behov av väktare i salen. De vita inkvisitorssläggorna tilldelas de mest ärofyllda av väktare som givits uppdraget att upprätthålla lugnet, säkerheten och att rättvisa kan utfärdas. En grannlaga uppgift som kräver såväl tålamod som hjältemod.Vapnet är elegant smidet med skarpa raka linjer och inristade runor tyder på en dvärgisk smidestradition. Den vita nästan lysande metallen drar till sig blicken hos de flesta på ett nästan magnetiskt sätt, vilket också är dess syfte. Men som tror att den rejäla hammaren som helhet enbart är framtagen i ett avskräckande eller statusgivande syfte kommer snabbt att ångra sig när ett slag med hög precision nära nog pulveriserar benen på den som har oturen att träffas av ett slag.
722;weapon;Vit värnstav;Stave;35+;1420;Skada 18-22 · Krit 23 + (10% till 10%) · Kritchans 0-7% · Hållbarhet 222 · Block/runda 2 · 2H · Vikt 9 · Ench 2;140 Styrka, 170 Stavar (rek);+10% stavar, +25 Ledarskap;;;;;;;;;Familjen Bello har samlat på sig allsköns artefakter under åren och den här staven var en personlig gåva till Maximillians farfar från den dåvarande kejsaren. Omständigheterna kring gåvan är en familjehemlighet, men man kan ana ett litet leende hos barnbarnet Bello varje gång han får en fråga om det. Staven är tillverkad av ett vackert nästan skimrande vitt träslag som kan anas ha ett ursprung i den tusenåriga skogen. Materialet virar sig runt sig självt på ett onaturligt sätt och vid en nära inspektion blir det tydligt att det inte är en smeds verk utan naturen självt som skapat den unika formen. Toppen av staven är beklädd med ett klot av härdat ljusbrunt sav från ett uråldrigt träslag. Stavens material och utformning bör både vapnet förvånandsvärt lätt men också att dess slag orsaka förödande skada för den som har oturen att bli träffad. De som ställer sig frågan hur slagen från en trästav kan böja eller krossa metallen i både rustningar och vapen har tydliggjort att de underskattar kraften i det här vapnet.
717;weapon;Österländsk ritualdolk;Spear;35+;1050;Skada 6-10 · Krit 11 + (1% till 5%) · Kritchans 0-2% · Hållbarhet 189 · Block/runda 2 · Dual · Vikt 3 · Ench 1;70 Styrka, 175 Stickvapen (rek);+20 stickvapen, +5% Undvika anfall, +30 Ledarskap;;;;;;;;;I länderna österut används dessa dolkar - som namnet antyder - för offerritualer. Bladets böjda spets gör det särskilt anpassat för att bryta upp bröstkorgar och huggas i hjärtat på både djur och människor, allt i mörka och illvilliga gudars namn. Flera i familjen Bello ska ha har skådat dessa ritualer under sina resor men vill inte prata om dem.Efter att familjen Bello fört med sig ett fåtal av dessa dolkar till Stenhem är det inte längre bara religiösa ledare i fjärran länder som använder dem, utan också de mest beryktade och erfarna gladiatorer.Även om dolken är kort och till synes kan framstå enkel har den ett rakbladsvass egg gjort i en mörk blank metall av okänt ursprung som gör den nästintill omöjlig att replikera. Materialet är även ovanligt härdat vilket gör att dolken kan hantera och parera flertalet inkommande attacker med lättja.
714;weapon;Kortskaftat drabantspjut;Spear;35+;1150;Skada 18-22 · Krit 23 + (1% till 5%) · Kritchans 0-9% · Hållbarhet 123 · Block/runda 2 · Dual · Vikt 6 · Ench 1;115 Styrka, 170 Stickvapen (rek);+30 Initiativstyrka;;;;;;;;;Dessa spjut härstammar från ett svunnet kungarike, där de användes av de mest erfarna i slottsgardet för att skydda och vakta kungen själv. Något vapnet, enligt historierna, också kunde göra väldigt effektivt. Familjen Bello har ett antal originalexemplar i sina samlingar, och detta är ett av dem. Det är i otroligt fint skick och trots sin ålder är dess blad lika vasst som dagen det för första gången sattes i händerna på en draband. Det är lätt att förstå hur en gladiator fylls med kämpaglöd från svunna tider när den blott plockar upp spjutet. Spjutet är ovanligt långt och sträcker sig mer än en alv i längd. Dess storlek kombinerat med dess sylvassa spets och skarpa parerblad skapar ett vapen som enkelt kan hålla en attackerande fiende på avstånd. Det välutformade skaftet gör spjutet lätthanterligt och lägger sig naturligt i handen vilket gör att det kan svingas med ett stort mått av kvickhet.
988;weapon;Sanddolk;Spear;35+;1410;Skada 17-19 · Krit 20 + (1% till 5%) · Kritchans 0-5% · Hållbarhet 165 · Block/runda 2 · Dual · Vikt 4 · Ench 1;Kräver att du är av rasen goblin, 115 Styrka, 175 Stickvapen (rek);+1% Perfekt träff, +5% Styrka, +10 Undvika anfall, +15 Tur;;;;;;;;;Sanddolken är ett smalt och dödligt vapen, perfekt anpassat för snabb och diskret strid i ökenmiljöer. Bladet är långt och tunt, gjort av ett sandfärgat stål som nästan smälter in med omgivningen. Ytan är matt och reflekterar inte ljus, vilket gör dolken idealisk för smidiga gladiatorer som rör sig mycket i striden. Handtaget är lindat med mjukt läder för att ge ett säkert grepp även i den hetaste sol. I dolkens hjärta finns en kammare fylld med fin ökensand, vilket enligt sägnen ger vapnet en magisk styrka. När Sanddolken används i strid, sägs det att den släpper ifrån sig en liten mängd av denna sand, som förblindar och förvirrar fiender som börjar fumla, vilket ger bäraren ett avgörande övertag.
1185;weapon;Orkisk ritualspets;Spear;35+;1440;Skada 6-25 · Krit 26 + (1% till 5%) · Kritchans 0-6% · Hållbarhet 161 · Block/runda 2 · Dual · Vikt 6 · Ench 1;Kräver att du är av rasen ork, 150 Styrka, 165 Stickvapen (rek);+2% Perfekt träff, +10 stickvapen, +18 Styrka, +7% Initiativstyrka;;;;;;;;;Orkisk ritualspets är en mystisk blandning av spjut och dolk, buren av orkernas shamaner. Genom århundraden har dess egg druckit blod från otaliga offer i mörka ritualer tillägnade andar, gudar och annat. Tänder, fjädrar och uråldriga runor pryder vapnet, och många tror att de dödas andar följer med varje stöt. Den som griper en ritualspets sägs snart känna hur stridslusten växer till ett ursinnigt begär efter blod, som om förfädernas röster viskar från vapnets skaft och manar bäraren till våld.
847;weapon;Tusenårsarv;Sword;35+;1100;Skada 16-21 · Krit 22 + (1% till 5%) · Kritchans 0-3% · Hållbarhet 207 · Block/runda 2 · Dual · Vikt 6 · Ench 1;Kräver att du är av rasen alv, 105 Styrka, 180 Svärd (rek);+1% Perfekt träff, +10 svärd, +10% Undvika anfall;Vapensmide 7;1 x Pegasusfjäder, 3 x Ekträ, 2 x Alvsilver, 1 x Fjärdingsstål;;0;3500;;;;Många av de smideskonster alverna använder sig av har gått förlorade genom åren. De svärd som smiddes i tidernas begynnelse har ännu inte mist sin skärpa, och visst finns det något vemodigt i att smeder i alla tider har försökt överträffa det som kom före, istället för att använda den kunskapen och leda smideskonsten in i en ny era.Men även om detta svärd inte överträffar de första smedernas verk, så kan det åtminstone tangera dem. Dess klinga är så vass att den tycks vibrera, och hjaltet är ingjutet med de finaste träslag. Stålet är av yttersta kvalitet, och tiden som lagts på att smida det räknas i årtionden. Ett sant mästerverk, som hade gjort forntidens smidesmästare stolta.
1176;weapon;Ful slägga;Mace;35+;;Skada 22-24 · Krit 25 + (20% till 20%) · Kritchans 0-1% · Hållbarhet 195 · Block/runda 2 · Dual · Vikt 15 · Ench 1;250 Styrka, 130 Hammare (rek);+20 Styrka, +20 Provokation;;;;;;;;;Den var inte vacker. Tvärtom. En stackars lärlingssmed har smidit detta vapen och vissa menar att han misslyckades att göra ett användbart vapen, medan andra ser dess utseende som något tilltänkt. Med dess fula uppsyn lockar den till sig fler av motståndarnas blickar än andra och kanske är det just det som är meningen.
1175;weapon;Polerad dolk;Spear;35+;1000;Skada 5-8 · Krit 9 + (1% till 5%) · Kritchans 0-3% · Hållbarhet 235 · Block/runda 2 · Dual · Vikt 2 · Ench 1;80 Styrka, 190 Stickvapen (rek);+1% Perfekt träff, +3% Bashälsa, +3% Styrka, +5 Initiativstyrka, +5% Undvika anfall;;;;;;;;;Något inte för stort, lagom stort, väl polerat och kan penetrera med
1180;weapon;Nedlims monstruösa Kusargissel;Chain;35+;;Skada 1-99 · Krit 100 + (10% till 70%) · Kritchans 0-15% · Hållbarhet -1 · Block/runda 2 · 2H · Vikt 15 · Ench 2;420 Styrka, 169 Kättingvapen (rek);+5% Perfekt träff, +20 kättingvapen;;;;;;;;;Nedlims monstruösa Ku...sargissel
1181;weapon;Pansarkrossare;Mace;35+;1400;Skada 21-24 · Krit 25 + (20% till 20%) · Kritchans 0-5% · Hållbarhet 160 · Block/runda 2 · Dual · Vikt 15 · Ench 1;180 Styrka, 150 Hammare (rek);-;;;;;;;;;En klassisk stridshammare i både tyngd och balans – grov, pålitlig och byggd för att krossa. Men Brikk har lagt till en avgörande detalj: en lång, vass spik på baksidan, smidd för att tränga igenom rustning där slaget inte räcker. Hans senaste tillskott är enkelt i form, men brutalt i funktion.
993;weapon;Nattens fälla;Chain;35+;1100;Skada 3-7 · Krit 8 + (0% till 0%) · Kritchans 0-3% · Hållbarhet 82 · Block/runda 2 · Dual · Vikt 6 · Ench 1;125 Styrka, 150 Kättingvapen (rek);+9% Bashälsa, +10 Provokation;;;;;;;;;Nattens Fälla är ett nät särskilt utformat för att snärja fiender under skydd av mörkret. Det är tillverkat av trådar som ser ut att vara gjorda av vanlig hampa, men har förstärkts med alkemiska lösningar som ger det en nästan osynlig lyster i nattens svaga ljus. Nätet är lätt att bära och kasta, vilket gör det till ett favoritredskap bland lönnmördare och tjuvar. När det kastas ut breder det ut sig i en perfekt cirkel och kan snärja allt i sin väg. Nattens Fälla är mest effektivt i mörka gränder och skuggiga skogar, där det smälter in i omgivningen och överraskar sin fångst, som ofta inte inser att de är fångade förrän det är för sent.
711;weapon;Välsignat silvernät;Chain;35+;1100;Skada 7-10 · Krit 11 + (0% till 0%) · Kritchans 0-5% · Hållbarhet 118 · Block/runda 2 · Dual · Vikt 4 · Ench 1;95 Styrka, 175 Kättingvapen (rek);+2% Perfekt träff, +5 Bashälsa, +4% Undvika anfall, +15 Ledarskap;;;;;;;;;Detta mästerverk är tillverkat av stålvajrar klädda med renaste silver, sammanvävda med otrolig skicklighet. Förutom den gränslösa talangen i själva hantverket har nätet också välsignats av ett flertal präster från olika trostillhörigheter. Ryktet gör gällande att Maximilian Bellos far personligen har välsignat nätet, men det är förstås omöjligt att verifiera.
529;weapon;Drakfjällsnät;Chain;35+;1000;Skada 6-11 · Krit 12 + (0% till 0%) · Kritchans 0-1% · Hållbarhet 130 · Block/runda 2 · Dual · Vikt 5 · Ench 1;125 Styrka, 165 Kättingvapen (rek);+6% kättingvapen;Vapensmide 7;4 x Drakfjäll, 1 x Östländskt drakstoft;;0;3150;;;;Ett nät tillverkat av drakfjäll för att ge även den starkaste motståndare en utmaning att lyckas ta sig ur.
1143;weapon;Lindormens tunga;Sword;35+;950;Skada 15-22 · Krit 23 + (1% till 5%) · Kritchans 0-3% · Hållbarhet 189 · Block/runda 2 · Dual · Vikt 7 · Ench 1;110 Styrka, 160 Svärd (rek);+6 Uthållighet, +12 Ledarskap, +12 Provokation;;;;;;;;;Ett svärd som sägs ha smitts i ett land långt bortom öknens kant, där solen aldrig går ned och havet brinner som eld vid horisonten. Klingan är böjd som en lindorm och skimrar i gyllene och smaragdgröna nyanser, som om den sväljer ljuset runtomkring sig och släpper ifrån sig en hypnotisk glöd.När svärdet svingas hörs ett svagt väsande, likt en orm redo att hugga, och ibland tycks själva luften darra runt klingan. Det sägs att Lindormens tunga bär med sig fragment av tropiska stormar och brinnande ritualer – varje hugg kan kännas lika mycket som en förbannelse som ett sår.De som en gång hållit detta svärd berättar om en rastlöshet i blodet, som om klingan själv vill fortsätta resa mot fjärran platser. Att äga Lindormens tunga är inte bara att äga ett vapen – det är att bära med sig en hel värld av hemligheter och faror.
995;weapon;Förtrollat Svartfrost;Sword;35+;1100;Skada 15-23 · Krit 24 + (5% till 10%) · Kritchans 0-5% · Hållbarhet 180 · Block/runda 2 · Dual · Vikt 11 · Ench 1;145 Styrka, 150 Svärd (rek);+5% svärd, +10 Bashälsa;;;;;;;;;Brikk's mästerskapelse Grimfrost har i Derbur's händer fått ett nytt häpnadsväckande utseende. Endast de mindre beryktade gladiatorerna torde våga bära klingan, mörkare än natten.Detta förtrollade svärd har anpassats till gladiator Importante av Lirak efter hans imponerande uppvisning i Köpmannakampen säsong XXIV
843;weapon;Stridspallasch;Sword;35+;1070;Skada 18-25 · Krit 26 + (1% till 5%) · Kritchans 0-6% · Hållbarhet 185 · Block/runda 2 · Dual · Vikt 9 · Ench 1;115 Styrka, 175 Svärd (rek);+2% Perfekt träff;;;;;;;;;Stridspallaschens mytomspunna historia har sedan länge diskuteras av såväl nya som erfarna gladiatorer, ofta med något nästan glittrande i ögonen.  Från början ett vapen framtaget på order av en kung i ett sedan dess sedan länge bortglömt rike att ges till den soldat som nästan ensamt uthålligt försvarade palatsporten från de attackerande fienderna.  Ett vapen som trots att det under lång tid fått gå i arv sedan dess har burits av ytterst få krigare, gladiatorer eller adelsmän. En svärdbärande gladiator kommer ha svårt att hitta en annan klinga som ingjuter samma känsla av respekt och vördnad, även hos motståndare.Svärdets nästan skräckinjagande skarpa linjer gör det till ett effektivt vapen, både för att gå på offensiven och att hantera inkommande slag. Dess skimrande metall är förvånansvärt lättviktigt och gör svärdet lätthanterligt, även under längre strider när tröttheten annars skulle bli övermäktig.
496;weapon;Shamshir;Sword;35+;1020;Skada 15-21 · Krit 22 + (1% till 5%) · Kritchans 0-2% · Hållbarhet 200 · Block/runda 2 · Dual · Vikt 8 · Ench 1;105 Styrka, 155 Svärd (rek);+7% svärd, +10 Bashälsa, +5 Uthållighet;;;;;;;;;Under ett av Brikks besök i fjärran länder såg han hästburna krigare svinga fantastiskt utsmyckade svärd. Han ville ta med ett hem, men då vapnen var ceremoniella ville krigarna inte skiljas från något av dem. När han kom hem satte han igång med att tillverka ett eget, men kunde inte låta bli att förbättra designen. Resultatet blev ett vapen som var likt det han sett, men i typisk Brikk-anda förstärkt och förbättrat på en rad sätt.Svärdet är otroligt välbalanserat och mycket lätt för sin storlek, vilket gör det till ett attraktivt val för de som verkligen vill briljera med sin svärdkonst.
680;armor;Svarta Bergsstövlar;Feet;35+;;Block 10 · Vikt 2;140 Styrka;+3 Bashälsa, +3 Styrka, +3 Uthållighet;Rustningssmide 8;1 x Trasiga Svarta Bergsstövlar;;0;2000;;;;
598;jewelry;Silverälva;Trinket;35+;2000;-;-;-2% Bashälsa, +10 Initiativstyrka, +10% Undvika anfall;;;;;;;;;För de vidskepliga är Skogsälvan ett väsen att tillbe och be om hjälp vid besök i okända skogstrakter. Detta ornament föreställandes just en sådan älva ger bäraren en viss hjälp av Skogsälvan i även andra situationer.
681;armor;Havssnäcksaxlar;Shoulders;35+;;Block 10 · Vikt 2;140 Styrka;+3 Initiativstyrka, +3 Undvika anfall;Rustningssmide 8;1 x Trasiga Havssnäcksaxlar;;0;2000;;;;
1004;jewelry;Alvens fokus;Neck;35+;;-;Kräver att du är av rasen alv;-6 yxor, -11 svärd, -11 stavar, -11 stickvapen, -6 kättingvapen, +13% Styrka;;;;;;;;;Format av månljus och vävd med hårstrån från skogens väktare, är detta halsband nästan viktlöst. Det bär på en stilla kraft - en närhet till naturens väsen och ett skydd mot världen. Alvernas Andetag viskar lugn till den rastlösa.
642;jewelry;Grön drakring;Finger;35+;400;Kritchans 0-1%;-;+1% Perfekt träff, +5 yxor, +5 svärd, +5 hammare, +5 stavar, +5 sköldar, +5 stickvapen, +5 kättingvapen, +3 Bashälsa, +3 Styrka;Föremålssmide 7;1 x Draktand, 1 x Draköga;1 x Blå drakring;0;1200;;;;Sällsynt material och oerhörd precision krävs för att tillverka en ring likt denna. Ringen sägs spegla attribut hos den drake vars delar använts vid tillverkningen.
769;jewelry;Trolsk gagat;Amulet;35+;500;-;-;+4% Styrka, +4% Initiativstyrka;;;;;;;;;
590;jewelry;Svartklöver;Trinket;35+;2000;-;-;-2% Styrka, +12 Initiativstyrka, +12 Undvika anfall;;;;;;;;;Svartklöver som växt har inte existerat på hundratals år. Ett ornament i dess liknelse sägs dock ge bäraren oerhörd kvickhet och smidighet på bekostnad av dennes styrka.
616;jewelry;Silversvala;Trinket;35+;2000;-;-;-5 Bashälsa, -5 Styrka, +9% Initiativstyrka, +8% Undvika anfall, +10 Ledarskap, +10 Provokation;;;;;;;;;En vacker berlock i form av en svala, skall ge dess bärare smidigheten av en friflygande fågel på bekostnad av dennes styrka. Vem vill inte kunna flyga?
618;armor;Spikbeklätt svartstålsharnesk;Chest;35+;;Block 18 (15%) · Vikt 4;200 Styrka, 30 Provokation;+5 Styrka, +7 Provokation;;;;;;;;;Liknar det stansade svartstålet som är populärt hos gladiatorer av svartblodshärkomst. Detta exemplar är dock försett med stora spikar längs både fram- och baksida för att ge ett maximalt skräckinjagande utseende.
599;jewelry;Bellos Släktbanér;Trinket;35+;2000;-;Kräver att du är gammal;+10% Uthållighet, +50 Ledarskap, -5 Provokation;;;;;;;;;Bellos släkemblem med det vackert poserande lejonet pryder ståtligt detta banér. För att behålla någon form av heder i namnet har Maximillian sett till att endast de äldsta och mest erfarna gladiatorerna kan bära detta i strid.
617;armor;Kronbeklädd huva av ädelstål;Head;35+;;Block 18 (15%) · Vikt 4;200 Styrka, 60 Ledarskap;+5 Bashälsa, +10 Ledarskap;;;;;;;;;Denna huva är smidd i de hetaste av ugnar av det ytterst ovanliga ädelstålet som endast förekommer i de absolut sydligaste gruvorna. Utöver sin tålighet och det skydd den ger sin bärare i strid har den dessutom beklätts med en krona av guld för att tydliggöra vem som bestämmer på slagfältet.
1025;jewelry;Salamanthens eld;Neck;35+;;Träffchans +5 · Vikt -3;Kräver att du är av rasen salamanth;+4% Styrka;;;;;;;;;Ett smycke av vulkanisk sten och levande låga, format i det heta hjärtat av Vulkanön. Salamanths Glöd skyddar mot värme, förgiftning och rädsla. Den som bär det känner elden inombords och lämnar aska i sitt spår.
588;jewelry;Ungdomens försakelse;Trinket;35+;1000;-;Kräver att du är ung;+4% Bashälsa, +4% Styrka;;;;;;;;;"""Evig ungdom"", muttrar Derbur. ""Givetvis finns möjligheten."" Mer säger inte den mystiske köpmannen, men han sneglar försiktigt mot ett av de mindre föremålen han har till försäljning. Vid närmare anblick ser föremålet ut att vara en perfekt rundad kristall med ett ihålig innandöme där en alldeles klar vätska huserar. ""Ungdomens styrka tillhör givetvis de unga"", ler den mystiske köpmannen när han upptäcker hur du nyfiket betraktar kristallen."
592;jewelry;Nattälva;Trinket;35+;2000;-;-;+5% Styrka, -6 Initiativstyrka, -6 Undvika anfall;;;;;;;;;För de vidskepliga är Skogsälvan ett väsen att tillbe och be om hjälp vid besök i okända skogstrakter. Nattälvan däremot tillber ytterst få, men de som gör det bär ofta dessa ornament för att markera sin tillhörighet och kunna ta mot de gåvor Nattälvan bistår. Nattälvan är dock inget godhetens väsen, för varje ting hon ger tar hon något tillbaka.
574;jewelry;Nekromantikermantel;Back;35+;500;Vikt 2;Kräver att du är av rasen odöd;+4% Bashälsa, +4% Styrka, -20 Uthållighet, +4% Initiativstyrka, +4% Undvika anfall, -10 Inlärningsförmåga;;;;;;;;;En mycket mystisk mantel buren av gladiatorer av okänd härkomst. Sägs föra med sig oanade krafter på bekostnad av bärarens livessens.
533;jewelry;Grönt mästarband;Bracelet;35+;120;-;-;+2% Perfekt träff, +15 Inlärningsförmåga;;;;;;;;;Ett armband för att påminna dig om din hårda träning och vad du dragit för lärdomar under tidens gång.
94;armor;Drakfjällshjälm;Head;35+;;Block 10 (12%) · Vikt 1;140 Styrka;-;Rustningssmide 7;1 x Draktand, 2 x Drakfjäll, 1 x Drakben;;0;700;;;;Alla vet att drakfjäll är bland de hårdaste och mest flexibla material som finns och är eftertraktat av alla krigare. Dragan den förste har efter sin upphöjning till legend fått ett uppdrag av sin klans shaman. Gå och dräp draken Trafelgrim bortom den stora gruvan. Att slåss på arenan är en sak, att slåss med en drake är en annan. Trots detta lyckades Dragan den förste med hjälp av den extra styrkan given av kejsaren dräpa draken och tog dess skinn till Brikk för att smida en full rustning av dess röda, skimrande fjäll.
477;armor;Drakbensabaton;Feet;35+;;Block 16 (15%) · Vikt 2;180 Styrka;+2 Initiativstyrka;Rustningssmide 7;2 x Drakklo, 2 x Drakben;;0;500;;;;Ett par massiva sabaton smidda ifrån drakben.
548;jewelry;Kranium från Apellonisk Bjorc;Amulet;35+;2000;Kritchans 0-1% · Vikt 2;-;+2% Perfekt träff, +8 Styrka, +2 Uthållighet, +8 Initiativstyrka, +2 Undvika anfall, +10 Ledarskap;;;;;;;;;Vid första anblick kan kraniet tros tillhöra en större tjur, eller möjligtvis en björn. Den lärde och uppmärksamme kan dock snabbt tala om att det tillhört en betydligt ovanligare och farligare art, den Apelloniska Bjorcen. För den nyfikne kan dessa snabbt peka ut de överdimensionerade käkarna och hur proportionerna inte stämmer överens med vanligare arter. Att bära ett kranium i strid signalerar att även införskaffandet skett i ett våldsamt skede. Den sägs även bära med sig den styrka odjuret hade i livet till dess ägare.
475;armor;Benpansar av drakben;Legs;35+;;Block 20 (20%) · Vikt 4;180 Styrka;-;Rustningssmide 7;2 x Drakklo, 3 x Drakben;;0;700;;;;Ett par massiva benskydd smidda av ben från en dräpt drake. Extremt tåliga och tunga.
589;jewelry;Svart Månsten;Trinket;35+;2000;Kritchans 0-3% · Träffchans +-4;-;+9 Styrka, +6 Uthållighet, +6 Initiativstyrka;;;;;;;;;Förvillande lik de månstenar Adelsmannen Bello säljer, men i vissa ljus och vinklar upplevs den svartare än natten.
1067;armor;Kvickstegsstövlar;Feet;35+;;Block 8 (10%);150 Styrka;+4 Initiativstyrka, +4% Initiativstyrka;;;;;;;;;
580;jewelry;Erövraren;Finger;35+;650;Kritchans 0-1%;-;+1% Perfekt träff, +3 Styrka, +3 Initiativstyrka, +5 Inlärningsförmåga, +5 Ledarskap;;;;;;;;;Få har bemästrat konsten av besegra flertalet av de drakar som existerar i Stenhem med omnejd. För befästa sin status som erfaren drakdräpare är en ring en vanlig symbol.
581;jewelry;Rubinamulett;Amulet;35+;1000;Kritchans 0-5%;-;+3% Perfekt träff, +3 Bashälsa, +3 Styrka, +3 Uthållighet, +3 Initiativstyrka, +3 Undvika anfall, +5 Ledarskap;Föremålssmide 8;1 x Excellent Rubin;1 x Dräparens amulett;0;1500;;;;En förstärkt variant av den redan ansedda Dräparens amulett.
583;jewelry;Onyxamulett;Amulet;35+;1000;-;-;+3 Bashälsa, +14 Styrka, +3 Uthållighet, +3 Initiativstyrka, +3 Undvika anfall, +5 Ledarskap;Föremålssmide 8;1 x Excellent Onyx;1 x Dräparens amulett;0;1500;;;;En förstärkt variant av den redan ansedda Dräparens amulett.
584;jewelry;Opalamulett;Amulet;35+;1000;-;-;+3 Bashälsa, +4% Styrka, +3 Uthållighet, +3 Initiativstyrka, +3 Undvika anfall, +5 Ledarskap;Föremålssmide 8;1 x Excellent Opal;1 x Dräparens amulett;0;1500;;;;En förstärkt variant av den redan ansedda Dräparens amulett.
595;jewelry;Aquilasymbol;Trinket;35+;2000;-;-;+10 yxor, +10 svärd, +10 hammare, +10 stavar, +10 sköldar, +10 stickvapen, +10 kättingvapen, +10 Obeväpnat, -5 Provokation;;;;;;;;;En detaljerat snidad örn i ett mycket vackert träslag. Skänker bäraren en rovfågels precision och smidighet.
447;armor;Drakhornshjälm;Head;35+;250;Block 20 (20%) · Vikt 4;180 Styrka;-;Rustningssmide 7;2 x Drakklo, 3 x Drakben;;0;700;;;;En skräckinjagande hjälm smidd av drakben och horn som är utformad för att likna ett drakhuvud.
448;armor;Drakbensharnesk;Chest;35+;250;Block 20 (20%) · Vikt 4;180 Styrka;-;Rustningssmide 7;2 x Drakklo, 3 x Drakben;;0;700;;;;En stadig rustning smidd av bröstbenet av en drake. Mycket stark men något otymplig att bära
474;armor;Axelplåt av drakben;Shoulders;35+;250;Block 16 (15%) · Vikt 2;180 Styrka;+2 Initiativstyrka;Rustningssmide 7;2 x Drakklo, 2 x Drakben;;0;500;;;;Ett par massivt utformade axelskydd smidda från drakben. Mycket tynga men skyddar extremt väl mot attacker
672;jewelry;Vitt mästarband;Bracelet;35+;120;-;-;+2% Perfekt träff, +20 Disciplin;;;;;;;;;Ett armband för att påminna dig om din hårda träning och vad du dragit för lärdomar under tidens gång.
669;jewelry;Gult mästarband;Bracelet;35+;120;-;-;+2% Perfekt träff, +20 Tur;;;;;;;;;Ett armband för att påminna dig om din hårda träning och vad du dragit för lärdomar under tidens gång.
582;jewelry;Safiramulett;Amulet;35+;1000;-;-;+3% Bashälsa, +3 Styrka, +3 Uthållighet, +3 Initiativstyrka, +3 Undvika anfall, +5 Ledarskap;Föremålssmide 8;1 x Excellent Safir;1 x Dräparens amulett;0;1500;;;;En förstärkt variant av den redan ansedda Dräparens amulett.
585;jewelry;Smaragdamulett;Amulet;35+;1000;-;-;+3 Bashälsa, +3 Styrka, +3 Uthållighet, +3 Initiativstyrka, +12 Undvika anfall, +5 Ledarskap;Föremålssmide 8;1 x Excellent Smaragd;1 x Dräparens amulett;0;1500;;;;En förstärkt variant av den redan ansedda Dräparens amulett.
586;jewelry;Topasamulett;Amulet;35+;1000;-;-;+3 Bashälsa, +3 Styrka, +3 Uthållighet, +3 Initiativstyrka, +8% Undvika anfall, +5 Ledarskap;Föremålssmide 8;1 x Excellent Topas;1 x Dräparens amulett;0;1500;;;;En förstärkt variant av den redan ansedda Dräparens amulett.
912;jewelry;Gyllene grön drakring;Finger;35+;400;Kritchans 0-1%;-;+1% Perfekt träff, +5 yxor, +5 svärd, +5 hammare, +5 stavar, +5 sköldar, +5 stickvapen, +5 kättingvapen, +4 Bashälsa, +4 Styrka, +3 Uthållighet;Föremålssmide 7;1 x Stort gyllene drakägg;1 x Grön drakring;0;500;;;;Sällsynt material och oerhörd precision krävs för att tillverka en ring likt denna. Ringen sägs spegla attribut hos den drake vars delar använts vid tillverkningen. Ett stort gyllene drakägg har använts för att förhöja ringens egenskaper.
911;jewelry;Gyllene svart drakring;Finger;35+;400;Kritchans 0-1%;-;+1% Perfekt träff, +5 yxor, +5 svärd, +5 hammare, +5 stavar, +5 sköldar, +5 stickvapen, +5 kättingvapen, +3 Uthållighet, +4 Initiativstyrka, +3 Undvika anfall;Föremålssmide 7;1 x Stort gyllene drakägg;1 x Svart drakring;0;500;;;;Sällsynt material och oerhörd precision krävs för att tillverka en ring likt denna. Ringen sägs spegla attribut hos den drake vars delar använts vid tillverkningen. Ett stort gyllene drakägg har använts för att förhöja ringens egenskaper.
920;armor;Gyllene drakbensharnesk;Chest;35+;250;Block 20 (20%) · Vikt 4;180 Styrka;+2 Bashälsa, +2 Styrka, +2 Initiativstyrka, +2 Undvika anfall;Rustningssmide 7;1 x Stort gyllene drakägg;1 x Drakbensharnesk;0;500;;;;En stadig rustning smidd av bröstbenet av en drake. Mycket stark men något otymplig att bära
700;jewelry;Man från Apellonisk Bjorc;Amulet;35+;;Kritchans 0-1%;-;+2% Perfekt träff, +1% Bashälsa, +4 Styrka, +3 Uthållighet, +4 Initiativstyrka, +1% Undvika anfall;;;;;;;;;
921;armor;Gyllene drakfjällsharnesk;Chest;35+;;Block 10 (12%) · Vikt 1;140 Styrka;+2 Bashälsa, +2 Styrka, +2 Initiativstyrka, +2 Undvika anfall;Rustningssmide 7;1 x Stort gyllene drakägg;1 x Drakfjällsharnesk;0;500;;;;Alla vet att drakfjäll är bland de hårdaste och mest flexibla material som finns och är eftertraktat av alla krigare. Dragan den förste har efter sin upphöjning till legend fått ett uppdrag av sin klans shaman. Gå och dräp draken Trafelgrim bortom den stora gruvan. Att slåss på arenan är en sak, att slåss med en drake är en annan. Trots detta lyckades Dragan den förste med hjälp av den extra styrkan given av kejsaren dräpa draken och tog dess skinn till Brikk för att smida en full rustning av dess röda, skimrande fjäll.
715;jewelry;En Obskyr Talisman;Trinket;35+;2000;Vikt 2;-;+1% Perfekt träff, +5 Bashälsa, +5 Styrka, +5 Uthållighet, +5 Initiativstyrka, +5 Undvika anfall;;;;;;;;;
982;jewelry;Rosenkvarting;Finger;35+;;-;-;+7 Bashälsa, +7 Styrka, +7 Initiativstyrka, +7 Undvika anfall;;;;;;;;;En av de mest eftertraktade skatterna i auktionen, och med god anledning. Denna vackert slipade ring av rosenkvarts bär på en kraft som få kan mäta sig med. Den förstärker bärarens inre energi, skärper sinnet och skänker en styrka som kan vända ödet självt. Dess ursprung är höljt i dunkel, men rykten säger att den en gång bars av en mäktig kejsare… innan hans fiender slet den från hans hand.
983;jewelry;Färskpotatis;Amulet;35+;;Vikt -3;-;+4 Bashälsa, +4 Styrka, +4 Uthållighet, +7% Undvika anfall, +6 Ledarskap;;;;;;;;;En legend bland artefakter, ett mytomspunnet föremål som ingen riktigt vet hur det uppstod. En gång, säger sägnerna, fanns en alkemist som sökte efter odödlighetens nyckel men istället skapade… en potatis. Ingen vet hur eller varför, men denna till synes alldagliga knöl rymmer en kraft så oerhörd att den kan slå kungar ur sina sadlar, bryta förbannelser och vända stridens gång med en enda beröring.
750;jewelry;Skogsvölvans pärla;Trinket;35+;600;Vikt -1;-;+1% Perfekt träff, +15 Inlärningsförmåga, +15 Tur, +15 Disciplin, +15 Ledarskap;;;;;;;;;Inom pärlans inre virvlar en vit dimma som tycks gömma skepnader, vagt påminnande om människor, som träder fram och sväljs av diset. Pärlan är så lätt att det känns som att den ska sväva iväg eller blåsas bort vid minsta vindputs. Priset av en själ må vara betungande, men detsamma kan inte sägas om dess vikt.
1154;armor;Eldsmitt harnesk;Chest;35+;;Block 3 · Vikt 2;200 Styrka;+3% Styrka;Rustningssmide 7;2 x Eldessens;;0;800;;;;Detta harnesk är smitt med eldens essens. Du känner eldens styrka inom dig när du tar på dig den.
96;armor;Axelplåt av drakfjäll;Shoulders;35+;;Block 8 (10%);140 Styrka;-;Rustningssmide 7;1 x Draktand, 1 x Drakfjäll, 1 x Drakben;;0;500;;;;Alla vet att drakfjäll är bland de hårdaste och mest flexibla material som finns och är eftertraktat av alla krigare. Dragan den förste har efter sin upphöjning till legend fått ett uppdrag av sin klans shaman. Gå och dräp draken Trafelgrim bortom den stora gruvan. Att slåss på arenan är en sak, att slåss med en drake är en annan. Trots detta lyckades Dragan den förste med hjälp av den extra styrkan given av kejsaren dräpa draken och tog dess skinn till Brikk för att smida en full rustning av dess röda, skimrande fjäll.
97;armor;Drakfjällsharnesk;Chest;35+;;Block 10 (12%) · Vikt 1;140 Styrka;-;Rustningssmide 7;1 x Draktand, 2 x Drakfjäll, 1 x Drakben;;0;700;;;;Alla vet att drakfjäll är bland de hårdaste och mest flexibla material som finns och är eftertraktat av alla krigare. Dragan den förste har efter sin upphöjning till legend fått ett uppdrag av sin klans shaman. Gå och dräp draken Trafelgrim bortom den stora gruvan. Att slåss på arenan är en sak, att slåss med en drake är en annan. Trots detta lyckades Dragan den förste med hjälp av den extra styrkan given av kejsaren dräpa draken och tog dess skinn till Brikk för att smida en full rustning av dess röda, skimrande fjäll.
98;armor;Drakfjällshandskar;Hands;35+;;Block 8 (10%);140 Styrka;-;Rustningssmide 7;1 x Draktand, 1 x Drakfjäll, 1 x Drakben;;0;500;;;;Alla vet att drakfjäll är bland de hårdaste och mest flexibla material som finns och är eftertraktat av alla krigare. Dragan den förste har efter sin upphöjning till legend fått ett uppdrag av sin klans shaman. Gå och dräp draken Trafelgrim bortom den stora gruvan. Att slåss på arenan är en sak, att slåss med en drake är en annan. Trots detta lyckades Dragan den förste med hjälp av den extra styrkan given av kejsaren dräpa draken och tog dess skinn till Brikk för att smida en full rustning av dess röda, skimrande fjäll.
99;armor;Benpansar av Drakfjäll;Legs;35+;;Block 10 (12%) · Vikt 1;140 Styrka;-;Rustningssmide 7;1 x Draktand, 2 x Drakfjäll, 1 x Drakben;;0;700;;;;Alla vet att drakfjäll är bland de hårdaste och mest flexibla material som finns och är eftertraktat av alla krigare. Dragan den förste har efter sin upphöjning till legend fått ett uppdrag av sin klans shaman. Gå och dräp draken Trafelgrim bortom den stora gruvan. Att slåss på arenan är en sak, att slåss med en drake är en annan. Trots detta lyckades Dragan den förste med hjälp av den extra styrkan given av kejsaren dräpa draken och tog dess skinn till Brikk för att smida en full rustning av dess röda, skimrande fjäll.
100;armor;Drakfjällsskor;Feet;35+;;Block 8 (10%);140 Styrka;-;Rustningssmide 7;1 x Draktand, 1 x Drakfjäll, 1 x Drakben;;0;500;;;;Alla vet att drakfjäll är bland de hårdaste och mest flexibla material som finns och är eftertraktat av alla krigare. Dragan den förste har efter sin upphöjning till legend fått ett uppdrag av sin klans shaman. Gå och dräp draken Trafelgrim bortom den stora gruvan. Att slåss på arenan är en sak, att slåss med en drake är en annan. Trots detta lyckades Dragan den förste med hjälp av den extra styrkan given av kejsaren dräpa draken och tog dess skinn till Brikk för att smida en full rustning av dess röda, skimrande fjäll.
494;jewelry;Massiv drakpendant i guld;Neck;35+;1000;Vikt 3;-;+1% Perfekt träff, +5 Bashälsa, +15 Styrka, -20 Uthållighet, +5 Initiativstyrka, +10 Inlärningsförmåga, +5 Provokation;;;;;;;;;3 kilo rent guld har dvärgarna i staden Safira smält för att göra denna enorma kedja, på den monterade man sedan ett drakhuvud också det av rent guld, två kristalliserade drakögon som lyste i blått satt i ögonhålorna. Pendanten ger dess bärare enorma krafter samtidigt som den tunga kedjan gör det svårt att bära den i strid.
996;jewelry;Människans flamma;Neck;35+;;Kritchans 0--20%;Kräver att du är av rasen människa;+6% Bashälsa, +6% Styrka, +6% Uthållighet;;;;;;;;;Ett enkelt men kraftfullt halssmycke, smitt av silver från Sandhems gruvor och välsignat av de gamla templens präster. Människans Vilja förstärker bärarens beslutsamhet och ger styrka i både ord och handling. När allt annat sviktar, står viljan kvar.
643;jewelry;Svart drakring;Finger;35+;400;Kritchans 0-1%;-;+1% Perfekt träff, +5 yxor, +5 svärd, +5 hammare, +5 stavar, +5 sköldar, +5 stickvapen, +5 kättingvapen, +3 Initiativstyrka, +2 Undvika anfall;Föremålssmide 7;1 x Draktand, 1 x Draköga;1 x Gul drakring;0;1200;;;;Sällsynt material och oerhörd precision krävs för att tillverka en ring likt denna. Ringen sägs spegla attribut hos den drake vars delar använts vid tillverkningen.
476;armor;Handskydd av drakben;Hands;35+;250;Block 16 (15%) · Vikt 2;180 Styrka;+2 Initiativstyrka;Rustningssmide 7;2 x Drakklo, 2 x Drakben;;0;500;;;;Ett par tunga handskar av drakben, smidda från småbenen för optimal flexibilitet och skydd.
1152;armor;Eldsmidda handskar;Hands;35+;;Block 2 · Vikt 1;200 Styrka;+3% Styrka;Rustningssmide 7;2 x Eldessens;;0;500;;;;Dessa handskar är smidda med eldens essens. Du känner eldens styrka inom dig när du tar på dig dessa.
831;jewelry;Anulus Industria;Finger;35+;500;Vikt -1;-;+10 Initiativstyrka, +15 Inlärningsförmåga, +20 Disciplin;;;;;;;;;Ringen är symbolen för flitens dygd, ett tecken på försoning.
1153;armor;Eldsmidda axelskydd;Shoulders;35+;;Block 2 · Vikt 1;200 Styrka;+3% Styrka;Rustningssmide 7;2 x Eldessens;;0;500;;;;Dessa axelskydd är smidda med eldens essens. Du känner eldens styrka inom dig när du tar på dig dessa.
644;jewelry;Drakdrottningens ring;Finger;35+;1000;Kritchans 0-1%;-;+1% Perfekt träff, +5 yxor, +5 svärd, +5 hammare, +5 stavar, +5 sköldar, +5 stickvapen, +5 kättingvapen, +3 Bashälsa, +3 Styrka, +3 Initiativstyrka, +2 Undvika anfall;Föremålssmide 8;1 x Drottningfjäll;1 x Grön drakring, 1 x Svart drakring;0;1000;;;;Sällsynt material och oerhörd precision krävs för att tillverka en ring likt denna. Ringen sägs spegla attribut hos den drake vars delar använts vid tillverkningen.
832;armor;Bröstplåt av generositet;Chest;35+;;Block 12 · Vikt 3;180 Styrka;+2 Bashälsa, +2 Styrka, +2 Uthållighet, +2 Initiativstyrka, +2 Undvika anfall;;;;;;;;;Bröstplåten är symbolen för generositetens dygd, ett tecken på försoning.
951;jewelry;Lila Mästarband;Bracelet;35+;120;-;-;+2% Perfekt träff, +40 Inlärningsförmåga;;;;;;;;;Ett armband för att påminna dig om din hårda träning och vad du dragit för lärdomar under tidens gång.
960;jewelry;Liraks kallsmidna ring;Finger;35+;;Kritchans 0-2%;-;+2% Perfekt träff, +6 yxor, +6 svärd, +6 hammare, +6 stavar, +6 sköldar, +6 stickvapen, +6 kättingvapen, +4 Bashälsa, +4 Styrka, +4 Initiativstyrka, +4 Undvika anfall;;;;;;;;;De mest kunniga och erfarna smederna på Vulkanön spenderade månader av arbete för att producera en ring olik alla andra. En ring vars metall har böjts efter smedens vilja, helt utan hjälpen av smedjans böljande eldar.En kallsmidd ring.
446;jewelry;Dräparens amulett;Amulet;35+;1000;Kritchans 0-1%;-;+2% Perfekt träff, +3 Bashälsa, +3 Styrka, +3 Uthållighet, +3 Initiativstyrka, +3 Undvika anfall, +5 Ledarskap;Föremålssmide 7;1 x Drakklo, 2 x Draktand, 1 x Draköga;;0;2000;;;;En amulett bestående av delar från en dräpt drake.Bärs med stolthet av de fåtal gladiatorer som lyckats med bragden att inte bara dräpa en typ av drake, utan flera.
1155;armor;Vindsvepta byxor;Legs;35+;;Block 2 · Vikt 1;160 Styrka, 100 Initiativstyrka;+5% Initiativstyrka;Rustningssmide 7;2 x Luftessens;;0;800;;;;Vävda av trådar som sägs ha färdats med vinden över världens högsta berg och djupaste dalar. Tyget följer varje rörelse utan att någonsin kännas tungt, som om vinden själv hjälper bäraren framåt.
940;armor;Garalsk bröstplåt;Chest;35+;500;Block 60 · Träffchans +-2 · Vikt 10;500 Styrka;-;;;;;;;;;
1058;jewelry;Drakkungens ring;Finger;35+;1000;Kritchans 0-2%;-;+2% Perfekt träff, +3 yxor, +3 svärd, +3 hammare, +3 stavar, +3 sköldar, +3 stickvapen, +3 kättingvapen, +5 Bashälsa, +5 Styrka, +5 Initiativstyrka, +5 Undvika anfall;;;;;;;;;Inte helt olik den mer etablerade drakdrottningsringen.
1060;armor;Guldharnesk;Chest;35+;250;Block 20 (20%) · Vikt 4;-;+35 Ledarskap;;;;;;;;;Om en ensam gladiator äger både Guldhjälm och Guldharnesk så kan dessa låsas ner. Vid nedlåsning blir båda delar själsbundna, och båda delar får ytterligare 25 poäng i ledarskap.
1156;armor;Havsbundna stövlar;Feet;35+;;Block 1;160 Styrka, 75 Undvika anfall;+5% Undvika anfall;Rustningssmide 7;2 x Vattenessens;;0;500;;;;Dessa stövlar är smidda med vattnets essens. Du känner vattnets kraft inom dig när du tar på dig dessa.
1099;jewelry;Drakskinnsmantel;Back;35+;250;Vikt 1;-;+10 Bashälsa, +8 Initiativstyrka, +8 Undvika anfall, -7 Provokation;;;;;;;;;Denna mantel är vävd av mörkt drakskinn, vars fjäll ännu glöder svagt som falnande kol. Den omsluter bäraren i en dov värme och låter ett främmande lugn slå rot i bröstet.
1157;armor;Havsbundna axelskydd;Shoulders;35+;;Block 1;160 Styrka, 75 Undvika anfall;+5% Undvika anfall;Rustningssmide 7;2 x Vattenessens;;0;500;;;;Dessa axelskydd är smidda med vattnets essens. Du känner vattnets kraft inom dig när du tar på dig dessa.
1158;armor;Vindsvepta skor;Feet;35+;;Block 2 · Vikt 1;160 Styrka, 100 Initiativstyrka;+5% Initiativstyrka;Rustningssmide 7;2 x Luftessens;;0;500;;;;Vävda av samma vindburna trådar som sägs ha korsat världens högsta berg och djupaste dalar. Stegen blir lätta och tysta, som om marken själv släpper taget om bäraren.
1162;armor;Jordhärdad hjälm;Head;35+;;Block 5 · Vikt 4;180 Styrka, 375 Bashälsa;+2% Bashälsa;Rustningssmide 7;2 x Jordessens;;0;800;;;;Smidd med jordens uråldriga kraft och hård som den sten den sägs vara formad ur. Hjälmen skyddar huvudet med en tyngd och stabilitet som får bäraren att stå stadigt även när de hårdaste slagen faller.
1106;jewelry;Ärelös Rovansk ring;Finger;35+;;Kritchans 0-1% · Träffchans +1 · Vikt -2;-;+1% Perfekt träff, -12 Bashälsa, +8 Initiativstyrka, +6 Undvika anfall, +10 Tur;;;;;;;;;En uråldrig ring besmyckad med förgyllda rönnbär och en liten fågel vars blick sägs vaka över bäraren. Ringen sägs göra både kropp och själ lättare.Rykten om dess ursprung är många. Kanske är det sjökaptenen som hittade den på en exotisk ö och gav till sin dotter. Kanske är den kärleksfullt handgjord i den lokala smedjan.. svaret - det får vi aldrig veta.
1110;armor;Eldkrona;Head;35+;;Block 12 · Vikt 1;180 Styrka;+2 Bashälsa, +2 Styrka, +2 Uthållighet, +2 Initiativstyrka, +2 Undvika anfall, -5 Provokation;;;;;;;;;Eldkronan är en krona smidd i ljus metall, vars yta tycks bära spår av eviga flammor. Mönstret löper som glödande ådror över kronans bågar, utan att någonsin brinna på riktigt – som om elden fångats i själva stålet.Den sägs vara buren av krigare som vandrat genom eld och strid utan att vika, och den inger både fruktan och respekt hos den som möter dess bärare. Eldkronan är inte mycket till skydd men den ger något mycket viktigare till dess bärare.
1159;armor;Vindsvepta handskar;Hands;35+;;Block 3 · Vikt 2;180 Styrka, 100 Initiativstyrka;+5% Initiativstyrka;Rustningssmide 7;2 x Luftessens;;0;500;;;;Vävda av vindburna trådar som rör sig mjukt med varje rörelse. Handskarna känns nästan viktlösa och sägs låta bäraren gripa, parera och slå med en snabbhet som vinden själv.
1121;armor;Ceremoniell tunika;Chest;35+;;Block 10 · Vikt 2;140 Styrka;+3 Bashälsa, +3 Initiativstyrka;Rustningssmide 8;1 x Trasig Ceremoniell tunika;;0;2000;;;;Denna ceremoniella tunika är rikt dekorerad. Tyget pryds av intrikata broderier med naturmotiv och knutornament, medan bröstet domineras av en Onimask. De tunga snoddarna och tofsarna förstärker dess högtidliga karaktär, och helheten signalerar att bäraren har en framstående eller rituell roll.
1160;armor;Havsbunden hjälm;Head;35+;;Block 2 · Vikt 1;160 Styrka, 75 Undvika anfall;+5% Undvika anfall;Rustningssmide 7;2 x Vattenessens;;0;800;;;;Denna hjälm är smidd med vattnets essens. Du känner vattnets kraft inom dig när du tar på dig den.
1163;armor;Jordhärdade byxor;Legs;35+;;Block 5 · Vikt 4;180 Styrka, 375 Bashälsa;+2% Bashälsa;Rustningssmide 7;2 x Jordessens;;0;800;;;;Härdade med jordens uråldriga kraft och förstärkta för att tåla både slag och fall. Tyget känns tungt och stabilt, som om varje steg förankrar bäraren djupare i marken.
1161;armor;Jordhärdad harnesk;Chest;35+;;Block 5 · Vikt 4;180 Styrka, 375 Bashälsa;+2% Bashälsa;Rustningssmide 7;2 x Jordessens;;0;800;;;;Härdad med jordens uråldriga kraft och smidd för att stå emot de hårdaste slagen. Harnesket känns tungt och orubbligt, som om bäraren själv blivit en del av berget.
1164;armor;Ångbundna axelskydd;Shoulders;35+;;Block 1;200 Styrka, 80 Undvika anfall;+4% Styrka, +2% Undvika anfall;Rustningssmide 7;2 x Vattenessens;1 x Eldsmidda axelskydd;0;500;;;;Ångbundna axelskydd, smidda i eld och bundna med vattenessens, omsluts ständigt av het, skyddande ånga.
1168;armor;Sandsmidda handskar;Hands;35+;;Block 3 · Vikt 2;160 Styrka, 475 Bashälsa, 100 Initiativstyrka;+2% Bashälsa, +7% Initiativstyrka;Rustningssmide 7;2 x Jordessens;1 x Vindsvepta handskar;0;500;;;;Smidda med öknens hårda och obarmhärtiga kraft. Den fina sanden har vävts in i materialet och ger handskarna en sträv yta som både skyddar händerna och ger ett säkert grepp i strid.
1165;armor;Frostsmidda axelskydd;Shoulders;35+;;Block 2 · Vikt 1;75 Undvika anfall, 250 Styrka;+2% Styrka, +7% Undvika anfall;Rustningssmide 7;2 x Eldessens;1 x Havsbundna axelskydd;0;500;;;;Frostsmidda axelskydd, härdade av is och eld, omsluter bäraren med bitande kyla och smidd styrka.
1169;armor;Stormhärdade byxor;Legs;35+;;Block 3 · Vikt 2;100 Initiativstyrka, 220 Styrka;+2% Styrka, +7% Initiativstyrka;Rustningssmide 7;2 x Eldessens;1 x Vindsvepta byxor;0;800;;;;Stormhärdade byxor, smidda i vind och blixt, omsluter bäraren med stormens råa kraft.
1166;armor;Kristalliserade byxor;Legs;35+;;Block 5 · Vikt 4;160 Styrka, 180 Initiativstyrka, 375 Bashälsa;+4% Bashälsa, +3% Initiativstyrka;Rustningssmide 7;2 x Luftessens;1 x Jordhärdade byxor;0;800;;;;Genomsyrade av kristallens rena och hårda kraft. Tyget har fått en skimrande, nästan kristallik yta som ger byxorna en ovanlig styrka utan att göra dem tunga eller begränsa bärarens rörelser.
1167;armor;Blixtsmidda handskar;Hands;35+;;Block 2 · Vikt 1;200 Styrka, 150 Initiativstyrka;+4% Styrka, +3% Initiativstyrka;Rustningssmide 7;2 x Luftessens;1 x Eldsmidda handskar;0;500;;;;Handskar smidda i åskans kraft, där elektriska urladdningar förstärker bärarens slag och får fiender att darra.
1171;armor;Lavasmitt harnesk;Chest;35+;;Block 5 · Vikt 4;200 Styrka, 475 Bashälsa;+1% Bashälsa, +4% Styrka;Rustningssmide 7;2 x Jordessens;1 x Eldsmitt harnesk;0;800;;;;Lavasmitt harnesk, härdat i eld och jord, omsluter bäraren i vulkanisk styrka och glödande kraft.
1172;armor;Natursmidd hjälm;Head;35+;;Block 5 · Vikt 4;160 Styrka, 475 Bashälsa, 75 Undvika anfall;+2% Bashälsa, +8% Undvika anfall;Rustningssmide 7;2 x Jordessens;1 x Havsbunden hjälm;0;800;;;;Smidd med naturens uråldriga kraft och formad för att följa bärarens huvud. Materialet känns levande och följsamt, samtidigt som det ger ett naturligt skydd mot slag och stötar.
1173;armor;Obsidianhärdat harnesk;Chest;35+;;Block 3 · Vikt 2;375 Bashälsa, 260 Styrka;+3% Bashälsa, +2% Styrka;Rustningssmide 7;2 x Eldessens;1 x Jordhärdad harnesk;0;800;;;;Obsidianhärdat harnesk, smitt i svart sten och glödande hetta, omsluter bäraren i vulkanisk styrka och orubbligt skydd.
1174;armor;Dimbundna stövlar;Feet;35+;;Block 1;75 Undvika anfall, 200 Styrka;+4% Initiativstyrka, +7% Undvika anfall;Rustningssmide 7;2 x Luftessens;1 x Havsbundna stövlar;0;500;;;;Dimbundna stövlar sveper bärarens steg i kall dimma och låter dem röra sig ljudlöst som vinden.
1175;armor;Snösmidda skor;Feet;35+;;Block 1;160 Styrka, 250 Undvika anfall, 100 Initiativstyrka;+7% Initiativstyrka, +4% Undvika anfall;Rustningssmide 7;2 x Vattenessens;1 x Vindsvepta skor;0;500;;;;Smidda med kraften från evig vinter och packad snö. Skorna håller fötterna kalla och lätta, medan deras frostiga yta ger ett säkert grepp även på de halaste underlagen.
239;consumable;Ungdomens Flamma;;35+;;Cooldown 0 sekunder;Kräver att du är gammal;-;;;;;;;;;En ålderdomlig mixtur, vars eldiga essens sägs brinna bort tidens börda. Den som dricker den känner sin kropp återfå sin forna styrka, smidighet och kraft – en sista chans att återvända till ungdomens dagar och slåss som i sina glansår.
154;consumable;Isdrakens essens;;35+;2000;Varaktighet 90 · Cooldown 0 sekunder;-;+8% Perfekt träff, +6% Styrka, +6% Uthållighet, +6% Initiativstyrka, +6% Undvika anfall;;;;;;;;;
31;consumable;Svart drakessens;;35+;1000;Varaktighet 90 · Cooldown 0 sekunder;-;+1% Perfekt träff, +5% Bashälsa, +5% Styrka, +5% Uthållighet, +5% Initiativstyrka, +5% Undvika anfall;Alkemi 8;1 x Draktand, 1 x Draköga;;0;1300;;;;Essensen av en svart drake utvunnen av en mycket extraordinär alkemist.
12;enchant;Elegant Excellent Rubin;;35+;1;-;-;+3% Perfekt träff;Vapensmide 8;2 x Excellent Rubin;;0;1250;;;;
13;enchant;Kraftfull Excellent Rubin;;35+;1;-;-;+1% Perfekt träff;Vapensmide 8;2 x Excellent Rubin;;0;1250;;;;
24;enchant;Kraftfull Excellent Safir;;35+;1;-;-;-;Vapensmide 8;2 x Excellent Safir;;0;1250;;;;
25;enchant;Balanserad Excellent Safir;;35+;1;-;-;+7 Bashälsa;Vapensmide 8;2 x Excellent Safir;;0;1250;;;;
34;enchant;Elegant Excellent Topas;;35+;1;-;-;+9 Undvika anfall;Vapensmide 8;2 x Excellent Topas;;0;1250;;;;
35;enchant;Kraftfull Excellent Topas;;35+;1;-;-;-;Vapensmide 8;2 x Excellent Topas;;0;1250;;;;
36;enchant;Balanserad Excellent Topas;;35+;1;-;-;+5 Undvika anfall;Vapensmide 8;2 x Excellent Topas;;0;1250;;;;
45;enchant;Elegant Excellent Smaragd;;35+;1;-;-;-;Vapensmide 8;2 x Excellent Smaragd;;0;1250;;;;
46;enchant;Kraftfull Excellent Smaragd;;35+;1;-;-;+9 Initiativstyrka;Vapensmide 8;2 x Excellent Smaragd;;0;1250;;;;
47;enchant;Balanserad Excellent Smaragd;;35+;1;-;-;-;Vapensmide 8;2 x Excellent Smaragd;;0;1250;;;;
56;enchant;Elegant Excellent Opal;;35+;1;-;-;+10 Styrka;Vapensmide 8;2 x Excellent Opal;;0;1250;;;;
57;enchant;Kraftfull Excellent Opal;;35+;1;-;-;-;Vapensmide 8;2 x Excellent Opal;;0;1250;;;;
58;enchant;Balanserad Excellent Opal;;35+;1;-;-;+7 Styrka;Vapensmide 8;2 x Excellent Opal;;0;1250;;;;
67;enchant;Elegant Excellent Onyx;;35+;1;-;-;+10 Uthållighet;Vapensmide 8;2 x Excellent Onyx;;0;1250;;;;
68;enchant;Kraftfull Excellent Onyx;;35+;1;-;-;-;Vapensmide 8;2 x Excellent Onyx;;0;1250;;;;
69;enchant;Balanserad Excellent Onyx;;35+;1;-;-;-;Vapensmide 8;2 x Excellent Onyx;;0;1250;;;;
94;enchant;Francisca;;35+;1;-;-;-;;;;;;;;;
95;enchant;Bellus Arcus;;35+;1;-;-;+3% Bashälsa, +6% Undvika anfall;;;;;;;;;
96;enchant;Plumbata;;35+;1;-;-;-6% Styrka, -9 Initiativstyrka;;;;;;;;;
100;enchant;Vulkanbesvärjelse;;35+;1;-;-;+3 Styrka;Vapensmide 8;1 x Excellent vulkansten;;0;1500;;;;
109;enchant;Kajsas välsignelse;;35+;500;-;-;-;;;;;;;;;
14;enchant;Balanserad Excellent Rubin;;35+;1;-;-;+2% Perfekt träff;Vapensmide 8;2 x Excellent Rubin;;0;1250;;;;
23;enchant;Elegant Excellent Safir;;35+;1;-;-;+10 Bashälsa;Vapensmide 8;2 x Excellent Safir;;0;1250;;;;
139;enchant;Vitskimrande ädelsten;;35+;500;-;-;+12 Undvika anfall;;;;;;;;;En ädelsten från Nedlims kista.
140;enchant;Blåskimrande ädelsten;;35+;1;-;-;+15 Bashälsa;;;;;;;;;
108;enchant;Gudalöst armborst;;35+;1;-;-;+25 Styrka;;;;;;;;;Detta armborst bär en förbannelse som gör den till anatema för all form av religiositet. Det är tillverkat av svart trä och osedvanligt tungt för sin ringa storlek. Håller man det i sina händer och lyssnar riktigt noga kan man ibland tycka sig höra en låg viskning…men vad den säger är svårt att avgöra. Om armborstets bärare tillhör ett religiöst sällskap går det inte att använda. Pilarna slinter, avfyrningsmekanismen går i baklås eller så går strängen helt enkelt av. Bär detta vapen med försiktighet, för att använda det i strid kan signalera saker du inte avser att signalera.
125;enchant;Ödmjukhetens kastspjut;;35+;500;-;-;+10 Initiativstyrka, +15 Ledarskap;;;;;;;;;Kastspjut är symbolen för ödmukhetens dygd, ett tecken på försoning.
142;enchant;Fjärran fornstyrka;;35+;700;-;-;+8% Styrka, -3% Bashälsa;;;;;;;;;Dessa besvärjelser bär på kraft från platser långt bortom Stenhems murar. De är sällsynta, dyrbara och kan endast fästas vid tvåhandsvapen. Ursprung, innebörd och effekt varierar – men alla bär spår av fjärran världar och uråldrig kamp.
143;enchant;Främmande ursnabbhet;;35+;700;-;-;+30% Initiativstyrka, -15 Undvika anfall;;;;;;;;;Dessa besvärjelser bär på kraft från platser långt bortom Stenhems murar. De är sällsynta, dyrbara och kan endast fästas vid tvåhandsvapen. Ursprung, innebörd och effekt varierar – men alla bär spår av fjärran världar och uråldrig kamp.
149;enchant;Vandrad mästarskärpa;;35+;700;-;-;+3% Perfekt träff;;;;;;;;;Dessa besvärjelser bär på kraft från platser långt bortom Stenhems murar. De är sällsynta, dyrbara och kan endast fästas vid tvåhandsvapen. Ursprung, innebörd och effekt varierar – men alla bär spår av fjärran världar och uråldrig kamp.
129;enchant;Svart runsten;;35+;1;-;-;+7 Uthållighet;Vapensmide 8;10 x Försvagat runfragment;;0;500;;;;Den svarta runstenen, som kanaliserar väktarnas urkraft, kan endast tillverkas av runor från Vulkanön.
146;enchant;Främmande rytm;;35+;700;-;-;+11% Undvika anfall, -10 Styrka;;;;;;;;;Dessa besvärjelser bär på kraft från platser långt bortom Stenhems murar. De är sällsynta, dyrbara och kan endast fästas vid tvåhandsvapen. Ursprung, innebörd och effekt varierar – men alla bär spår av fjärran världar och uråldrig kamp.
147;enchant;Fjärran tyngdlöshet;;35+;700;-;-;-10 Initiativstyrka;;;;;;;;;Dessa besvärjelser bär på kraft från platser långt bortom Stenhems murar. De är sällsynta, dyrbara och kan endast fästas vid tvåhandsvapen. Ursprung, innebörd och effekt varierar – men alla bär spår av fjärran världar och uråldrig kamp.
155;enchant;Vandrad slutdom;;35+;700;-;-;-;;;;;;;;;Dessa besvärjelser bär på kraft från platser långt bortom Stenhems murar. De är sällsynta, dyrbara och kan endast fästas vid tvåhandsvapen. Ursprung, innebörd och effekt varierar – men alla bär spår av fjärran världar och uråldrig kamp.
154;enchant;Vandrad livskraft;;35+;700;-;-;+11 Uthållighet, +11 Bashälsa, +11 Styrka;;;;;;;;;Dessa besvärjelser bär på kraft från platser långt bortom Stenhems murar. De är sällsynta, dyrbara och kan endast fästas vid tvåhandsvapen. Ursprung, innebörd och effekt varierar – men alla bär spår av fjärran världar och uråldrig kamp.
136;enchant;Föraktets Spegel;;35+;1;-;-;-10 Provokation, +10 Provokation;;;;;;;;;
128;enchant;Nyanserad runsten;;35+;1;-;-;+10 Styrka;Vapensmide 8;10 x Försvagat runfragment;;0;500;;;;Den nyanserade runstenen, som kanaliserar väktarnas urkraft, kan endast tillverkas av runor från Vulkanön.
152;enchant;Fjärran urkraft;;35+;700;-;-;-;;;;;;;;;Dessa besvärjelser bär på kraft från platser långt bortom Stenhems murar. De är sällsynta, dyrbara och kan endast fästas vid tvåhandsvapen. Ursprung, innebörd och effekt varierar – men alla bär spår av fjärran världar och uråldrig kamp.
802;armor;Isförstärkt stålharnesk;Chest;40+;;Block 35 (35%) · Vikt 4;210 Styrka;-4% Bashälsa;Rustningssmide 9;1 x Dödens vingar, 1 x Nattskärva, 4 x Svarta tårar, 3 x Dödsstål, 2 x Svartstoft;;0;675;;;;
797;armor;Efterlivets brynjehuva;Head;40+;500;Block 25 (25%) · Vikt 2;160 Styrka;-1% Bashälsa, -2% Styrka, -2 Uthållighet, -2 Undvika anfall;Rustningssmide 9;4 x Dödens vingar, 3 x Nattskärva, 2 x Svarta tårar, 1 x Dödsstål, 1 x Svartstoft;;0;600;;;;
806;armor;Isförstärkta stålskor;Feet;40+;;Block 28 (30%) · Vikt 2;210 Styrka;-12 Undvika anfall;Rustningssmide 9;3 x Dödens vingar, 2 x Nattskärva, 1 x Svarta tårar, 1 x Dödsstål, 4 x Svartstoft;;0;500;;;;
783;jewelry;Tvingande fokus;Neck;40+;;Träffchans +5 · Vikt 1;-;-;;;;;;;;;Detta märkliga föremål används av vissa exotiska krigarstammar för att träna. Magin i det fokuserar bärarens sinne, precis på samma vis som en lins kan fokusera solens strålar till en singulär brännande punkt. Det är därför svårare att tappa uppmärksamheten i strid, något som är användbart för gladiatorer som drar mer åt det klumpiga och fumliga hållet.
808;armor;Narrens vantar;Hands;40+;;Block 25 · Träffchans +-5 · Vikt 3;-;+20 Provokation;;;;;;;;;Klädda med bjällror och mycket tjockare än man kan tro vid första anblick är dessa vantar som gjorda för den som vill distrahera och irritera sina fiender, och samtidigt motstå de slag man kan attrahera när man bär dem. Bjällrorna gör dock också att man telegraferar sina attacker mer, och därför kan det bli svårare att få in en träff på motståndaren.Färgerna i vantarna är bjärta och klara, och de är mycket vackert och omsorgsfullt dekorerade
791;jewelry;Blyförstärkt mantel;Back;40+;;Vikt 4;300 Styrka;+45 Bashälsa, -15 Initiativstyrka;;;;;;;;;Denna mörkgråa mantel är otroligt tung då den fodrats med bly på insidan. Det gör att bäraren kan tåla mycket mer stryk än tidigare, men det är också väldigt svårt att göra hastiga rörelser med den på sig.På grund av tyngden fladdrar manteln inte alls i vinden, vilket kan ge ett kusligt intryck.
784;jewelry;Maratonkedja;Neck;40+;;-;-;+12 Bashälsa, +12 Uthållighet;;;;;;;;;En berättelse man då och då kan höra på Blå Muren är den om alven Sedipi, som för mycket länge sedan sprang en makalöst lång sträcka för att varna sina fränder om en annalkande fiendestyrka. Denna kedja skapades för att hedra Sedipis atletiska storbragd, och anledningen till varför den heter som den gör är förlorad i tidens dimma. Oavsett gör den sin bärare mer uthållig och mer stryktålig, precis som Sedipi.
786;jewelry;Diamantamulett;Amulet;40+;;-;-;+6 Bashälsa, +6 Styrka, +11% Uthållighet, +11% Initiativstyrka, +5 Ledarskap;;;;;;;;;I en tunn silverkedja hänger en glänsande, cirkulär amulett. Den är gjord av diamant, en av de mest värdefulla ädelstenar man känner till. Denna amulett bär också på en kraftfull besvärjelse, men det är oklart om det är ett attribut som är inneboende i diamanten eller om det är en extern magi som lagts över den.Hur det än ligger till ökar den många av bärarens egenskaper.
790;jewelry;Den lättfotades mantel;Back;40+;;Vikt -1;-;+8 Undvika anfall, +8% Undvika anfall;;;;;;;;;Magin i denna mantel gör bärarens fötter lätta som luft. Stegen blir helt ljudlösa och mycket snabbare än tidigare, vilket gör det mycket svårt att träffa någon som bär detta mästerverk till klädesplagg.Den är också mycket vacker, med silvertrådar inbroderade i det ljusblåa tyget med en teknik som på något sätt påminner om en varm sommarbris.
809;armor;Salamanthskinnhandskar;Hands;40+;;Block 12 · Kritchans 0-2% · Träffchans +2 · Vikt -2;-;+2% Perfekt träff;;;;;;;;;Det kan tyckas groteskt att en salamanth säljer handskar tillverkade av sina artfränders hud, men det är inte alls så hemskt. Lirak förklarar att salamanther ömsar sitt skinn en gång om året, och eftersom deras hud är naturligt tålig och hård - samtidigt som den är mycket tunn och lätt - brukar de samla in det ömsade skinnet och tillverka saker av det. Något osmakligt kanske, men rustningen blir bra.Lirak förklarar också att ömsandet är en smärtsam och långdragen process på grund av skinnets seghet. Det brukar ta flera dagar för en salamanth att göra sig av med all hud och under den tiden är de mer eller mindre ur kommission, och kan inte göra mycket annat än att skava, klia sig och bäst de kan försöka flå sig själva.
792;jewelry;Den osynliges mantel;Back;40+;;-;-;+3% Perfekt träff, -15 Provokation;;;;;;;;;Trots att det inte är en sann osynlighetsmantel är det något med detta plagg som gör bäraren svår att lägga märke till. Den är mycket alldaglig till sitt utseende, på ett sätt som gör att man har svårt att beskriva den även medan man tittar på den. Bäraren blir därför, på sätt och vis, osynlig.Manteln är alldagligt gråbrun, eller möjligtvis blekt grön. Eller är den vit? För en stund sen var du säker på att den var grå men…nu vet du inte. Vilken mantel var det ens du tänkte på?
794;jewelry;Perfektionistens armband;Bracelet;40+;;Kritchans 0-6%;-;-5 Initiativstyrka;;;;;;;;;Namnet är förmodligen ironiskt, för det ser ut som att ett klumpigt trollbarn har tillverkat detta armband. Det sitter snett och obekvämt, fästet är nästan av och färgen har skavts av på flera ställen. Kanske är det alla dessa skavanker som gör att bäraren får en skarpt förhöjd förmåga att själv utföra sina utfall med outsäglig precision.
795;jewelry;Bärsärkens armband;Bracelet;40+;;Träffchans +-5;-;+10% Styrka, +10 Initiativstyrka, -8 Undvika anfall;;;;;;;;;Ett blodrött läderarmband prytt av grova, kantiga runor. En svag, näst intill osynlig, röd rök omger armbandet. Kanske är det inandningen av denna rök som ger bäraren förmågan att falla in i ett transliknande raseri. I detta tillstånd kastar bäraren all försiktighet åt vinden och uppbådar en skräckinjagande inre styrka. Att stå i vägen för en bärsärk är en dålig idé, men det är inte heller riskfritt att bära detta armband.
799;armor;Efterlivets axelskydd;Shoulders;40+;;Block 20 (20%);160 Styrka;-4% Styrka;Rustningssmide 9;1 x Dödens vingar, 4 x Nattskärva, 3 x Svarta tårar, 2 x Dödsstål, 1 x Svartstoft;;0;500;;;;
865;jewelry;Blått veteranband;Bracelet;40+;;-;Kräver att du har bedriften Rankingpoängsveteran;+2% Perfekt träff, +6 Initiativstyrka, +30 Ledarskap;;;;;;;;;
804;armor;Isförstärkta stålbenskydd;Legs;40+;;Block 35 (35%) · Vikt 4;210 Styrka;-12 Uthållighet;Rustningssmide 9;2 x Dödens vingar, 1 x Nattskärva, 1 x Svarta tårar, 4 x Dödsstål, 3 x Svartstoft;;0;550;;;;
862;jewelry;Förhäxad ögonbindel;Trinket;40+;;Kritchans 0--3%;75 Undvika anfall;+15% Styrka;;;;;;;;;
859;jewelry;Styrka från gamla minnen;Trinket;40+;;-;Kräver att du är gammal eller uråldrig, Kräver att du har bedriften Erfaren turneringsvinnare;+8% Bashälsa, +8% Styrka, +8% Uthållighet, +8% Initiativstyrka, +8% Undvika anfall;;;;;;;;;
866;jewelry;Rött veteranband;Bracelet;40+;;Träffchans +2;Kräver att du har bedriften Rankingpoängsveteran;+2% Perfekt träff, +25 Provokation;;;;;;;;;
861;jewelry;Skimrande runa;Trinket;40+;;-;-;+5% Bashälsa, +6 Styrka, +6 Initiativstyrka;;;;;;;;;
793;jewelry;Fjäderarmband;Bracelet;40+;;Vikt -2;-;+3% Initiativstyrka, +3 Initiativstyrka, +2% Undvika anfall, +2 Undvika anfall;;;;;;;;;Skinande fjädrar i regnbågens alla färger pryder detta storslagna armband. När solens strålar träffar fjädrarna i rätt vinkel ser det ut som att de börjar glöda. Vilka varelser dessa fjädrar kommer ifrån är osäkert, men Lirak mumlade något kryptiskt om att “det är inte bara fåglar som har fjädrar”.De gör bäraren snabb och mer lättrörlig, vilket underlättar både offensivt och defensivt.
800;armor;Isförstärkt axelskydd;Shoulders;40+;;Block 28 (30%) · Vikt 2;210 Styrka;-4% Styrka;Rustningssmide 9;1 x Dödens vingar, 4 x Nattskärva, 3 x Svarta tårar, 2 x Dödsstål, 1 x Svartstoft;;0;500;;;;
807;armor;Vulkanhandskar;Hands;40+;;Block 28 (30%) · Vikt 2;200 Styrka;-15 yxor, -15 svärd, -15 hammare, -15 stavar, -15 stickvapen, -15 kättingvapen, +4% Styrka;;;;;;;;;Dessa handskar är tillverkade av tjockt läder och förstärkta med en vulkanisk stenart som är otroligt hård men förvånansvärt lätt. De är kolsvarta med röda strimmor insprängda i stenen, kanske rester av vulkanen de kommer från.Eftersom handskarna är så hårda minskar de rörligheten i bärarens händer, men det utmärkta skyddet de bidrar med kompenserar för detta. Dessutom pratar Lirak om att det finns svaga spår av “vulkankraft” i handskarna, rester av en uråldrig magi som han inte vill berätta mer än så om.
801;armor;Efterlivets harnesk;Chest;40+;;Block 25 (25%) · Vikt 2;160 Styrka;-4% Bashälsa;Rustningssmide 9;1 x Dödens vingar, 1 x Nattskärva, 4 x Svarta tårar, 3 x Dödsstål, 2 x Svartstoft;;0;675;;;;
789;jewelry;Veteranamulett;Amulet;40+;;Kritchans 0-1% · Träffchans +1;-;+1% Perfekt träff, +2% Bashälsa, +3% Styrka, +3% Uthållighet, +3% Initiativstyrka, +3% Undvika anfall, +30 Ledarskap;;;;;;;;;Denna amulett bär på essensen från en krigare som vigt sitt liv åt striden. Den består av en mycket liten grön kristallflaska, i vilken en tjock rök evigt virvlar omkring, som hänger i ett enkelt lädersnöre, och den gör sin bärare lite bättre på nästan allting.Vilken krigares essens flaskan innehåller och hur den hamnat där? Det är bäst att inte tänka på det.
116;enchant;Stridens hetta: Smaragd;;40+;1;-;-;+3 Initiativstyrka, +1% Initiativstyrka;;;;;;;;;
118;enchant;Stridens hetta: Safir;;40+;1;-;-;+5 Styrka, +5 Styrka;;;;;;;;;
117;enchant;Stridens hetta: Rubin;;40+;1;-;-;+6 Initiativstyrka;;;;;;;;;
119;enchant;Stridens hetta: Onyx;;40+;1;-;-;+5 Uthållighet;;;;;;;;;
113;enchant;Vinnarens besvärjelse;;40+;1;-;-;-;;;;;;;;;
114;enchant;Stridens hetta: Topas;;40+;1;-;-;+8 Undvika anfall;;;;;;;;;
115;enchant;Stridens hetta: Opal;;40+;1;-;-;+8 Styrka;;;;;;;;;
812;jewelry;Dödens mantel;Back;45+;;Vikt -1;-;+4% Bashälsa, +4% Styrka, +4% Uthållighet, +4% Initiativstyrka, +4% Undvika anfall;;;;;;;;;
65;material;Blodpint;;-;8;-;-;-;;;;;;Durin Hammarhjälm;Ajakava, Desertör, Goblinsk jägare, Havsjätte, Huggorm, Infernalisk spindel, Jättespindel, Kättare, Liten eldelementar, Smådjävul, Stor huggorm, Tiger, Tistelbi, Ung tiger, Ungt sto, Uråldrig cyklop, Vildsvin, Ökentroll;Vätska;Varierande färg och smak beroende på ursprung.
39;material;Bhorgolpäls;;-;150;-;-;-;;;;;;Kajsa Fjärdingsväg;Bhorgol, Utstött bhorgol;Exotiskt;En stor päls tagen från en fallen bhorgol är utmärkt material för att skapa fina kläder och mantlar.
97;material;Björkris;;-;;-;-;-;;;;;;;;;
83;material;Bronspollett;;-;;-;-;-;;;;;;;;;Värd 1 poäng i Olympiaden.
77;material;Excellent Rubin;;-;250;-;-;-;;;;;;;Apellonisk Bjorc, Bergatroll, Cervusbagge, Drakdrottning, Drakprins, Havsrå, Tengu;;
71;material;Rubin;;-;150;-;-;-;;;;;;;Onkhpatriark;;
94;material;Vitsippsbukett;;-;;-;-;-;;;;;;;;Unik;10 vitsippor blir en fin bukett....
148;material;Besättningsbindel;;-;;-;-;-;;;;;;;;;En svartvit besättningsbindel som markerar tillhörighet, rang och lojalitet. Den bärs av dem som svurit sin plats i besättningen och fungerar som ett synligt tecken på ansvar och inflytande.
293;weapon;Goblinsk påk;Mace;1-19;30;Skada 7-8 · Krit 9 + (10% till 10%) · Kritchans 0-1% · Hållbarhet 35 · Block/runda 2 · Dual · Vikt 7 · Ench 1;Kräver att du är av rasen goblin, 55 Styrka, 50 Hammare (rek);+2 Styrka, +2 Tur;;;;;;;;;En liten och enkel träpåk täljd av en uttråkad goblin. Populär bland nya gladiatorer i stenhem.
480;weapon;Goblinsk skogsdolk;Spear;1-19;35;Skada 2-4 · Krit 5 + (1% till 5%) · Kritchans 0-3% · Hållbarhet 40 · Block/runda 2 · Dual · Vikt 2 · Ench 1;Kräver att du är av rasen goblin, 20 Styrka, 60 Stickvapen (rek);+2% Perfekt träff, +4 Styrka, +4 Undvika anfall, +1 Tur;;;;;;;;;En liten och enkel dolk, perfekt redskap för att befria oanade resenärer längs skogsvägarna från sina silvermynt.
6;armor;Tygbyxor;Legs;1+;1;Block 1;20 Styrka;-;;;;;;;;;Simpla byxor gjorda i någon form av tyg, troligen en blandning av bomull och linne. Ger minimalt skydd men väger knappt någonting vilket ger gladiatorn full möjlighet att röra sig som vanligt.
491;jewelry;Bergets essens;Trinket;1+;150;Vikt 1;Kräver att du är av rasen odöd;+10% Bashälsa, +5% Styrka, -20% Undvika anfall, -10 Inlärningsförmåga;;;;;;;;;Denna sten är onekligen någonting utöver det vanliga. Längst ner, i de djupaste av dvärggruvor, har denna sten brutits loss under de praktfulla bergen i sydost. Den här stenen och de få likt den som finns har ett stort symboliskt värde för dvärgarna som ett bevis på att de erövrat bergen de bor i. Den som bär med sig en sten likt denna, sägs väcka en uråldrig kraft inom sig och bli mycket stark. En viss bitterhet i personligheten sägs vara en vanlig bieffekt.
18;armor;Onkhvävsbyxor;Legs;1+;20;Block 3 · Vikt 2;50 Styrka;+1 Bashälsa;Rustningssmide 1;1 x Päls;;0;80;;;;Byxor gjorda av vävd onkh-päls, ett material som ger ett något bättre skydd för bäraren än dess motsvarighet av tunnare tyg.  Det mesta talar för att de desperata gatubarn som samlar in onkhernas hår besitter mer mod än de gladiatorer som bär detta plagg.
540;jewelry;Goblinskt ölstop;Trinket;1+;90;-;Kräver att du är av rasen goblin;+7 yxor, +7 svärd, +2 Bashälsa;;;;;;;;;Flesta goblins är inte kända för sitt stora mod eller tåliga hälsa. Däremot efter några rejäla klunkar ur detta stop kan även den vekaste goblin stirra ner ett rusande troll
306;armor;Benskydd i trä;Legs;1+;;Block 4 (10%) · Vikt 1;-;-;;;;;;;;;En gammal tillsågad planka fastspänd på utsidan låret kanske inte ger så mycket skydd. Men det är iallafall bättre än ingenting.
467;jewelry;Lärdomsbrosch;Trinket;1+;;-;-;+2 Initiativstyrka, +5 Inlärningsförmåga;;;;;;;;;En enkel brosch som verkar vara av signifikans både för yngre gladiatorer som bär den med stolthet, och äldre som beundrar den med varm nostalgi,
438;armor;Protegens bröstplåt;Chest;1+;;Block 2 · Vikt 1;60 Styrka;+1 yxor;Rustningssmide 5;1 x Järn, 1 x Stål, 1 x Alvsilver;;0;2000;;;;En lätt och enkelt utsmyckad rustning gjord för välsponsrade nybörjare i arenan.
440;armor;Protegens benskydd;Legs;1+;;Block 2 · Vikt 1;60 Styrka;+1 yxor;Rustningssmide 5;1 x Päls, 1 x Läder, 1 x Siden;;0;1500;;;;En lätt och enkelt utsmyckad rustning gjord för välsponsrade nybörjare i arenan.
8;armor;Läderbyxor;Legs;1+;40;Block 3 · Vikt 2;30 Styrka;+1 Initiativstyrka, +1 Undvika anfall;Rustningssmide 2;1 x Läder;;0;90;;;;Byxor ihopsydda av återvunna läderbitar som stadens sömmare troligtvis har plundrat från fallna gladiatorer. Materialets tyngd och styvhet hämmar gladiatorns rörlighet något men ger också ett bättre skydd än dess motsvarighet i tyg. Må detta plagg tjäna dig bättre än dess tidiga bärare.
743;jewelry;Nibhels essens;Trinket;1+;;Kritchans 0-2% · Vikt 1;Kräver att du är av rasen odöd;+10% yxor, +10% svärd, +10% hammare, +10% stavar, +10% sköldar, +10% stickvapen, +10% kättingvapen, +2% Bashälsa;;;;;;;;;"Vid första anblick är denna märkliga essens inte så märklig. Snarare är den påfallande lik stadens essens. Vid närmre skådning noterar man dock att det finns mycket små karvade bokstäver i den, som på mannaspråk stavar: ""Nibhel"". Ingen vet riktigt varför och Nibhel själv blir märkbart irriterad av dess existens och har fler än en gång önskat att de få exemplar som finns ska förstöras."
41;consumable;Oärlighetens brygd;;1+;50;Cooldown 8 timmar;-;-;;;;;;;;;En brygd för den som känner sig lite för hederlig och vill bejaka sina mörka impulser.
27;consumable;Dvärgbryggt mjöd;;1+;10;Varaktighet 90 · Cooldown 0 sekunder;-;-5 Initiativstyrka, -5 Undvika anfall, +10 Provokation;Alkemi 1;1 x Blodpint;;0;100;;;;Ett rejält stop dvärgbryggt mjöd. Gör dig något långsammare men vissa gladiatorer kan behöva lite flytande mod innan de stiger in i arenan.
102;consumable;Sinnesbrygd;;1+;;Cooldown 0 sekunder;-;+10 Inlärningsförmåga;;;;;;;;;
1;consumable;Blodsdryck;;1+;20;Varaktighet 360 · Cooldown 0 sekunder;-;+5 Bashälsa;Alkemi 1;3 x Blodpint;;0;150;;;;En lätt bubblande, tunn och rinnig dryck som påminner obehagligt mycket om blod.
193;consumable;Blodbärsärk;;1+;;Varaktighet 1440 · Cooldown 0 sekunder;Kräver att du är av rasen ork;+5 Styrka, +2 Initiativstyrka;;;;;;;;;Det är troligtvis bara blod från slaktdistriktet i Stenhem, men det spelar ingen roll för en ork med hämdfantasier och stridsfetisch. För en ork kan det likväl vara blodet av stupad fiende, och effekten är densamma!
83;enchant;Kortbåge;;1+;1;-;-;+3 Undvika anfall, +3 Bashälsa;;;;;;;;;
1055;jewelry;Ibs monokel;Amulet;5+;;Kritchans 0-1%;-;+15 Inlärningsförmåga, +5 Tur, +5 Disciplin;;;;;;;;;Du tycks kunna läsa bättre med denna.
171;jewelry;Blodrubin;Bracelet;7+;250;-;Kräver att du är av rasen troll, Kräver att du är av rasen ork, Kräver att du är av rasen goblin;+2 Uthållighet, +2 Initiativstyrka, +1 Undvika anfall;;;;;;;;;
1021;shield;Liten björnsköld;Shield;10+;160;Absorption 18 · Kritchans 0-2% · Hållbarhet 23 · Block/runda 2 · Vikt 11 · Ench 1;120 Styrka, 40 Sköldar (rek);+6 Styrka;;;;;;;;;
212;weapon;Bredsvärd;Sword;10+;116;Skada 7-12 · Krit 13 + (1% till 5%) · Kritchans 0-4% · Hållbarhet 74 · Block/runda 2 · Dual · Vikt 9 · Ench 1;60 Styrka, 80 Svärd (rek);+1% Perfekt träff;;;;;;;;;Bredsvärdet är något kortare än ett långsvärd och mäter kring 30 tum. Svärdet är dubbelkantat för att kunna hugga med bägge sidor. Den vassa och styva spetsen gör att det även duger gott att sticka med.
89;jewelry;Blodsring;Finger;10+;100;-;Kräver att du är av rasen dvärg, Kräver att du är av rasen människa, Kräver att du är av rasen ork, Kräver att du är av rasen troll, Kräver att du är av rasen goblin;-10 Bashälsa, +10 Styrka;;;;;;;;;En tunn ring av ett svartblodsmetal. Vid närmare åsyn tycks ringens metal vara närmast flytande. Ringen bär på en förbannelse, i utbyte mot blod ger ringen dess ägare magiska egenskaper.
1024;jewelry;Goblinens knep;Neck;10+;;Kritchans 0-1%;Kräver att du är av rasen goblin;+1% Perfekt träff, +3 Styrka, +2 Initiativstyrka;;;;;;;;;Smitt i hemlighet av stulna metaller bär detta halsband på otaliga små, okända juveler. Goblinens Trick är oberäkneligt. Ibland räddar det livet, ibland ställer det till med kaos. Ett perfekt val för den som litar mer på tur än planering.
128;jewelry;Smidesgillets berlock;Neck;10+;150;-;Kräver att du är av rasen människa, Kräver att du är av rasen dvärg;+2 yxor, +2 svärd, +2 sköldar;;;;;;;;;Innan denna bellock blev populär bland Stenhems gladiatorer bars den traditionellt av stadens smeder för att signalera medlemskap i smedernas gille. Den pryds av flertalet vackra stenar, men mest iögonfallande och utmärkande är den smaragd som hänger i mitten av bellocken. Smaragder sågs bland de gamla smederna bringa sin bärare klarhet, visdom och förnuft.
988;jewelry;En liten plåtburk;Trinket;10+;-100;Träffchans +1;-;+1% Perfekt träff, +1 Bashälsa, +1 Uthållighet, +1 Initiativstyrka, +1 Undvika anfall, +10 Tur;;;;;;;;;En enkel burk, bucklig och sliten, formad av tiden och kaoset. En burk som sett mer än den borde, sparkad genom stadens gator, kastad i ilska och upplockad i eftertanke.De flesta trodde att det bara fanns en. Men sanningen är mer komplex än så.Varje repa berättar en historia, varje buckla vittnar om en kamp. Vissa burkar har redan försvunnit med tiden, andra ersatts. Men den här… den här hade hängt med länge. Kanske längre än den borde.Inget varar för evigt. Inte ens metall. Men tills den dagen kommer – tjänar den sin ägare.
931;jewelry;Liten exotisk odjursbrosch;Trinket;10+;500;-;-;+2 Bashälsa, +2 Styrka, +1 Uthållighet, +1 Initiativstyrka, +1 Undvika anfall;;;;;;;;;En liten brosch gjort i metall med en avbildning av en exotisk best.
104;shield;Björnsköld;Shield;15+;225;Absorption 25 · Kritchans 0-2% · Hållbarhet 38 · Block/runda 2 · Vikt 13 · Ench 1;160 Styrka, 55 Sköldar (rek);+10 Styrka;Vapensmide 3;2 x Ekträ, 1 x Svart valnöt;;0;900;;;;
488;weapon;Spikbeklätt stridsgissel;Chain;15+;225;Skada 9-22 · Krit 23 + (20% till 40%) · Kritchans 0-4% · Hållbarhet 50 · Block/runda 2 · Vikt 15 · Ench 1;Kräver att du är av rasen ork, Kräver att du är av rasen troll, Kräver att du är av rasen goblin, 215 Styrka, 100 Kättingvapen (rek);-10 Uthållighet;Vapensmide 3;3 x Granträ, 2 x Ekträ, 3 x Stål, 2 x Alvsilver;;0;1300;;;;Ett lite större stridsgissel som i typiskt orkiskt utförande beklätts med skräckinjagande spikar.
631;armor;Benskydd i goblinskt stål;Legs;15+;300;Block 4 · Vikt 2;150 Styrka, Kräver att du är av rasen goblin;+2 Initiativstyrka, +2 Undvika anfall;Rustningssmide 3;2 x Stål, 4 x Päls;;0;500;;;;Det goblinska stålet tillhör ovanligheten då få gobliner väljer att ägna sig åt hantverket. Rustning eller vapen tillverkade av det är dock av utmärkt kvalité och dessutom lättare än vanligt stål.
48;armor;Ringbrynjeskor;Feet;15+;100;Block 2;70 Styrka;+1 Undvika anfall;Rustningssmide 3;1 x Järn, 1 x Päls, 1 x Läder;;0;250;;;;Rinbrynjeskorna är smidda enligt konstens alla regler. Hundratals ringar av järn är sammanlänkade för att bilda en flexibel men ändå hållbar beklädnad. Den ger ett medelhögt skydd och på grund av materialet väger den också ganska mycket. Ett väl avvägt skydd för den balanserade krigaren.
47;armor;Ringbrynjebyxor;Legs;15+;120;Block 4 · Vikt 2;70 Styrka;+2 Initiativstyrka;Rustningssmide 3;2 x Järn, 2 x Päls, 1 x Läder;;0;300;;;;Rinbrynjebyxorna är smidda enligt konstens alla regler. Hundratals ringar av järn är sammanlänkade för att bilda en flexibel men ändå hållbar beklädnad. Den ger ett medelhögt skydd och på grund av materialet väger den också ganska mycket. Ett väl avvägt skydd för den balanserade krigaren.
480;armor;Sidenbyxor;Legs;15+;;Block 8 (10%) · Vikt 1;60 Styrka;-;Rustningssmide 4;2 x Stål, 2 x Läder, 1 x Siden;;0;500;;;;Ett par lätta byxor sydda av siden med detaljer utsmyckade med pegasusfjädrar.
810;jewelry;Blodröd morgonsol;Neck;15+;;Kritchans 0-1%;-;+2% Perfekt träff, +5 Styrka, +5 Initiativstyrka;;;;;;;;;Ett halsband vars rubin utstrålar ett sken av blodröd färg. Bara synen av det gör att man känner ilskan inuti sig växa, ett hat och en vilja att göra andra illa.
304;armor;Runklädd bröstplåt;Chest;15+;;Block 9 (12%) · Vikt 2;80 Styrka;-;Rustningssmide 3;4 x Järn, 1 x Stål, 1 x Läder;;0;400;;;;En vackert utformad bröstplåt i härdat stål, beklädd med dvärgiska runor som enligt folktro skänker skydd åt bäraren.
686;jewelry;Björklöv;Amulet;15+;;-;-;+1% Perfekt träff, +3 Styrka, +1 Uthållighet, +3 Undvika anfall;Föremålssmide 2;1 x Minnesskärva;;0;900;;;;Ett vackert löv från en glasbjörk som tidigare växt där Stenhem nu breder ut sig.
487;armor;Bergets skor;Feet;15+;150;Block 5 · Vikt 3;100 Styrka, 30 Uthållighet, Kräver att du är av rasen dvärg;+3 Uthållighet;Rustningssmide 3;3 x Järn, 2 x Läder;;0;300;;;;Ett par rustningsskor gjorda efter de mest eftertraktade dvärgiska smideskonsterna. I enlighet med traditionerna pryds rustningen av dvärgiska runor som ska skänka mod och tapperhet till de dvärgiska krigare som bär den.Rustningen täcker dess bärare ordentlig av ett rejält stycke metall. Vilket ger ett effektivt skydd som även välsmidda vapen har svårt att tränga igenom ordentligt.
161;armor;Tempelben;Legs;15+;300;Block 5 · Vikt 2;Kräver att du är av rasen människa, 100 Styrka;+4 stavar, +2 Initiativstyrka;Rustningssmide 3;2 x Stål, 4 x Päls;;0;500;;;;
632;armor;Goblinsk spikhjälm;Head;15+;300;Block 4 · Vikt 2;150 Styrka, Kräver att du är av rasen goblin;+2 Initiativstyrka, +2 Undvika anfall;Rustningssmide 3;2 x Stål, 4 x Päls;;0;500;;;;Det goblinska stålet tillhör ovanligheten då få gobliner väljer att ägna sig åt hantverket. Rustning eller vapen tillverkade av det är dock av utmärkt kvalité och dessutom lättare än vanligt stål. En hjälm tillverkad av goblinskt stål är dessutom ofta beklädd med skräckinjagade spikar.
484;armor;Bergets hjälm;Head;15+;300;Block 7 · Vikt 4;100 Styrka, 30 Uthållighet, Kräver att du är av rasen dvärg;+3 Bashälsa;Rustningssmide 3;4 x Järn, 2 x Läder;;0;550;;;;En hjälm gjord efter de mest eftertraktade dvärgiska smideskonsterna. I enlighet med traditionerna pryds rustningen av dvärgiska runor som ska skänka mod och tapperhet till de dvärgiska krigare som bär den.Rustningen täcker dess bärare ordentlig av ett rejält stycke metall. Vilket ger ett effektivt skydd som även välsmidda vapen har svårt att tränga igenom ordentligt.
485;armor;Bergets benskydd;Legs;15+;300;Block 7 · Vikt 4;100 Styrka, 30 Uthållighet, Kräver att du är av rasen dvärg;+3 Bashälsa;Rustningssmide 3;4 x Järn, 2 x Läder;;0;550;;;;Ett benskydd gjort efter de mest eftertraktade dvärgiska smideskonsterna. I enlighet med traditionerna pryds rustningen av dvärgiska runor som ska skänka mod och tapperhet till de dvärgiska krigare som bär den.Rustningen täcker dess bärare ordentlig av ett rejält stycke metall. Vilket ger ett effektivt skydd som även välsmidda vapen har svårt att tränga igenom ordentligt.
136;armor;Bergets bröstplåt;Chest;15+;300;Block 7 · Vikt 4;100 Styrka, 30 Uthållighet, Kräver att du är av rasen dvärg;+3 Styrka;Rustningssmide 3;4 x Järn, 2 x Läder;;0;550;;;;En besötplåt gjord efter de mest eftertraktade dvärgiska smideskonsterna. I enlighet med traditionerna pryds rustningen av dvärgiska runor som ska skänka mod och tapperhet till de dvärgiska krigare som bär den.Rustningen täcker dess bärare ordentlig av ett rejält stycke metall. Vilket ger ett effektivt skydd som även välsmidda vapen har svårt att tränga igenom ordentligt.
83;consumable;Månskärebrygd;;15+;;Cooldown 1 vecka;-;-;Alkemi 2;1 x Minnesskärva;;0;800;;;;Allt sprunget ur det förflutna är inte av godo.
137;consumable;Häxbrygd;;15+;200;Varaktighet 120 · Cooldown 0 sekunder;-;+10 Bashälsa, +5 Styrka, +5 Uthållighet;;;;;;;;;En mystisk vätska av totalt mörker med en vidrig odör även från den stängda flaskan.
87;enchant;Långbåge;;15+;1;-;-;+4 Undvika anfall, +5 Bashälsa;;;;;;;;;
301;weapon;Goblinvrede;Spear;20+;290;Skada 10-15 · Krit 16 + (1% till 9%) · Kritchans 0-4% · Hållbarhet 90 · Block/runda 2 · Dual · Vikt 4 · Ench 1;Kräver att du är av rasen goblin, 70 Styrka, 135 Stickvapen (rek);+2% Perfekt träff, +10 Initiativstyrka, +10 Undvika anfall, +1 Tur;Vapensmide 4;1 x Ekträ, 1 x Svart valnöt, 4 x Järn, 3 x Stål, 2 x Alvsilver;;0;2000;;;;En ilsken goblin är en hemsk motståndare för de flesta. De är små och snabba och svåra att träffa, och kvickheten och skärpan i deras attacker kan göra tillräckligt djupa sår att även det största troll snabbt blir svimfärdigt av blodförlust. Den här dolken har liknande egenskaper, och det är därför den bär sitt namn.
223;weapon;Blodmånedolk;Spear;20+;475;Skada 4-7 · Krit 8 + (1% till 5%) · Kritchans 0-2% · Hållbarhet 96 · Block/runda 2 · Dual · Vikt 2 · Ench 1;Kräver att du är av rasen ork, Kräver att du är av rasen troll, Kräver att du är av rasen goblin, 55 Styrka, 120 Stickvapen (rek);+5 stickvapen, +5% Styrka;;;;;;;;;Klingan på denna dolk skimrar i rött, då något tillsatts i metallen under smidesprocessen för att ge den denna färg. Syftet är att efterlikna blodmånen, ett fasansfullt naturfenomen som lämnar död, blod och förintelse efter sig. Det kan tyckas osmakligt att imitera detta, och det är det också. Men det går inte att förneka att effekten är slående.
295;weapon;Goblinspets;Spear;20+;490;Skada 12-13 · Krit 14 + (1% till 10%) · Kritchans 0-4% · Hållbarhet 85 · Block/runda 2 · Dual · Vikt 3 · Ench 1;Kräver att du är av rasen goblin, 65 Styrka, 130 Stickvapen (rek);+2% Perfekt träff, +10 Styrka, +10 Undvika anfall, +10 Tur;;;;;;;;;Denna dolk är faktiskt inte tillverkad av gobliner utan av orker. För länge sedan uppstod en stor konflikt mellan en goblinledare och en berömd orkshaman. Konflikten fick en blodig upplösning, men när den till sist var över tillverkades ett antal sådana här dolkar av orkerna och gavs som fredsgåva till goblinerna.
291;shield;Goblinsk spiksköld;Shield;20+;500;Absorption 31 · Kritchans 0-5% · Hållbarhet 74 · Block/runda 1 · Vikt 9 · Ench 1;Kräver att du är av rasen goblin, 155 Styrka, 70 Sköldar (rek);+5% Styrka, +5% Undvika anfall;Vapensmide 6;1 x Sandhavsläder, 1 x Goblinsk svartsopp, 3 x Ekträ, 3 x Järn;;0;2750;;;;En goblinsmidd sköld med vassa spikar. För liten för större raser att använda effektivt
1032;shield;Stor björnsköld;Shield;20+;560;Absorption 30 · Kritchans 0-2% · Hållbarhet 51 · Block/runda 2 · Vikt 15 · Ench 1;230 Styrka, 70 Sköldar (rek);+8% Styrka;;;;;;;;;
590;weapon;Bergets stolthet;Axe;20+;300;Skada 24-36 · Krit 37 + (10% till 10%) · Kritchans 0-9% · Hållbarhet 105 · Block/runda 2 · 2H · Vikt 25 · Ench 2;Kräver att du är av rasen dvärg, 180 Styrka, 135 Yxor (rek);+2% Perfekt träff, +10% yxor, +5 Initiativstyrka;Vapensmide 4;1 x Granträ, 2 x Svart valnöt, 2 x Järn, 3 x Stål;;0;1750;;;;För att bevisa sin kunskap hör det seden till för en smedlärling med dvärgisk härkomst att tillverka ett vapen efter eget huvud. För att hävda sig bland övriga dvärgar resulterar detta ofta i de stora stridsyxor som ofta inte duger till annat än ett bevis på smedens kunskap. Durin har för vana att köpa in dessa enorma skapelser, men om de inte blir till väggdekoration hamnar de troligtvis i hans vapenförråd. Ingen av yxorna är den andra lik, men gemensamt för dem är deras storlek och grandiosa utsmyckning.Vad som gör just detta exemplar unikt är att det visat sig vara fullt dugligt i strid, och trots de avancerade dekorativa inslagen, lyckats bibehålla en balans och hanterlighet som gör vapnet såväl skräckinjagande som faktiskt dödligt i strid.
734;jewelry;Blyfågel;Trinket;20+;;Vikt 5;-;+3 Styrka, -5 Uthållighet, +12 Undvika anfall;;;;;;;;;En kraftfullare variant av den välkände träfågeln, men givetvis också tyngre.
565;jewelry;Stridsburnus;Back;20+;250;Kritchans 0-1% · Vikt 1;Kräver att du är av rasen goblin;+1% Perfekt träff, +3 Initiativstyrka, +5 Undvika anfall;Föremålssmide 4;1 x Siden, 3 x Elementsav;;0;1800;;;;En färgstark mantel med kapushong. Klassisk stridsmundering för de gobliner som håller till i öknen söder om Stenhem.
444;jewelry;Uråldrig bärnsten;Neck;20+;2000;Kritchans 0-1%;-;+2% Perfekt träff;;;;;;;;;Ett väldigt gammalt och slitet smycke. Så fort man plockar upp det känner man sig dock aningen starkare.
428;armor;Välsmidd bröstplåt;Chest;20+;;Block 12 (15%) · Vikt 2;120 Styrka;-;Rustningssmide 5;1 x Stål, 2 x Läder, 1 x Siden;;0;350;;;;En skickligt smidd bröstplåt av en mästersmed. Ett utmärkt och eftertraktat försvar mot fientliga anfall.
1022;jewelry;Goblinens trick;Neck;20+;;Kritchans 0-2%;Kräver att du är av rasen goblin;+2% Perfekt träff, +5 Styrka, +2 Initiativstyrka;;;;;;;;;Smitt i hemlighet av stulna metaller bär detta halsband på otaliga små, okända juveler. Goblinens Trick är oberäkneligt. Ibland räddar det livet, ibland ställer det till med kaos. Ett perfekt val för den som litar mer på tur än planering.
1012;jewelry;Orkens bröl;Neck;20+;;Kritchans 0-2% · Vikt -2;Kräver att du är av rasen ork;+2% Perfekt träff, +2 Undvika anfall;;;;;;;;;Tillverkat av ben och järn, med spår av gamla meriter inristade i varje led. Orkens Bröl förstärker kraft och vrede i strid. Det sägs att dess rytande energi ekar i bärarens hjärta, redo att explodera vid första blodspillan.
932;jewelry;Exotisk odjursbrosch;Trinket;20+;700;-;-;+3 Bashälsa, +3 Styrka, +2 Uthållighet, +2 Initiativstyrka, +2 Undvika anfall;;;;;;;;;En brosch gjort i metall med en avbildning av en exotisk best.
987;jewelry;En plåtburk;Trinket;20+;-100;Träffchans +1;-;+2% Perfekt träff, +2 Bashälsa, +1 Uthållighet, +2 Initiativstyrka, +1 Undvika anfall, +20 Tur;;;;;;;;;En enkel burk, bucklig och sliten, formad av tiden och kaoset. En burk som sett mer än den borde, sparkad genom stadens gator, kastad i ilska och upplockad i eftertanke.De flesta trodde att det bara fanns en. Men sanningen är mer komplex än så.Varje repa berättar en historia, varje buckla vittnar om en kamp. Vissa burkar har redan försvunnit med tiden, andra ersatts. Men den här… den här hade hängt med länge. Kanske längre än den borde.Inget varar för evigt. Inte ens metall. Men tills den dagen kommer – tjänar den sin ägare.
1178;armor;Eldsmidd Bergets Bröstplåt;Chest;20-25;;Block 7 · Vikt 4;100 Styrka, 30 Uthållighet, Kräver att du är av rasen dvärg;+3% Styrka;Rustningssmide 4;2 x Eldfragment;1 x Bergets bröstplåt;0;800;;;;Smidd efter de mest eftertraktade dvärgiska smideskonsterna och härdad i intensiv hetta för att ge metallen en styrka utöver det vanliga. Dvärgiska runor pryder bröstplåten och sägs bära på kraften från de uråldriga smedjor där den skapades.Den rejäla metallplåten omsluter bröstet och skyddar bäraren mot hårda slag. Eldhärdningen gör rustningen motståndskraftig och seg, vilket gör det svårt även för välsmidda vapen att tränga igenom.
68;consumable;Virtuosbrygd;;20+;;Varaktighet 90 · Cooldown 0 sekunder;-;+2% Perfekt träff, +5 yxor, +5 svärd, +5 hammare, +5 stavar, +5 stickvapen, +5 kättingvapen, +5 Obeväpnat;Alkemi 4;3 x Blodpint, 1 x Flytande guld;;0;700;;;;
446;weapon;Ouroboros;Chain;25+;;Skada 17-21 · Krit 22 + (50% till 100%) · Kritchans 0-11% · Hållbarhet 101 · Block/runda 2 · Dual · Vikt 4 · Ench 1;Kräver att du har bedriften Legend, 120 Styrka, 175 Kättingvapen (rek);+3% Perfekt träff, +8 kättingvapen, +8 Undvika anfall;;;;;;;;;Allt har en början och ett slut. En begynnelse och en ände. Allt – utom Ouroboros. Enligt legenderna hittades denna piska i ett uråldrigt tempel, i ett fjärran land. Vem som byggt templet eller varför är omöjligt att veta, ej heller vilken gudom som dyrkades där. Väggarna täcktes av cykliska, cirkulära inristningar skrivna med okända symboler, och längst in i templet, längst ner i de vindlande katakombernas mörkaste och djupaste salar, fanns ett enormt stenaltare. Altaret pryddes av en bleknad bild av en orm som äter sin egen svans, och i mitten vilade detta ihopringlade vapen. Trots att alla övriga inristningar var på ett språk som inte gick att känna igen fanns här – kanske mest oförklarligt av allt – en inskription med moderna bokstäver.”OUROBOROS”Det här är åtminstone vad Antuin tycker om att berätta när någon frågar honom om den märkliga piskan som hänger nere i Kejsarens förråd. Piskan har en tendens att snurra ihop sig, så att dess spets vilar mot handtaget. Det är tveksamt om något av det Antuin berättat är sant, men piskan tycks verkligen vara uråldrig. Att hålla i dess handtag fyller en med en märklig känsla, och när piskan viner kan man ibland ana en viskande röst, för låg för att några ord ska gå att utskilja. Så kanske är Antuins berättelse inte HELT gripen ur luften..?
409;weapon;Mästersmeden Brikks städ;Mace;25+;;Skada 24-25 · Krit 26 + (10% till 10%) · Kritchans 0-1% · Hållbarhet 218 · Block/runda 2 · Dual · Vikt 26 · Ench 1;Kräver att du har bedriften Legend, 250 Styrka, 145 Hammare (rek);+10 hammare;;;;;;;;;Brikk har motvilligt låtit sig övertalas av kejsaren att sälja ett av sina berömda städ, men ingen av kejsarens smeder kunde begripa sig på hur man skulle nyttja ett sådant stort och otympligt städ. Så nu har städet hamnat i förrådet, kanske finns det någon gladiator stark nog att bära det till strid?
1157;weapon;Borgstöt;Mace;25+;;Skada 22-31 · Krit 32 + (10% till 10%) · Kritchans 0-2% · Hållbarhet 185 · Block/runda 2 · Vikt 24 · Ench 1;Kräver att du har bedriften Legend, 195 Styrka, 145 Hammare (rek);+8 Uthållighet, +20 Provokation;;;;;;;;;Borgstöts runda hammarhuvud sägs ha smitts av järn från en fallen fästningsport. Vapnet är byggt för att bryta igenom sköldmurar och krossa rustningar med ett enda välriktat slag. Där hammaren träffar lämnas ofta inget annat än bucklat stål. Det sägs att den drar till sig allas blickar, på gott och ont.På något sätt har den letat in sig i kejsarens förråd, i väntan på att rätt bärare lägger blicken på den igen.
362;armor;Bärsärkens krigsmålning;Chest;25+;;Block 5 · Vikt 1;250 Styrka;+3 Styrka, +2 Uthållighet;;;;;;;;;Denna krigsfärg är ihopkokad av alkemister och magiker med diverse potenta och ovanliga ingredienser, något som ger bäraren osannorlika och oberäkneliga krafter.
366;armor;Bärsärkens krigsmålning;Feet;25+;;Block 3;250 Styrka;+2 Styrka, +1 Uthållighet;;;;;;;;;Denna krigsfärg är ihopkokad av alkemister och magiker med diverse potenta och ovanliga ingredienser, något som ger bäraren osannorlika och oberäkneliga krafter.
365;armor;Bärsärkens krigsmålning;Shoulders;25+;;Block 3;250 Styrka;+2 Styrka, +1 Uthållighet;;;;;;;;;Denna krigsfärg är ihopkokad av alkemister och magiker med diverse potenta och ovanliga ingredienser, något som ger bäraren osannorlika och oberäkneliga krafter.
364;armor;Bärsärkens krigsmålning;Head;25+;;Block 5 · Vikt 1;250 Styrka;+3 Styrka, +2 Uthållighet;;;;;;;;;Denna krigsfärg är ihopkokad av alkemister och magiker med diverse potenta och ovanliga ingredienser, något som ger bäraren osannorlika och oberäkneliga krafter.
367;armor;Bärsärkens krigsmålning;Hands;25+;;Block 3 · Kritchans 0-1%;250 Styrka;+2 Styrka, +1 Uthållighet;;;;;;;;;Denna krigsfärg är ihopkokad av alkemister och magiker med diverse potenta och ovanliga ingredienser, något som ger bäraren osannorlika och oberäkneliga krafter.
363;armor;Bärsärkens krigsmålning;Legs;25+;;Block 5 · Vikt 1;250 Styrka;+3 Styrka, +2 Uthållighet;;;;;;;;;Denna krigsfärg är ihopkokad av alkemister och magiker med diverse potenta och ovanliga ingredienser, något som ger bäraren osannorlika och oberäkneliga krafter.
314;armor;Gyllene benskydd;Legs;25+;;Block 16 (20%) · Vikt 3;-;-;;;;;;;;;En legendarisk hjälte vars namn gått förlorad i tiden fann dessa benskydd efter att han dräpt en gigantisk drake. Kejsarens alkemister och magiker har försökt studera benskydden, men ingen har lyckats lista ut vad de är gjorda av för material. Oavsett vad det är, så är det starkare än mithril och förlorar aldrig sitt sken.
708;weapon;Dubbeldolk;Spear;26+;670;Skada 7-12 · Krit 13 + (1% till 5%) · Kritchans 0-4% · Hållbarhet 166 · Block/runda 2 · Dual · Vikt 3 · Ench 1;60 Styrka, 160 Stickvapen (rek);+1% Perfekt träff, +10 stickvapen, +10 Undvika anfall, +5% Undvika anfall;Vapensmide 5;2 x Svart valnöt, 3 x Alvsilver;;0;1950;;;;Detta spektakulära vapen skapades från början av en av de goblinska smeder som Brikk var lärling hos i sin ungdom. Handtaget har två parallella, krökta klingor som nästan formar en månskära. Klingorna är slipade på båda sidor och dubbeldolken består därför nästan enbart av skäryta. Därför är den extremt svår att försvara sig mot, men också mycket krävande för den som vill lära sig använda den effektivt. Speciellt då det är lika sannolikt att en oförsiktig rörelse skadar användaren som dennes motståndare.
565;weapon;Ulfbehrt;Sword;26+;350;Skada 10-21 · Krit 22 + (1% till 5%) · Kritchans 0-4% · Hållbarhet 141 · Block/runda 2 · Dual · Vikt 11 · Ench 1;120 Styrka, 140 Svärd (rek);+15 Bashälsa;;;;;;;;;Kajsa fick tag i detta svärd i ett land långt, långt bort. Metallen i det är okänd i Stenhem, och både Durin och Brikk har undersökt det vid flera tillfällen för att försöka förstå hur det är skapt. Men utan framgång. Det enda de kan komma fram till är att ulfbehrt-svärden är starkare, böjligare och vassare än vad som rimligtvis borde vara möjligt. Metallurgin är ett mysterium, och vapnet är formidabelt.
986;jewelry;Mästersmidd plåtburk;Trinket;26+;500;Träffchans +2;-;+2% Perfekt träff, +3 Bashälsa, +2 Uthållighet, +2 Initiativstyrka, +2 Undvika anfall, +30 Tur;;;;;;;;;Tiden har hunnit ikapp den. Rosten har börjat krypa längs kanterna, som ett långsamt gift. Den en gång slitna men ihärdiga plåtburken är nu skör – en vindpust från att spricka, en spark från att falla isär.Det hörs när man rör vid den. Ett svagt knarr, som om metallen själv viskar om sin trötthet.Hur länge till? Det vet ingen. Kanske en dag, kanske en stund. Men så länge den håller ihop, gör den det den alltid gjort – bär sina ägares historia, utan att klaga.Snart är det över. Men inte än.
889;armor;Whiwinskinnsbyxor;Legs;26+;;Block 8 · Vikt 1;Kräver att du är vuxen, Kräver att du är av rasen salamanth, 160 Styrka;+2 Bashälsa;Rustningssmide 6;1 x Vulkanaska;1 x Palmtygsbyxor;0;550;;;;
746;armor;Blodförstärkt stål;Shoulders;26+;400;Block 4 · Vikt 2;90 Styrka;+5 Bashälsa, +5 Inlärningsförmåga, +5 Disciplin;;;;;;;;;Denna axelplåt skimrar i en djupt mörk ton som inte känns riktigt naturlig. Den färgar av sig på allt som vidrör den och då och då, med långa mellanrum, faller en droppe klarröd vätska från plåten. Fläcken som uppstår där den landar är i det närmaste omöjlig att få bort, hur mycket man än gnetar och gnor.Med uråldriga metoder har den under tillverkningen ingjutits med livsblodet från en mäktig krigare, som kanske inte givit sitt blod frivilligt. Den som bär plåten känner sig lite virilare då ett visst mått av livsenergi överförs mellan plåten och bäraren - men var försiktig, för det är svårt att veta åt vilket håll överföringen sker.
933;jewelry;Stor exotisk odjursbrosch;Trinket;26+;1000;-;-;+4 Bashälsa, +4 Styrka, +3 Uthållighet, +3 Initiativstyrka, +3 Undvika anfall;;;;;;;;;En stor brosch gjort i metall med en avbildning av en exotisk best.
1085;jewelry;Bronsbeklädd Inklinor;Bracelet;26-45;;Träffchans +2;-;+2% Perfekt träff, -5% yxor, -5% svärd, -5% hammare, -5% stavar, -5% sköldar, -5% stickvapen, -5% kättingvapen, +5% Bashälsa, +10% Uthållighet, +2% Initiativstyrka, +2% Undvika anfall;;;;;;;;;I arenans tidiga dagar fanns en man vid namn Inklinor, känd för sin okuvliga vilja och sin förmåga att sätta sitt märke i historien. Hans signatur var mer än bläck på pergament - det var ett sigill som gav tyngd åt varje beslut, en symbol för ära och tillhörighet.Men legenden säger att Inklinor en natt förlorade denna signatur. Den stals, eller gömdes, och med den förlorade han sin plats i de stora böckerna som bevarade minnet av Stenhems hjältar. Han blev en skugga, en man vars namn fanns på allas läppar men som inte längre kunde lämna sitt avtryck.För att bevara hans minne smiddes ett armband av järn och brons, märkt med mönster som påminner om de linjer han en gång drog med sin penna. Armbandet kallades för Inklinor – ett namn lika tungt som den historia det bar.De som bär armbandet sägs inte bara bära ett smycke, utan också Inklinors förlorade kraft: förmågan att bli ihågkommen, att skriva sitt namn i arenans sand och i människors hjärtan.Än idag är Inklinors armband en symbol för de som vågar kämpa för sitt avtryck i historien. För även om en signatur kan förloras, kan den återskapas genom handlingar, mod och ära.
1039;armor;Förstärkt goblinhjälm;Head;26+;300;Block 4 · Vikt 1;-;+4 Bashälsa;;;;;;;;;Tillverkad av gobliner, men kan bäras av vem som helst, som står ut med stanken av svett och mögel som aldrig riktigt tycks försvinna från hjälmen.
69;consumable;Mästervirtuosens brygd;;26+;;Varaktighet 90 · Cooldown 0 sekunder;-;+3% Perfekt träff, +10 yxor, +10 svärd, +10 hammare, +10 stavar, +10 stickvapen, +10 kättingvapen, +10 Obeväpnat;Alkemi 6;2 x Flytande guld;;0;950;;;;
137;enchant;Blåsrör;;26+;1;-;-;-14 vapenfärdigheten yxor, -14 vapenfärdigheten kättingvapen, -14 vapenfärdigheten hammare, -14 vapenfärdigheten stickvapen, -14 vapenfärdigheten stavar, -14 vapenfärdigheten svärd, -8% Undvika anfall;;;;;;;;;
715;weapon;Obelus;Spear;35+;1100;Skada 11-16 · Krit 17 + (1% till 5%) · Kritchans 0-5% · Hållbarhet 181 · Block/runda 2 · Dual · Vikt 4 · Ench 1;100 Styrka, 180 Stickvapen (rek);+2% Perfekt träff, +10 stickvapen, +5 Undvika anfall;;;;;;;;;En grym dolk med hullingar, taggar och krokar längs med båda sidor av klingan. Tillverkad för att åsamka så gruvliga skador som över huvud taget är möjligt, och den är väl anpassad för sitt syfte. Handtaget är tillverkat av drakskinn och strävheten gör att användaren får ett magnifikt grepp. Mycket möda har också lagts på att klingan trots sina utstickande delar ska vara välbalanserad, och det har lyckats.Den som blir huggen med en Obelus har tur om den kan gå därifrån.
1076;weapon;Klippblock;Mace;35+;1395;Skada 20-53 · Krit 54 + (20% till 30%) · Kritchans 0-10% · Hållbarhet 105 · Block/runda 2 · 2H · Vikt 29 · Ench 2;160 Hammare (rek);+2% Perfekt träff;;;;;;;;;
1047;shield;Spikbeklädd ökenvägg;Shield;35+;1120;Absorption 39 · Kritchans 0-3% · Hållbarhet 152 · Block/runda 1 · Vikt 12 · Ench 1;225 Styrka, 115 Sköldar (rek);+15 sköldar;;;;;;;;;
1021;jewelry;Goblinens list;Neck;35+;;Vikt -1;Kräver att du är av rasen goblin;+4% Bashälsa, +4% Undvika anfall, +10 Provokation;;;;;;;;;Smitt i hemlighet av stulna metaller bär detta halsband på otaliga små, okända juveler. Goblinens Trick är oberäkneligt. Ibland räddar det livet, ibland ställer det till med kaos. Ett perfekt val för den som litar mer på tur än planering.
596;jewelry;Elfenbenshorn;Trinket;35+;2000;-;-;+2% Bashälsa, +1% Styrka, +2% Uthållighet, +2% Initiativstyrka, +1% Undvika anfall, +20 Ledarskap;;;;;;;;;Dessa elfenbenshorn har aldrig möt någon läppar, utan har enbart förvarats som prydnad i olika residens ägda av familjen Bello. Maximillian hoppas dock innerligt på att gladiatorer skall låta dessa horn ljuda i strid och säljer dem gladeligen.
593;jewelry;Bellos Berlock;Trinket;35+;2000;Kritchans 0-3%;-;+3% Perfekt träff, +3% Initiativstyrka, +2% Undvika anfall;;;;;;;;;I ett försök att tydligt etablera sig som mer än bara en återförsäljare av familjens samlingar har Maximillian själv tillverkat dessa berlocker.De är förvånansvärt vackra och föreställer familjen Bellos släktsymbol, ett vackert poserande lejon.
942;jewelry;Fjärdings berlock;Trinket;35+;2000;Kritchans 0-2%;-;+2% Perfekt träff, +6% Initiativstyrka, +7% Undvika anfall;;;;;;;;;Kajsa, allas vår Kajsa... Vad vore väl Stenhem utan hennes välsignelser?
111;enchant;Mästersmedens besvärjelse;;35+;1;-;-;+1% Perfekt träff, +4 Styrka;;;;;;;;;Denna besvärjelse har smidits av mästersmeden Morus och erhållits i en turneringsserie i hans ära.Denna besvärjelse har smidits av mästersmeden Morus och erhållits i en turneringsserie i hans ära.
130;enchant;Blå runsten;;35+;1;-;-;+10 Bashälsa, +1% Bashälsa;Vapensmide 8;10 x Försvagat runfragment;;0;500;;;;Den blåa runstenen, som kanaliserar väktarnas urkraft, kan endast tillverkas av runor från Vulkanön.
167;enchant;Blodröd rubin;;35+;1;-;-;+2% Perfekt träff;;;;;;;;;
803;armor;Efterlivets brynjebyxor;Legs;40+;;Block 25 (25%) · Vikt 2;160 Styrka;-12 Uthållighet;Rustningssmide 9;2 x Dödens vingar, 1 x Nattskärva, 1 x Svarta tårar, 4 x Dödsstål, 3 x Svartstoft;;0;550;;;;
805;armor;Efterlivets brynjeskor;Feet;40+;;Block 20 (20%);160 Styrka;-12 Undvika anfall;Rustningssmide 9;3 x Dödens vingar, 2 x Nattskärva, 1 x Svarta tårar, 1 x Dödsstål, 4 x Svartstoft;;0;500;;;;
82;material;Excellent Onyx;;-;250;-;-;-;;;;;;;Apellonisk Bjorc, Bergatroll, Bergsrå, Cervusbagge, Drakdrottning, Drakprins, Tengu;;
206;consumable;Gröndryck;;1+;140;Varaktighet 720 · Cooldown 1 dag;-;-10 Inlärningsförmåga, +50 Disciplin;;;;;;;;;En ångande het dryck som sägs ha en lugnande effekt.
4;consumable;Styrkedryck;;1+;30;Varaktighet 360 · Cooldown 0 sekunder;-;+5 Styrka;Alkemi 1;3 x Blodpint;;0;150;;;;En mörk, grumlig substans som vid en första anblick nästan ser ut som pulvriserade stenar.
197;consumable;Lövdryck;;1+;;Varaktighet 1440 · Cooldown 0 sekunder;Kräver att du är av rasen alv;+3 Uthållighet, +5 Undvika anfall;;;;;;;;;Drycken är intet lika imponerande som dess bägare: ett enda löv har använts för att omsluta vätskan och håller imponerande tätt. Ett hantverk endast en alv kunnat förmå.
195;consumable;Kvickstudium;;1+;;Varaktighet 90 · Cooldown 0 sekunder;Kräver att du är av rasen människa;+5 yxor;;;;;;;;;Endast den högbornes naivitet skulle falla för genvägar likt drycker som frambringar intelligens, men inte blir någon dummare av att försöka?
202;consumable;Glöddryck;;1+;;Cooldown 0 sekunder;-;-;;;;;;;;;
1113;jewelry;En smutsig sovsäck;Back;4+;;Träffchans +-10 · Vikt 10;-;+5 Bashälsa, +5 Styrka, +5 Uthållighet, +5 Initiativstyrka, +5 Undvika anfall;;;;;;;;;Nedlim har sovit i den. Han har burit den med sig vart hans fötter än vandrat. Han har troligtvis gjort ett och annat i den.. men nu är det dags att skiljas från den.
17;consumable;Kvickt Silver;;4+;50;Varaktighet 360 · Cooldown 0 sekunder;-;+1% Perfekt träff;Alkemi 1;1 x Blodpint, 1 x Elementsav;;0;400;;;;En lätt vätska som glimrar till när du skakar om flaskan.
53;consumable;Dödens dryckjom;;4+;;Cooldown 3 veckor 4 dagar;-;-;;;;;;;;;En mystisk vätska som sägs ha oanade krafter.
937;jewelry;Trä- och silverring;Finger;10+;;-;-;+3 Bashälsa, +3 Styrka, +3 Uthållighet, +3 Undvika anfall;;;;;;;;;
5;consumable;Gyllene dryck;;10-34;120;Varaktighet 120 · Cooldown 0 sekunder;Kräver att du är ung;+6% Bashälsa, +6% Styrka, +6% Uthållighet, +6% Initiativstyrka, +6% Undvika anfall;Alkemi 3;1 x Flytande guld;;0;600;;;;En gyllene dryck som upphöjer en gladiator till nya nivåer.
211;consumable;Kvicklösning;;14;30;Varaktighet 120 · Cooldown 0 sekunder;-;+10 Initiativstyrka;Alkemi 3;3 x Blodpint;;0;300;;;;
213;consumable;Silverdryck;;14;30;Varaktighet 120 · Cooldown 0 sekunder;-;+3% Bashälsa, +3% Styrka, +3% Uthållighet, +3% Initiativstyrka, +3% Undvika anfall;Alkemi 3;1 x Blodpint, 1 x Elementsav;;0;300;;;;
935;jewelry;Guld- och silverring;Finger;20+;600;Vikt 8;-;+4 Bashälsa, +4 Styrka, +4 Initiativstyrka, +4 Undvika anfall;;;;;;;;;En ring av guld och silver som flätar om vartannat. Metallen är dock ovanligt tung för sitt slag.
67;consumable;Cumuluskondens;;20+;;Varaktighet 90 · Cooldown 0 sekunder;-;+5 Uthållighet;Alkemi 5;1 x Cyklopöga, 1 x Flytande guld;;0;800;;;;
25;consumable;Urskogsdryck;;20+;450;Varaktighet 90 · Cooldown 0 sekunder;Kräver att du är av rasen troll;+4% Bashälsa, +4% Styrka, -5 Uthållighet;Alkemi 5;1 x Entträ;;0;1500;;;;Genom att tillfälligt låta sig uppfyllas av uråldriga skogar kan ett troll uppnå nya styrkenivåer, men på en bekostnad.
203;consumable;Mystisk värdshusdryck;;20+;100;Varaktighet 90 · Cooldown 0 sekunder;Kräver att du är av rasen salamanth;+-1% Perfekt träff, +8% Bashälsa, +6% Styrka, -10 Uthållighet, +6% Initiativstyrka;Alkemi 5;1 x Förstenad ros;;0;1500;;;;
955;weapon;Chentugren;Chain;25+;;Skada 11-19 · Krit 20 + (120% till 220%) · Kritchans 0-12% · Hållbarhet 90 · Block/runda 2 · Dual · Vikt 2 · Ench 1;Kräver att du har bedriften Legend, 105 Styrka, 190 Kättingvapen (rek);+3% Perfekt träff, +6% kättingvapen;;;;;;;;;För länge sedan växte ett träd på platsen där Stenhem nu står. Trädet var bländande vitt och dess bark nyttjades av forntida alver för att brygga helande dekokter. Det var ett ensamt träd, utan några jämlikar. Men en dag drabbades det av en sjukdom. Dess vita bark mörknade, först till en blekt grå nyans och med tiden till en djup, sjuklig svart. Barken slutade vara helande och smulades sönder när alverna försökte nyttja den. Slutligen dog trädet, till alvernas stora sorg.Men en alv, vars namn sedan länge är glömt, hade tagit en stickling från trädet och tog varsamt hand om den. Men trädet växte långsamt, så långsamt att till och med dess alviska skötare så småningom ledsnade på att vänta. Han övergav sticklingen, och det tog inte lång tid förrän den föll i grymma händer. Händer som idag är okända, men som grymt slet upp den lilla sticklingen ur jorden och flådde den, ovetande eller obrydd om trädets läkande egenskaper. Istället förvred de råa händerna sticklingen, tämjde, täljde och böjde den till ett tillhygge. Sticklingen hade ingen chans att säga emot, och det knoppande medvetande som växte i dess inre försvann. Kvar fanns bara ett fruktansvärt vapen.
378;weapon;Orcristo;Sword;26+;800;Skada 12-20 · Krit 21 + (1% till 5%) · Kritchans 0-3% · Hållbarhet 149 · Block/runda 2 · Dual · Vikt 10 · Ench 1;Kräver att du är av rasen ork, Kräver att du är av rasen goblin, Kräver att du är av rasen troll, 125 Styrka, 135 Svärd (rek);+10 svärd, +6 Uthållighet;Vapensmide 5;3 x Granträ, 2 x Svart valnöt, 3 x Stål, 1 x Alvsilver;;0;2700;;;;En gång i tiden användes detta vapen för att dräpa de ondaste svartbloden, men efter ett oerhört blodigt slag föll svärdet i händerna på fienden det var menat att dräpa. Orkiska shamaner förvred och besudlade magin i klingan och vände den emot sin skapare, och nu är Orcisto ett av de mäktigaste vapnen en ork kan ha i sina händer.
232;consumable;Fjäderdryck;;30-34;;Varaktighet 30 · Cooldown 0 sekunder;-;+10% Initiativstyrka, +10% Undvika anfall;Alkemi 6;1 x Elementsav, 1 x Flytande guld;;0;500;;;;
200;consumable;Tålmodighetens dryck;;34+;;Varaktighet 90 · Cooldown 0 sekunder;-;+40 Ledarskap;;;;;;;;;Drycken är symbolen för tålamodets dygd, ett tecken på försoning.
1170;armor;Lertäckt hjälm;Head;35+;;Block 2 · Vikt 1;160 Styrka, 220 Undvika anfall, 375 Bashälsa;+3% Bashälsa, +2% Undvika anfall;Rustningssmide 7;2 x Vattenessens;1 x Jordhärdad hjälm;0;800;;;;Täckt av ett lager av seg och härdad lera som omsluter hjälmen likt ett andra skal. Den jordnära ytan skyddar mot slag och ger hjälmen en rå och naturlig styrka.
68;material;Drottningfjäll;;-;800;-;-;-;;;;;;;Drakdrottning;Drakdel;Drakfjäll från en drakdrottning.
64;material;Siden;;-;100;-;-;-;Rustningssmide 4;3 x Läder;;0;100;Durin Hammarhjälm;Cervusbagge, Fullvuxen Silverbjörn, Infernalisk spindel, Smådjävul;Textil och läder;Ett mycket vackert och hållbar material tålmodigt tillverkat av silkestrådar från silkesmasken kokong.
63;material;Läder;;-;30;-;-;-;Rustningssmide 2;3 x Päls;;0;50;Durin Hammarhjälm;Monstruös noshörning, Muterad prärievarg, Onkh, Onkhpatriark, Sabeltandad tiger, Silvertaggsvin, Uråldrig cyklop, Vit Stormörn;Textil och läder;Genom bearbetning av diverse pälsar framställs läder.
144;material;Snedvriden spik;;-;;-;-;-;;;;;;;;;En enkel spik som använts flitigt.
42;material;Okänd njure;;-;200;-;-;-;;;;;;;Banshee, Bergsgrip, Blå drake, Drakfanatiker, Draug, Dödsmal, Enorm tvåhörning, Ent, Förvuxen Blå Drake, Förvuxen Ent, Förvuxen Tvåhörning, Grön drake, Havsjätte, Infernalisk spindel, Massiv skalbagge, Monstruös noshörning, Nattvandrare, Onyxdrake, Svart drake, Trehövdad hydra, Yurei;Unik;
114;material;Dödsstål;;-;50;-;-;-;;;;;;;Draug;;
118;material;Fjärdingsträ;;-;;-;-;-;;;;;;Kajsa Fjärdingsväg;;;
85;material;Guldpollett;;-;;-;-;-;;;;;;;;;Värd 3 poäng i Olympiaden.
119;material;Fjärdingsstål;;-;;-;-;-;;;;;;Kajsa Fjärdingsväg;;;
163;material;Jordessens;;-;;-;-;-;;;;;;;;;En uråldrig kraft som bär på jordens livskraft och orubblighet
157;material;Eldessens;;-;;-;-;-;;;;;;;;;En koncentrerad kraft som bär på eldens hetta och våldsamma kraft.
4;weapon;Enkel dolk;Spear;1-19;10;Skada 1-2 · Krit 3 + (1% till 5%) · Kritchans 0-3% · Hållbarhet 31 · Block/runda 2 · Dual · Vikt 1 · Ench 1;10 Styrka, 55 Stickvapen (rek);+2% Perfekt träff, +5 stickvapen, +5 Undvika anfall;;;;;;;;;En liten och smidig dolk vilken är populär bland stadens tjuvar då den lämpar sig väl för att dyrka upp lås, fönster och andra saker man egentligen inte skall ha tillgång till.
584;weapon;Större träningssvärd;Sword;1-19;36;Skada 7-10 · Krit 11 + (1% till 5%) · Kritchans 0-7% · Hållbarhet 49 · Block/runda 2 · 2H · Vikt 12 · Ench 2;55 Styrka, 40 Svärd (rek);+5 svärd;;;;;;;;;För att lära sig grunderna är ett träningssvärd ett ypperligt val. Av någon anledning är det här också något överdimensionerat.
5;weapon;Uttjänt kortsvärd;Sword;1-19;6;Skada 1-2 · Krit 3 + (1% till 5%) · Kritchans 0-2% · Hållbarhet 26 · Block/runda 2 · Dual · Vikt 4 · Ench 1;25 Styrka, 35 Svärd (rek);-;;;;;;;;;Ett kort och rostigt svärd, återfinns bland köpmännens mer lågprisade sortiment. Perfekt för en gladiator med små fickor och lite erfarenhet.
67;weapon;Treudd;Spear;1-19;24;Skada 9-10 · Krit 11 + (1% till 5%) · Kritchans 0-7% · Hållbarhet 50 · Block/runda 2 · 2H · Vikt 7 · Ench 2;45 Styrka, 45 Stickvapen (rek);+10 Initiativstyrka;;;;;;;;;Treudden liknar ett spjut med trippla spetsar och har i vissa kulturer använts ceremoniellt. Den är också ett högst effektivt vapen och populärt för nya gladiatorer i Stenhem då de är billiga och lätta att använda.
1014;shield;Rosenträsköld;Shield;1-19;40;Absorption 9 · Kritchans 0-4% · Hållbarhet 20 · Block/runda 2 · Vikt 3 · Ench 1;55 Styrka, 35 Sköldar (rek);+3 Initiativstyrka;;;;;;;;;
1017;shield;Kortsköld;Shield;1-19;45;Absorption 13 · Kritchans 0-2% · Hållbarhet 24 · Block/runda 2 · Vikt 8 · Ench 1;65 Styrka, 40 Sköldar (rek);-;Vapensmide 1;2 x Granträ, 1 x Järn;;0;250;;;;
2;shield;Övningssköld;Shield;1-19;15;Absorption 7 · Hållbarhet 25 · Block/runda 2 · Vikt 6 · Ench 1;30 Styrka, 20 Sköldar (rek);-;;;;;;;;;En liten och lätt sköld som passar utmärkt att blockera enklare attacker med. Så fort din motståndare lärt sig att det är hårda slag som gäller mot bucklare kommer den dock gå sönder illa kvickt.
95;weapon;Skuggdolk;Spear;1-19;100;Skada 3-6 · Krit 7 + (1% till 5%) · Kritchans 0-5% · Hållbarhet 32 · Block/runda 2 · Dual · Vikt 2 · Ench 1;25 Styrka, 50 Stickvapen (rek);+3% Perfekt träff;Vapensmide 1;3 x Järn;;0;350;;;;Vissa alver föredrar natten och skuggorna framför solen och ljuset. Denna dolks mörka klinga gör att den är nästan osynlig i mörkret, och därför lämpar den sig väl för uppdrag som utförs bäst i lönndom. Det är dock inte en egenskap som är värd särskilt mycket i arenan, men vapnet fungerar lika bra på dagen som på natten.
1015;shield;Liten träsksköld;Shield;1-19;35;Absorption 7 · Kritchans 0-1% · Hållbarhet 39 · Block/runda 2 · Vikt 10 · Ench 1;90 Styrka, 20 Sköldar (rek);+3 Bashälsa;;;;;;;;;Liten träsksköld är en tung, robust sköld gjord av härdat trä från träskträd, täckt med mossig grönska. Den kräver mer styrka än skicklighet, vilket gör den till ett favoritval för de mindre erfarna gladiatorerna i Stenhem. Dess enkla design och tålighet mot hårda angrepp gör den särskilt populär bland troll som värdesätter kraft framför finess.
21;weapon;Kortsvärd;Sword;1-19;15;Skada 2-4 · Krit 5 + (1% till 5%) · Kritchans 0-3% · Hållbarhet 35 · Block/runda 2 · Dual · Vikt 4 · Ench 1;25 Styrka, 40 Svärd (rek);+2 svärd, +2 Bashälsa;;;;;;;;;Ett litet och smidigt svärd, mycket populärt bland stadens mer oerfarna gladiatorer som vill bemästra svärdkonsten. Mäter 60 cm i längd och kan enkelt tränga igenom både tyg och onkhväv.
28;weapon;Storsvärd;Sword;1-19;40;Skada 9-13 · Krit 14 + (1% till 5%) · Kritchans 0-7% · Hållbarhet 58 · Block/runda 2 · 2H · Vikt 11 · Ench 2;70 Styrka, 55 Svärd (rek);+5 svärd, +5 Undvika anfall;Vapensmide 1;1 x Granträ, 3 x Järn;;0;550;;;;Storsvärdet är ett väldigt stort svärd. Det finns inte mycket finess och kreativitet i det, men det hindrar inte svärdet från att åsamka grova skador på det mesta som står i dess väg.
122;weapon;Stridsgissel;Chain;1-19;30;Skada 2-11 · Krit 12 + (20% till 40%) · Kritchans 0-4% · Hållbarhet 25 · Block/runda 2 · Vikt 7 · Ench 1;80 Styrka, 40 Kättingvapen (rek);-;;;;;;;;;Stridsgisselet är ett enklare vapen där en järnkula klädd med taggar har fästs vid en kedja som i sin tur har fästs vid ett träskaft. Ett förödande vapen när man kan få upp momentum.
89;weapon;Skogsdolk;Spear;1-19;30;Skada 1-3 · Krit 4 + (1% till 5%) · Kritchans 0-3% · Hållbarhet 41 · Block/runda 2 · Dual · Vikt 1 · Ench 1;15 Styrka, 65 Stickvapen (rek);+2% Perfekt träff, +5 stickvapen;;;;;;;;;Lika delar vapen och verktyg. Det är en väldigt god idé att ha en dolk med sig när man färdas i skogen då den kan användas till lite allt möjligt, och eftersom den är så lätt att använda är det många nyexaminerade gladiatorer som väljer den som sitt första vapen.
13;armor;Läderskor;Feet;1+;40;Block 2 · Vikt 1;30 Styrka;+1 Undvika anfall;Rustningssmide 2;1 x Läder;;0;75;;;;Skor ihopsydda av återvunna läderbitar som stadens sömmare troligtvis har plundrat från fallna gladiatorer. Materialets tyngd och styvhet hämmar gladiatorns rörlighet något men ger också ett bättre skydd än dess motsvarighet i tyg. Må detta plagg tjäna dig bättre än dess tidiga bärare.
721;armor;Tomtedräkt;Chest;1+;;Block 1;-;+1 Bashälsa, +1 Undvika anfall, +1 Inlärningsförmåga;;;;;;;;;
511;jewelry;Dunkelring;Finger;1+;80;-;-;+1% Perfekt träff, +1 Undvika anfall;;;;;;;;;En ring gjord av svart granit.Med inskriptionen : I Dunkel Vi Må Vandra Tillsammans
165;jewelry;Värdelös häxpåse;Amulet;1+;;-;-;-25 Styrka;;;;;;;;;En påse vars innehåll tycks variera i doft från gång till gång när du öppnar den. Nu doftar den dock nästan ingenting längre.
58;consumable;Kejserlig Måltid;;1+;;Cooldown 0 sekunder;-;-;;;;;;;;;En fantastisk festmåltid.
109;consumable;Dåligt Rykte;;1+;;Cooldown 1 timme;-;-;;;;;;;;;
194;consumable;Girighetsmjöd;;1+;;Cooldown 0 sekunder;Kräver att du är av rasen goblin;-;;;;;;;;;"""Den girige belönas"", ett gammalt goblinskt ordspråk."
214;jewelry;Smidesring;Finger;4+;250;-;-;+1% Perfekt träff, +5 Uthållighet;;;;;;;;;
172;weapon;Fjäderdolk;Spear;10+;67;Skada 3-6 · Krit 7 + (1% till 5%) · Kritchans 0-4% · Hållbarhet 67 · Block/runda 2 · Dual · Vikt 1 · Ench 1;25 Styrka, 115 Stickvapen (rek);+2% Perfekt träff, +5 stickvapen, +8 Undvika anfall, +8% Undvika anfall;;;;;;;;;En mycket lätt dolk och som uppmuntrar dess bärare att helst inte behöva parera utan istället inte bli träffad alls.
99;shield;Långsköld;Shield;10+;160;Absorption 19 · Kritchans 0-2% · Hållbarhet 35 · Block/runda 2 · Vikt 11 · Ench 1;90 Styrka, 55 Sköldar (rek);-;;;;;;;;;
280;shield;Romerisk långsköld;Shield;10+;260;Absorption 18 · Kritchans 0-3% · Hållbarhet 40 · Block/runda 2 · Vikt 11 · Ench 1;Kräver att du är av rasen människa, 90 Styrka, 70 Sköldar (rek);+10 sköldar;Vapensmide 2;3 x Ekträ, 3 x Stål;;0;600;;;;
1019;shield;Stor rosenträsköld;Shield;10+;175;Absorption 14 · Kritchans 0-4% · Hållbarhet 30 · Block/runda 2 · Vikt 5 · Ench 1;75 Styrka, 50 Sköldar (rek);+1% Perfekt träff, +5 Initiativstyrka;;;;;;;;;
1020;shield;Mindre träsköld;Shield;10+;170;Absorption 14 · Kritchans 0-2% · Hållbarhet 33 · Block/runda 2 · Vikt 3 · Ench 1;55 Styrka, 60 Sköldar (rek);+3 sköldar, +5 Undvika anfall;;;;;;;;;
1022;shield;Liten runsköld;Shield;10+;275;Absorption 21 · Kritchans 0-2% · Hållbarhet 36 · Block/runda 2 · Vikt 13 · Ench 1;85 Styrka, 65 Sköldar (rek);+5 Uthållighet;;;;;;;;;
1023;shield;Stor träsksköld;Shield;10+;145;Absorption 11 · Kritchans 0-1% · Hållbarhet 56 · Block/runda 2 · Vikt 14 · Ench 1;115 Styrka, 30 Sköldar (rek);+8 Bashälsa;;;;;;;;;
1024;shield;Ökenssköld;Shield;10+;150;Absorption 17 · Kritchans 0-3% · Hållbarhet 37 · Block/runda 1 · Vikt 8 · Ench 1;85 Styrka, 45 Sköldar (rek);+5 sköldar;Vapensmide 2;1 x Ekträ, 2 x Järn, 1 x Stål;;0;500;;;;
94;weapon;Trolldolk;Spear;10+;70;Skada 5-10 · Krit 11 + (1% till 5%) · Kritchans 0-4% · Hållbarhet 58 · Block/runda 2 · Dual · Vikt 5 · Ench 1;Kräver att du är av rasen troll, 50 Styrka, 95 Stickvapen (rek);+2% Perfekt träff, +15 Bashälsa, +5 Uthållighet;;;;;;;;;De flesta troll nyttjar sin naturliga styrka för att förinta sina fiender, men det finns slugare troll som upptäckt glädjen i att sticka hål i sina fiender. Denna “dolk” är mer som ett svärd, men ser liten ut i ett trolls kraftiga händer.
902;weapon;Tvärdolk;Spear;10+;80;Skada 3-6 · Krit 7 + (1% till 5%) · Kritchans 0-4% · Hållbarhet 62 · Block/runda 2 · Dual · Vikt 2 · Ench 1;30 Styrka, 105 Stickvapen (rek);+2% Perfekt träff, +8 stickvapen, +4 Undvika anfall, +4% Undvika anfall;;;;;;;;;Tvärdolkens något underliga utformning, med en skåra i mitten som delar bladet i två, gör sig utmärkt för att glida mellan både ringbrynjeringar och glipor i rustningar. Ett dödligt vapen för den lite mer erfaren gladiatorn.
300;weapon;Spikvred;Spear;10+;140;Skada 5-10 · Krit 11 + (1% till 5%) · Kritchans 0-4% · Hållbarhet 40 · Block/runda 2 · Dual · Vikt 4 · Ench 1;Kräver att du är av rasen goblin, 45 Styrka, 100 Stickvapen (rek);+1% Perfekt träff, +15 Tur, +15 Disciplin;;;;;;;;;Ett spjut särskilt utformat för att passa gobliner. Inte enbart genom dess korta längd och låga vikt utan också genom dess många sätt att skada en motståndare. Med en vass spets i varje ände och dessutom en på var sida om spjutet liknar det delvis en halberd i sin utformning. Till skillnad från en halberd är spikvredet gjort för att passa en stissig golin ständigt i jakt på nya kreativa sätt att benda upp revbenen på en motståndare. Vilket vapnet också kan göra, med stor framgång.
980;weapon;Djungelpåk;Mace;10+;190;Skada 11-12 · Krit 13 + (10% till 10%) · Kritchans 0-1% · Hållbarhet 57 · Block/runda 2 · Dual · Vikt 12 · Ench 1;Kräver att du är av rasen salamanth, 80 Styrka, 70 Hammare (rek);+3 Bashälsa, +3 Initiativstyrka;;;;;;;;;Denna hammare är dekorerad med färgglada fjädrar och vackert grönskimrande läder knutet runt handtaget. Den genomsyras av svaga rester av Vulkanöns magi.
487;weapon;Mindre stridsnät;Chain;10+;75;Skada 3-4 · Krit 5 + (0% till 0%) · Kritchans 0-4% · Hållbarhet 40 · Block/runda 2 · Dual · Vikt 5 · Ench 1;50 Styrka, 100 Kättingvapen (rek);+2% Perfekt träff, +5 kättingvapen;;;;;;;;;Ett mindre nät framtaget för att användas i strid för att försöka fånga in motståndarens slag. Lite mer lätthanterligt men också något mer bräckligt än de större varianterna.
253;weapon;Krigssvärd;Sword;10+;120;Skada 7-11 · Krit 12 + (1% till 5%) · Kritchans 0-4% · Hållbarhet 59 · Block/runda 2 · Dual · Vikt 9 · Ench 1;45 Styrka, 85 Svärd (rek);+4 Bashälsa, +4 Uthållighet;;;;;;;;;Det är vanligt att fotsoldater i arméer utrustas med den här typen av svärd, varifrån de har fått sitt namn. Det är en enkel design, men enkel betyder pålitlig och i krig är det högsta prioritet.
186;weapon;Lätt månsvärd;Sword;10+;200;Skada 5-12 · Krit 13 + (1% till 5%) · Kritchans 0-4% · Hållbarhet 68 · Block/runda 2 · Dual · Vikt 4 · Ench 1;Kräver att du är av rasen alv, 40 Styrka, 110 Svärd (rek);+2% Perfekt träff, +15 Undvika anfall;;;;;;;;;Detta svärd är smitt av alvhänder i en speciell ritual som påstås ingjuta månens kraft i klingans metall. När svärdet svingas på rätt sätt viner luften omkring det på ett sätt som påminner om ett vemodigt nynnande.
53;weapon;Romeriskt krigssvärd;Sword;10+;120;Skada 6-14 · Krit 15 + (1% till 5%) · Kritchans 0-7% · Hållbarhet 60 · Block/runda 2 · Dual · Vikt 8 · Ench 1;Kräver att du är av rasen människa, 60 Styrka, 105 Svärd (rek);+2% Perfekt träff, +5 svärd;;;;;;;;;Det romeriska riket är sedan länge utdött men svärden som deras soldater var utrustade med lever kvar. De är specifikt utformade för människor och ligger fel i händerna på andra raser, som därför inte får mycket ut av dessa välsmidda svärd. I människohänder är de dock respekterade vapen och det är lätt att förstå varför romerierna blev så framgångsrika som de var.
52;weapon;Långsvärd;Sword;10+;120;Skada 7-10 · Krit 11 + (1% till 5%) · Kritchans 0-2% · Hållbarhet 66 · Block/runda 2 · Dual · Vikt 7 · Ench 1;50 Styrka, 95 Svärd (rek);+10 svärd;Vapensmide 2;2 x Järn, 2 x Stål;;0;850;;;;Långsvärdet är ett mångsidigt och dödligt vapen som är en vanlig syn i Stenhems arena. Med sin långa vassa klinga och sitt stadiga hjalt kan svärdet leverera dödliga slag till fiender både i extrem närstrid och på lite längre avstånd. Den balanserade vikten och imponerande räckvidden gör det lätt för erfarna krigare att både parera inkommande attacker och slå tillbaks med överraskande snabbhet.
265;jewelry;En ond rot;Trinket;10+;250;-;-;+6 Styrka, -2 Initiativstyrka, -2 Undvika anfall;;;;;;;;;En ond rot från bokskogarnas djup.
1010;jewelry;Dvärgens ord;Neck;10+;;Kritchans 0-1%;Kräver att du är av rasen dvärg;+1% Perfekt träff, +5 Bashälsa;;;;;;;;;Hugget ur en ådrad sten från Stenhems inre, inlagt med glödande kristaller som endast syns i mörker. Dvärgens Ed är ett tecken på evig lojalitet och orubblig uthållighet. Den som bär det sviker inte - och glömmer aldrig.
1115;jewelry;Huxflux-deluxe-mynt;Trinket;10+;;-;-;+3 Styrka, +3 Initiativstyrka, +3 Undvika anfall;;;;;;;;;Ursäkta? Det går inte att betala med detta? att ni inte tar emot detta är under all kritik.. ska jag hitta några andra pengar hux flux deluxe.Sjukaste butiken ever.. jag prisa nyligen allt jobb som ni gjort och den fina respons på era produkter. MEN detta är ju fan under all kritik! Sorry, not sorry!
58;weapon;Silversvärd;Sword;15+;320;Skada 8-15 · Krit 16 + (1% till 5%) · Kritchans 0-2% · Hållbarhet 95 · Block/runda 2 · Dual · Vikt 7 · Ench 1;60 Styrka, 125 Svärd (rek);+2% Perfekt träff, +5 Uthållighet, +5 Undvika anfall;;;;;;;;;Silver är en ganska mjuk metall och lämpar sig i vanliga fall inte för vapensmide. Men med rätt teknik man ingjuta silvrets bästa egenskaper i klingan utan att tappa hårdheten. Den resulterande eggen är rakbladsvass och kan kapa det mesta utan större ansträngning.
105;shield;Stor långsköld;Shield;15+;250;Absorption 27 · Kritchans 0-2% · Hållbarhet 54 · Block/runda 2 · Vikt 12 · Ench 1;120 Styrka, 80 Sköldar (rek);-;Vapensmide 3;1 x Svart valnöt, 1 x Alvsilver;;0;1000;;;;
102;shield;Månsköld;Shield;15+;300;Absorption 23 · Kritchans 0-2% · Hållbarhet 45 · Block/runda 2 · Dual · Vikt 3 · Ench 1;Kräver att du är av rasen alv, 65 Styrka, 105 Sköldar (rek);+8 sköldar, +16 Undvika anfall;;;;;;;;;
302;weapon;Ökendolk;Spear;15+;280;Skada 10-12 · Krit 13 + (1% till 5%) · Kritchans 0-3% · Hållbarhet 78 · Block/runda 2 · Dual · Vikt 3 · Ench 1;Kräver att du är av rasen goblin, 60 Styrka, 120 Stickvapen (rek);+3% Perfekt träff, +8 Styrka, +8 Undvika anfall, +8 Tur;;;;;;;;;I öknens starka sandfyllda vindar är det inte bara svårt att se vem det är man försöker dräpa, det är också märkbart svårare att svinga ett stort och tungt vapen i en stark motvind. Goblinerna har därför tagit fram ett vapen som kan användas även i de tuffaste av öknar. Även perfekt för en gömd goblin att sticka i benet på en icke ont anande ökenvandrare. Har av samma skäl på senare tid blivit ett populärt vapen även på arenans sand.
1027;shield;Skogens träsköld;Shield;15+;230;Absorption 23 · Kritchans 0-2% · Hållbarhet 47 · Block/runda 2 · Vikt 5 · Ench 1;80 Styrka, 90 Sköldar (rek);+6 sköldar, +7 Undvika anfall;Vapensmide 3;6 x Ekträ;;0;875;;;;
1026;shield;Krokodilsköld;Shield;15+;220;Absorption 25 · Kritchans 0-3% · Hållbarhet 57 · Block/runda 1 · Vikt 10 · Ench 1;115 Styrka, 70 Sköldar (rek);+8 sköldar;Vapensmide 3;3 x Ekträ, 3 x Stål;;0;800;;;;
924;weapon;Defensivrete;Chain;15+;200;Skada 2-5 · Krit 6 + (0% till 0%) · Kritchans 0-3% · Hållbarhet 50 · Block/runda 2 · Dual · Vikt 6 · Ench 1;80 Styrka, 110 Kättingvapen (rek);+10 Bashälsa;Vapensmide 3;1 x Granträ, 1 x Svart valnöt, 2 x Järn, 2 x Stål, 1 x Alvsilver;;0;1250;;;;
70;jewelry;Fingersköld;Finger;15+;560;-;-;+6 Bashälsa;Föremålssmide 3;1 x Ekträ, 1 x Siden, 1 x Blodpint;;0;1000;;;;Alla gladiatorer vet att det är svårt att svinga ett vapen utan fingrar... En vis investering.
578;jewelry;Guldfjäder;Neck;15+;200;Vikt -1;-;+3 Styrka, +2 Undvika anfall;Föremålssmide 3;2 x Päls, 1 x Flytande guld;;0;1200;;;;Om fjädern är färgad eller faktiskt tillhört en sällsynt fågel är omdebatterat. Oavsett fallet sägs den skänka bäraren kvickhet och styrka I strid.
482;armor;Sidenskor;Feet;15+;100;Block 6 (8%);60 Styrka;-;Rustningssmide 4;1 x Stål, 1 x Läder, 1 x Siden;;0;350;;;;Ett par lätta sidenskor, kanske mer passande på bal än på arenans golv men många alver och människor har stridd och dött i liknande skor.
512;weapon;Zurinskt stridsspjut;Spear;20+;600;Skada 9-20 · Krit 21 + (5% till 9%) · Kritchans 0-5% · Hållbarhet 55 · Block/runda 2 · Dual · Vikt 7 · Ench 1;95 Styrka, 130 Stickvapen (rek);+2% Perfekt träff, +5 stickvapen, +5 Initiativstyrka;Vapensmide 5;1 x Entträ, 4 x Granträ, 3 x Ekträ, 2 x Alvsilver;;0;2350;;;;Modellerat efter det spjut Zurin en gång för länge sedan stred sig till sin legendstatus. Som alla vet stred den forne legenden sedan med det långspjut som fortfarande finns i Kejsarens förråd, men ett vapen som en gång tog en gladiator till en legendtitel är fortfarande något värt att respektera.
96;weapon;Fullmånedolk;Spear;20+;460;Skada 4-8 · Krit 9 + (1% till 5%) · Kritchans 0-5% · Hållbarhet 104 · Block/runda 2 · Dual · Vikt 1 · Ench 1;Kräver att du är av rasen alv, Kräver att du är av rasen människa, 35 Styrka, 145 Stickvapen (rek);+3% Perfekt träff, +10 stickvapen, +10 Undvika anfall, +10% Undvika anfall;;;;;;;;;Detta vapen har tillverkats under en fullmåne i alvernas skogar. Månsmederna kan ingjuta olika effekter i vapnen de tillverkar beroende på vilken fas månen befinner sig, och fullmånen är mycket betydelsefull för dem. De berättar dock ogärna för utomstående exakt varför.
783;weapon;Morus dödsgissel;Chain;20+;570;Skada 17-42 · Krit 43 + (10% till 30%) · Kritchans 0-8% · Hållbarhet 90 · Block/runda 2 · 2H · Vikt 27 · Ench 2;165 Styrka, 120 Kättingvapen (rek);+2% Perfekt träff;;;;;;;;;
780;weapon;Morus ormsvärd;Sword;20+;700;Skada 24-27 · Krit 28 + (1% till 5%) · Kritchans 0-7% · Hållbarhet 140 · Block/runda 2 · 2H · Vikt 17 · Ench 2;145 Styrka, 110 Svärd (rek);+11% svärd, +12 Initiativstyrka, +12 Undvika anfall;;;;;;;;;Den främste av smedskrået lyckades vidareutveckla tvåhandssvärdet till ett med annorlunda form och stållegering. Ormsvärdet bringar fruktansvärd kraft i svingen och är minst sagt imponerade till dess längd och slingriga design.
1030;shield;Tusenträsköld;Shield;20+;550;Absorption 29 · Kritchans 0-2% · Hållbarhet 64 · Block/runda 2 · Vikt 5 · Ench 1;95 Styrka, 110 Sköldar (rek);+10 sköldar, +10 Undvika anfall;;;;;;;;;
174;shield;Flädersköld;Shield;20+;650;Absorption 30 · Kritchans 0-2% · Hållbarhet 61 · Block/runda 2 · Vikt 3 · Ench 1;Kräver att du är av rasen alv, 80 Styrka, 120 Sköldar (rek);+10 sköldar, +15% Initiativstyrka, +15% Undvika anfall;Vapensmide 6;1 x Pegasusfjäder, 2 x Svart valnöt, 1 x Alvsilver;;0;3050;;;;
1033;shield;Runsköld;Shield;20+;420;Absorption 33 · Kritchans 0-2% · Hållbarhet 73 · Block/runda 2 · Vikt 14 · Ench 1;150 Styrka, 100 Sköldar (rek);-;;;;;;;;;
1035;shield;Gråsköld;Shield;20+;650;Absorption 18 · Kritchans 0-1% · Hållbarhet 131 · Block/runda 2 · Vikt 20 · Ench 1;210 Styrka, 70 Sköldar (rek);+7% Bashälsa, -10 Initiativstyrka;Vapensmide 4;6 x Ekträ, 4 x Alvsilver;;0;2700;;;;
205;weapon;Trollsvärd;Sword;20+;200;Skada 6-23 · Krit 24 + (1% till 5%) · Kritchans 0-2% · Hållbarhet 90 · Block/runda 2 · Dual · Vikt 13 · Ench 1;Kräver att du är av rasen troll, 185 Styrka, 100 Svärd (rek);+20 Bashälsa, -10 Initiativstyrka;Vapensmide 4;4 x Svart valnöt, 8 x Järn, 5 x Stål;;0;1900;;;;Denna ståtliga, rustika klinga är tillverkat för varelser födda med strid i sitt mörka blod, med en svart kedja bunden runt handtaget för att balansera upp den sylvassa klingan som slipats av en riktig mästersmed som inte vem som helst har råd att anlita. Men ett Troll vet vad den söker när den suktar efter att få utgjuta blod hos den som vågar ställa sig i vägen för den.
235;weapon;Romeriskt storsvärd;Sword;20+;400;Skada 23-28 · Krit 29 + (1% till 5%) · Kritchans 0-7% · Hållbarhet 130 · Block/runda 2 · 2H · Vikt 19 · Ench 2;Kräver att du är av rasen människa, 160 Styrka, 120 Svärd (rek);+10% svärd, +10 Styrka, +5 Initiativstyrka, +10 Undvika anfall;Vapensmide 4;2 x Ekträ, 1 x Stål, 2 x Alvsilver;;0;2250;;;;Likt de andra kvarvarande romeriska vapnen är detta storsvärd utformat specifikt för människohänder och känns otympligt och felbalanserat för andra raser. Romerierna visste vad de gjorde, och detta enorma svärd är en syn ingen vill möta på arenans sand.
140;weapon;Dödsgissel;Chain;20+;570;Skada 10-42 · Krit 43 + (10% till 30%) · Kritchans 0-8% · Hållbarhet 90 · Block/runda 2 · 2H · Vikt 27 · Ench 2;170 Styrka, 125 Kättingvapen (rek);+2% Perfekt träff;Vapensmide 4;1 x Ekträ, 2 x Svart valnöt, 2 x Stål, 1 x Alvsilver;;0;1950;;;;Vapnet har tre iögonfallande klot  på 10 kilo vardera gjorda av massivt stål som genom kedjor fästs i dess skaft. Det är inte många av Stenhems gladiatorer som är starka nog att bära dödsgisslet, men det är ännu färre som är starka nog att klara av en smäll från vapnets dödliga kraft.
1031;shield;Skorpionsköld;Shield;20+;480;Absorption 29 · Kritchans 0-3% · Hållbarhet 78 · Block/runda 1 · Vikt 10 · Ench 1;145 Styrka, 100 Sköldar (rek);+10 sköldar;Vapensmide 4;2 x Svart valnöt, 2 x Alvsilver;;0;1800;;;;
48;weapon;Åskvred;Axe;20+;460;Skada 23-36 · Krit 37 + (10% till 10%) · Kritchans 0-9% · Hållbarhet 100 · Block/runda 2 · 2H · Vikt 25 · Ench 2;160 Styrka, 125 Yxor (rek);+1% Perfekt träff, +10 yxor, +5 Initiativstyrka;;;;;;;;;Detta vapen är allt annat än en vanlig yxa. Vapnet sägs ha smidits av gruvdvärgarna under mycket avancerade metoder och förhållanden. Historien förtäljer att detta vapen är en av de få saker som fått dvärgarna att lämna sina gruvor. De ville nämligen få åskans kraft i vapnet, och har således tagit sig ur sina grottor och smidit vapnet utomhus, enbart vid tillfällen då riktiga åskoväder besökt deras rike.Eftersom de vägrat att arbeta ens en sekund på vapnet då det inte åskat, tog det väldigt lång tid att tillverka. Resultatet blev däremot någonting långt utöver det vanliga. Endast ett fåtal gladiatorer klarar av att bära vapnet, då det utsöndrar en känsla av elektricitet i händerna då vapnet bärs. De få som klarar av att hantera smärtan och bära vapnet in i strid, är totalt livsfarliga motståndare och ska till varje pris undvikas att underskattas.
63;weapon;Ormsvärd;Sword;20+;700;Skada 24-27 · Krit 28 + (1% till 5%) · Kritchans 0-7% · Hållbarhet 130 · Block/runda 2 · 2H · Vikt 17 · Ench 2;150 Styrka, 115 Svärd (rek);+10% svärd, +10 Initiativstyrka, +10 Undvika anfall;;;;;;;;;Den främste av smedskrået lyckades vidareutveckla tvåhandssvärdet till ett vapen med imponerande längd, utmärkande form och stållegering. Resultatet är ett vapen som kräver ett betydande mått av skicklighet för att svinga, men är ett dödligt vapen i rätt händer. Genom sin slingrande form kan ett vagt visslande ljud höras när en tillräckligt erfaren kämpe svingar det långa svärdet.
1009;jewelry;Dvärgens ed;Neck;20+;;Kritchans 0-1%;Kräver att du är av rasen dvärg;+1% Perfekt träff, +10 Bashälsa;;;;;;;;;Hugget ur en ådrad sten från Stenhems inre, inlagt med glödande kristaller som endast syns i mörker. Dvärgens Ed är ett tecken på evig lojalitet och orubblig uthållighet. Den som bär det sviker inte - och glömmer aldrig.
167;jewelry;Guldfågel;Trinket;20+;700;-;Kräver att du är av rasen människa, Kräver att du är av rasen dvärg;+7 Initiativstyrka;Föremålssmide 6;2 x Ekträ, 3 x Päls, 1 x Flytande guld;;0;1400;;;;
182;jewelry;Vredesring;Finger;20+;300;-;Kräver att du är av rasen troll, Kräver att du är av rasen ork, Kräver att du är av rasen goblin;+4 Styrka, +4 Initiativstyrka;;;;;;;;;Svartbloden har alltid haft saker för sig som rödblod funnit... intressanta. Ett exempel är att fysiskt bestraffa sig själva för att förstärka sina sinnen och vara mer på tårna. Vredesringen består nämligen av ett antal taggar på insidan så att det gör ont när man rör sig. Tydligen ger det en liten ökning i hastighet och styrka.
638;jewelry;Lindormsring;Finger;20+;200;-;-;+3 yxor, +3 svärd, +3 hammare, +3 stavar, +3 sköldar, +3 stickvapen, +3 kättingvapen, +3 Bashälsa, +3 Styrka;Föremålssmide 4;1 x Drakklo, 1 x Drakfjäll;1 x Drakynglingsring;0;1000;;;;Sällsynt material och oerhörd precision krävs för att tillverka en ring likt denna. Ringen sägs spegla attribut hos den drake vars delar använts vid tillverkningen.
429;armor;Välsmidd plåthjälm;Head;20+;;Block 12 (15%) · Vikt 2;120 Styrka;-;Rustningssmide 5;1 x Alvsilver, 3 x Läder;;0;350;;;;En skickligt smidd hjälm av en mästersmed. Ett utmärkt och eftertraktat försvar mot fientliga anfall.
739;jewelry;Vit fjäder;Neck;20+;;Vikt -1;-;+2 Initiativstyrka, +2 Undvika anfall;;;;;;;;;En mycket vacker, vit fjäder. Detta föremål är få förunnat att lägga vantarna på och de få som gör det brukar hänga den runt sin hals, då det sägs bringa god lycka att hålla den nära.
1045;jewelry;Helig guldfågel;Trinket;20+;700;-;Kräver att du är av rasen människa, Kräver att du är av rasen dvärg;+1% Perfekt träff, +7 Initiativstyrka, +2 Undvika anfall;;;;;;;;;
144;consumable;Östländsk pollenmixtur;;20+;;Cooldown 0 sekunder;-;+25 Uthållighet;;;;;;;;;Dessa pollenmixturer är tekniskt sett förbjudna i Stenhem, tack vare en gammal lag som kom till av ett missförstånd. Lagen togs aldrig bort men åtföljs inte av någon idag, och brukas därför ibland av gladiatorer då de kan tillåta en att kämpa längre utan att tappa energi.
426;weapon;Tvåudden;Spear;25+;;Skada 24-58 · Krit 59 + (10% till 20%) · Kritchans 0-11% · Hållbarhet 142 · Block/runda 2 · 2H · Vikt 13 · Ench 2;Kräver att du har bedriften Legend, 180 Styrka, 170 Stickvapen (rek);+4% Perfekt träff, +10 stickvapen, +40 Initiativstyrka;;;;;;;;;Detta sagolika vapen var en gång en treudd. En hjälte från forntiden använde det i strid mot en ond drake som förslavat en hel region, och i striden bröts mittenudden av. Det stoppade inte hjälten, som efter en strid som varade i tre dagar och två nätter äntligen lyckades stöta Tvåudden in i drakens hjärta och dräpa vidundret. Han hyllades av folket, och Tvåudden blev symbolen för deras frihet.En av Kejsarens historieintresserade förfäder lyckades anförskaffa vapnet och sedan dess har reliken väntat i det kejserliga förrådet, till synes opåverkad av tidens tand
1165;weapon;Styggedolk;Spear;25+;;Skada 10-20 · Krit 21 + (1% till 5%) · Kritchans 0-9% · Hållbarhet 180 · Block/runda 2 · Vikt 2 · Ench 1;Kräver att du har bedriften Legend, 95 Styrka, 175 Stickvapen (rek);+4% Perfekt träff;;;;;;;;;Styggedolk är en dolk vars namn viskas med obehag. Dolken är smidd av metall från en komet och dess egg sägs alltid hitta springor i rustningar och svagheter hos fiender, fysiska som psykiska. Många tror att vapnet bär på en illvilja – ju mer blod som spills, desto mer verkar den kräva. Det är som att den lever sitt eget liv. Hur den hittade till kejsarens förråd vet vi inte men lika säkert som att den hittat dit kommer den hitta därifrån.
1166;weapon;Stillhetens udde;Spear;25+;;Skada 15-29 · Krit 30 + (1% till 5%) · Kritchans 0-11% · Hållbarhet 112 · Block/runda 2 · Vikt 8 · Ench 1;Kräver att du har bedriften Legend, 145 Styrka, 175 Stickvapen (rek);+3% Perfekt träff, +10 stickvapen;;;;;;;;;Stillhetens udde är ett spjut smitt för den tålmodige krigaren. Dess mörka spets är så välbalanserad att den sägs skära genom luften utan att avge minsta ljud. Legender berättar att den skapades av en eremit som sökte fullständig ro, och att vapnet bär på en del av denna stillhet. I strid finner dess bärare ett märkligt lugn, medan fienderna ofta grips av en oförklarlig tvekan när den tysta udden riktas mot dem. Det sägs ha varit en gåva till kejsaren men att han blev obekväm i sin egen tystnad. Nu samlar den damm i hans förråd.
1160;weapon;Döden;Mace;25+;;Skada 20-34 · Krit 35 + (15% till 15%) · Kritchans 0-2% · Hållbarhet 205 · Block/runda 2 · Vikt 22 · Ench 1;Kräver att du har bedriften Legend, Kräver att du är av rasen odöd, Kräver att du är av rasen salamanth, 225 Styrka, 145 Hammare (rek);+12 Uthållighet;;;;;;;;;Denna kolsvarta hammare sägs vara hämtad från Hel själv. Varje slag ekar som en gravklocka över slagfältet, och många krigare hävdar att de hört viskningar från de fallna när hammaren svingas. Det sägs även att de begravda får liv när Döden slår till. Mycket sägs om denna hammare men en sak är säker. Döden är oundviklig.
417;weapon;Ogmios kedjor;Chain;25+;;Skada 13-20 · Krit 21 + (40% till 90%) · Kritchans 0-9% · Hållbarhet 105 · Block/runda 2 · Dual · Vikt 5 · Ench 1;Kräver att du har bedriften Legend, 130 Styrka, 170 Kättingvapen (rek);+5% Perfekt träff, +10 Bashälsa, +10 Uthållighet;;;;;;;;;Dessa uråldriga kedjor, en gång vad som band Ogmios med sina följeslagare enligt sägnen, har med varsamhet flätats och lagts ihop för att ge ett besynnerligt intryck. I rätt hand kan kedjorna dock brukas både offensivt och defensivt i strid på ett sätt få liknande vapen tidigare använts. Tekniken för att binda ihop kedjor på detta vis tros ha gått förlorad, men ryktet går att Brikk ska ha knäckt gåtan, än så länge är det dock endast detta exemplar som finns att tillgå för gladiatorerna och det finns i tryggt förvar i Kejsarens förråd.
1167;weapon;Skuggudden;Spear;25+;;Skada 30-52 · Krit 53 + (1% till 5%) · Kritchans 0-12% · Hållbarhet 150 · Block/runda 2 · 2H · Vikt 12 · Ench 1;Kräver att du har bedriften Legend, 170 Styrka, 170 Stickvapen (rek);+4% Perfekt träff, +10% stickvapen, +10% Undvika anfall, +30 Undvika anfall;;;;;;;;;Skuggudden sägs ha smidits ur nattens egen skugga. Dess mörka spets sägs kunna glida genom rustning lika obemärkt som en skugga över marken, och den som träffas känner ofta inte såret förrän det är för sent. Legender berättar att vapnet en gång bars av en lönnmördare som kunde försvinna mellan skuggorna och slå till där ingen väntade det. Än idag viskar gladiatorer att Skuggudden tycks röra sig av egen vilja i dunklet. Kanske var det även så den hittade in i kejsarens förråd, i väntan på att få utgjuta blod i någons händer.
1069;weapon;Mithrildolk;Spear;25+;;Skada 8-11 · Krit 12 + (1% till 5%) · Kritchans 0-3% · Hållbarhet 190 · Block/runda 2 · Dual · Ench 1;Kräver att du har bedriften Legend, 10 Styrka, 180 Stickvapen (rek);+7% stickvapen, +10 Bashälsa, +10 Styrka, +7% Initiativstyrka, +7% Undvika anfall;;;;;;;;;Den gamla dvärgiska smideskonst att forma vapen av mithril har sedan länge fallit i glömska, vilket gör den uråldriga dolken unik i sitt slag. Det blåskimrande silvret har nästan en självlysande glans och dess egg visar inga tecken på att ha förlorat skärpa trots att klingans ålder. Skaftet är gjort av ett ekträ mörknat av ålder som nästan onaturligt slingrar sig runt sig självt. Vid dolkens bas återfinns en imponerande iögonfallande ädelsten.
477;shield;Pridwen;Shield;25+;;Absorption 40 · Kritchans 0-2% · Hållbarhet 135 · Block/runda 2 · Vikt 1 · Ench 1;Kräver att du har bedriften Legend, 140 Styrka, 170 Sköldar (rek);+10% sköldar, +10 sköldar, +10% Uthållighet, +10 Uthållighet, +10% Undvika anfall, +10 Undvika anfall;;;;;;;;;Det sägs att denna sköld bars av en sagolik konung med tretton riddare vid sin sida. Legenderna säger att det enda sättet att förstöra Pridwen är att låta den krossas mellan två kolliderande meteorer, vilket mycket väl kan vara sant. Trots alla eoner av strid bär den inte en repa, inte en spricka, inte ett tecken på slitage eller skada.
1156;weapon;Vindvingen;Sword;25+;;Skada 26-36 · Krit 37 + (1% till 5%) · Kritchans 0-13% · Hållbarhet 235 · Block/runda 2 · 2H · Vikt 12 · Ench 2;Kräver att du har bedriften Legend, 145 Styrka, 165 Svärd (rek);+3% Perfekt träff, +15% svärd, +15 Initiativstyrka, +15% Undvika anfall;;;;;;;;;Ett mästerligt smitt svärd smidd i en stormvind. Vapnet är nästan viktlöst i sin bärares hand och rör sig genom luften med en grace som trotsar naturens lagar. Vid varje sving hörs ett svagt susande, som om himlens egna vindar följer dess bana. Många berättelser talar om krigare som med Vindvingen kunnat slå snabbare än ögat hinner uppfatta, och vissa påstår att vapnet ibland bär sin ägare framåt likt en osynlig vindstöt. Ett elegant men dödligt vapen, lika flyktigt som vinden själv.
958;weapon;Forndrome;Chain;25+;;Skada 12-35 · Krit 36 + (25% till 35%) · Kritchans 0-4% · Hållbarhet 119 · Block/runda 2 · Vikt 18 · Ench 1;Kräver att du har bedriften Legend, 340 Styrka, 145 Kättingvapen (rek);-;;;;;;;;;De rostsvarta kedjorna sägs vara smidda av järn från en fallen stjärna, och det taggförsedda klotet bär märken efter otaliga slagfält. När vapnet svingas genom luften hörs ett dovt muller, som om ekon från uråldriga krig fortfarande vilar i dess metall. Många krigare söker Forndrome för dess fruktade kraft, men få kan tygla dess vilda raseri. Nu hänger den i kejsarens förråd, i väntan på en ny bärare.
424;weapon;Skärselden;Chain;25+;;Skada 18-66 · Krit 67 + (10% till 35%) · Kritchans 0-11% · Hållbarhet 110 · Block/runda 2 · 2H · Vikt 29 · Ench 2;Kräver att du har bedriften Legend, 300 Styrka, 145 Kättingvapen (rek);+5% Perfekt träff, +5 kättingvapen, +10 Styrka;;;;;;;;;Få vapen har satt skräck i de som kämpat på den blodiga sanden så som de dödsgissel Gug Durbul med sin långa erfarenhet av tillverkandet av allehandas tortyrvapen skaffat fram.Vad få känner till är dock att Gug skapade ytterligare ett gissel. Ett gissel som endast tillverkats i ett exemplar och aldrig varit till salu. Ett gissel som endast brukats av den hand som skapat det. Vid första anblick liknar det övriga dödsgissel, men för det tränade ögat avslöjar proportionerna dess gigantiska storlek. Efter en mycket lång övertalning, och troligtvis berikande för den ena parten,  har gisslet placerats i Kejsaren förråd i väntan på att ytterligare en hand ska svinga skapelsen över sitt huvud.
1162;weapon;Ödeshugg;Axe;25+;;Skada 11-31 · Krit 32 + (1% till 5%) · Kritchans 0-13% · Hållbarhet 138 · Block/runda 2 · Dual · Vikt 7 · Ench 1;Kräver att du har bedriften Legend, 100 Styrka, 170 Yxor (rek);+4% Perfekt träff, +15 yxor, +15 Tur;;;;;;;;;Det sägs att denna yxa skapades av ödesgudinnan Moira själv. Bäraren tycks plötsligt ha turen på sin sida - pilar missar denne med en hårsmån, attacker träffar precis i gliporna på motståndarens rustning, och plötsligt ligger det borttappade penningpungar här och där som ingen annan tycks se.Men turen tycks också kunna vända, då den senaste bäraren nyligen avled i en något absurd olycka som involverade ett troll, en borttappad handske, två getter, en portion soppa och fyra präster. Efter det omhändertogs vapnet och placerades nyligen i det kejserliga förrådet.
431;weapon;Uråldrigt ekgissel;Chain;25+;;Skada 22-60 · Krit 61 + (25% till 35%) · Kritchans 0-14% · Hållbarhet 140 · Block/runda 2 · 2H · Vikt 25 · Ench 2;Kräver att du har bedriften Legend, 220 Styrka, 155 Kättingvapen (rek);+4% Perfekt träff, +5% kättingvapen;;;;;;;;;De ekar som för länge sedan växte på de marker som ständigt växlat tillhörighet i de eviga krig som plågat världen sägs inte bara varit lika grova som de äldsta av ekar i alvernas land, utan även utan de ihåligheter som plågar en äldre ek. De lärde har länge studerat de reliker som finns kvar av dessa ekar, i hopp om ett samband med mer mytomspunna träd som Yggdrasil.En av de större artefakterna från dessa ekar, en gren lika grov som en tvåhundraårig eks stam, har ett samarbete mellan något så förskräckligt som alver och svartblod skapat ett vapen likt inget annat. Likt ett perfekt stygn löper en två tum tjock stålkedja genom den nakna veden och går sidan frigående två mansfamnar för att sluta i ett handtag stort nog för två av det största trolls händer, men med en smäckerhet och detaljrikedom som påminner om alvernas hantverk.Om skapelsen är mer av ett rent styrkeprov att få upp från marken eller om symbiosen mellan två fiender faktiskt gett upphov till ostoppbart vapen, det får den som faktiskt också lyckas svinga det avgöra.
1155;weapon;Ridill;Sword;25+;;Skada 15-23 · Krit 24 + (1% till 5%) · Kritchans 0-7% · Hållbarhet 212 · Block/runda 2 · Dual · Vikt 7 · Ench 1;Kräver att du har bedriften Legend, Kräver att du är av rasen goblin, Kräver att du är av rasen dvärg, 110 Styrka, 155 Svärd (rek);+3% Perfekt träff, +8% Bashälsa, +8 Uthållighet, -15 Initiativstyrka, +8% Undvika anfall;;;;;;;;;Det sägs att detta vapen användes av en mytomspunnen dvärg för att skära ut hjärtat på en fasansfull drake som terroriserade en region långt i norr. Med sitt sista andetag uttalade draken en förbannelse över vapnet, men magin som genomsyrar det är likväl mäktig. En dvärgisk präst anlände nyligen till Stenhem för att överlämna vapnet till kejsaren, och försvann därefter från staden utan att ha sagt ett ord. Svärdet hamnade i det kejserliga förrådet, där det hungrar efter att se strid.
405;armor;Den odödliges rustning;Legs;25+;;Block 20 (25%) · Vikt 4;-;-;;;;;;;;;"I det fjärran öster låg ett stort kejsardöme, rivaler till våran egna kejsares. Detta kejsardöme hade en kejsare som gick under namnet ""Den odödlige"" på grund av hans massiva rustning. Detta kejsardöme är nu förenat med Kejsarens, och Den odödlige upptäckte att hans rustning inte skyddar mot lönnmördarens knivar när han inte har den på sig."
403;armor;Den odödliges rustning;Chest;25+;;Block 20 (25%) · Vikt 4;-;-;;;;;;;;;"I det fjärran öster låg ett stort kejsardöme, rivaler till våran egna kejsares. Detta kejsardöme hade en kejsare som gick under namnet ""Den odödlige"" på grund av hans massiva rustning. Detta kejsardöme är nu förenat med Kejsarens, och Den odödlige upptäckte att hans rustning inte skyddar mot lönnmördarens knivar när han inte har den på sig."
404;armor;Den odödliges rustning;Head;25+;;Block 20 (25%) · Vikt 4;-;-;;;;;;;;;"I det fjärran öster låg ett stort kejsardöme, rivaler till våran egna kejsares. Detta kejsardöme hade en kejsare som gick under namnet ""Den odödlige"" på grund av hans massiva rustning. Detta kejsardöme är nu förenat med Kejsarens, och Den odödlige upptäckte att hans rustning inte skyddar mot lönnmördarens knivar när han inte har den på sig."
335;jewelry;Uråldrig stenring;Finger;25+;;-;Kräver att du har bedriften Legend;+13 Styrka;;;;;;;;;Denna ring är gjord av en stenart som ingen känner igen. Dess yta är marmorerad av tunna sprickor, och bara att vila ögonen på den reflekterar tyngden av alla år den existerat. Det råder inget tvivel om att ringen är ofattbart gammal, men trots alla år den tillbringat i kejsarens förråd är den helt orörd av damm.
406;armor;Den odödliges rustning;Shoulders;25+;;Block 16 (20%) · Vikt 2;-;-;;;;;;;;;"I det fjärran öster låg ett stort kejsardöme, rivaler till våran egna kejsares. Detta kejsardöme hade en kejsare som gick under namnet ""Den odödlige"" på grund av hans massiva rustning. Detta kejsardöme är nu förenat med Kejsarens, och Den odödlige upptäckte att hans rustning inte skyddar mot lönnmördarens knivar när han inte har den på sig."
407;armor;Den odödliges rustning;Hands;25+;;Block 16 (20%) · Träffchans +1 · Vikt 2;-;-;;;;;;;;;"I det fjärran öster låg ett stort kejsardöme, rivaler till våran egna kejsares. Detta kejsardöme hade en kejsare som gick under namnet ""Den odödlige"" på grund av hans massiva rustning. Detta kejsardöme är nu förenat med Kejsarens, och Den odödlige upptäckte att hans rustning inte skyddar mot lönnmördarens knivar när han inte har den på sig."
408;armor;Den odödliges rustning;Feet;25+;;Block 16 (20%) · Vikt 2;-;-;;;;;;;;;"I det fjärran öster låg ett stort kejsardöme, rivaler till våran egna kejsares. Detta kejsardöme hade en kejsare som gick under namnet ""Den odödlige"" på grund av hans massiva rustning. Detta kejsardöme är nu förenat med Kejsarens, och Den odödlige upptäckte att hans rustning inte skyddar mot lönnmördarens knivar när han inte har den på sig."
192;shield;Dvärgisk gruvsköld;Shield;26+;600;Absorption 39 · Kritchans 0-2% · Hållbarhet 120 · Block/runda 2 · Vikt 17 · Ench 1;Kräver att du är av rasen dvärg, 200 Styrka, 135 Sköldar (rek);+7 Styrka, +7 Uthållighet;Vapensmide 5;3 x Ekträ, 2 x Svart valnöt, 5 x Järn, 5 x Stål;;0;2750;;;;Gjord av det tjockaste stålet och med smideskunskaper bara dvärgar behärskar, denna sköld är oerhört svår att bräcka.
938;weapon;Strijdlegel;Chain;26+;420;Skada 10-26 · Krit 27 + (20% till 50%) · Kritchans 0-5% · Hållbarhet 95 · Block/runda 2 · Vikt 16 · Ench 1;260 Styrka, 130 Kättingvapen (rek);-;;;;;;;;;
1037;shield;Stor runsköld;Shield;26+;620;Absorption 38 · Kritchans 0-2% · Hållbarhet 112 · Block/runda 2 · Vikt 15 · Ench 1;180 Styrka, 125 Sköldar (rek);-;;;;;;;;;
873;weapon;Dolklie;Axe;26+;580;Skada 16-19 · Krit 20 + (0% till 0%) · Kritchans 0-8% · Hållbarhet 115 · Block/runda 2 · Dual · Vikt 8 · Ench 1;90 Styrka, 160 Yxor (rek);+3% Perfekt träff, +10% Undvika anfall;;;;;;;;;
554;shield;Uråldrig eksköld;Shield;26+;1150;Absorption 32 · Kritchans 0-3% · Hållbarhet 96 · Block/runda 2 · Vikt 5 · Ench 1;Kräver att du är av rasen alv, Kräver att du är av rasen människa, 110 Styrka, 145 Sköldar (rek);+10 sköldar, +10% Undvika anfall, +15 Undvika anfall;;;;;;;;;Från de gamla legenderna viskas det om forna dagar då alverna var herrar över stora riken. Dessa sköldar sägs vara en rest från dessa tider, formade av uråldrigt ekträ, lätt som mithril och som aldrig spricker är dem en syn att beskåda.
1101;shield;Stor skorpionsköld;Shield;26+;400;Absorption 36 · Kritchans 0-4% · Hållbarhet 108 · Block/runda 1 · Vikt 15 · Ench 1;160 Styrka, 130 Sköldar (rek);+15 sköldar;;;;;;;;;Inte helt olik den mindre skorpionskölden, men betydligt mer robust och tålig.
453;weapon;Gyllene långsvärd;Sword;26+;600;Skada 15-19 · Krit 20 + (1% till 5%) · Kritchans 0-4% · Hållbarhet 160 · Block/runda 2 · Dual · Vikt 10 · Ench 1;110 Styrka, 140 Svärd (rek);+10 svärd, +5 Bashälsa;Vapensmide 5;2 x Ekträ, 1 x Svart valnöt, 3 x Järn, 2 x Stål, 3 x Alvsilver;;0;2300;;;;Detta svärd är inte tillverkat av guld, utan metallen i klingan är utblandad med ett ämne som ger det sin gyllene färg. Det har också bieffekten att göra eggen tre gånger så stark som vanligt stål, och vass nog att skära i plåt. Därför är det gyllene långsvärdet en fruktad syn bland gladiatorer.
678;jewelry;Ädel Länk;Bracelet;26+;;Kritchans 0-2%;-;+1% Perfekt träff, +5 Initiativstyrka, +5% Undvika anfall, +10 Ledarskap;;;;;;;;;
662;jewelry;Fjäderlänk;Neck;26+;290;Kritchans 0-1% · Vikt -2;-;+2 Bashälsa, +2 Styrka, +2 Initiativstyrka, +2 Undvika anfall;;;;;;;;;
1035;armor;Krokodilfjäll;Legs;26+;300;Block 5 · Vikt 2;100 Styrka;+5 Initiativstyrka;;;;;;;;;Ett mycket hårt fjäll av krokodilskinn, omvandlat till en rustning.
235;consumable;Kejserligt mod;;30-34;;Varaktighet 30 · Cooldown 0 sekunder;-;+1% Perfekt träff, -5 yxor, -5 svärd, -5 hammare, -5 stavar, -5 stickvapen, -5 kättingvapen, -10 Undvika anfall, +40 Ledarskap, -10 Provokation;Alkemi 6;1 x Blodpint, 1 x Flytande guld;;0;500;;;;
899;weapon;Forndolk;Spear;35+;1000;Skada 5-8 · Krit 9 + (1% till 5%) · Kritchans 0-3% · Hållbarhet 209 · Block/runda 2 · Dual · Vikt 2 · Ench 1;60 Styrka, 185 Stickvapen (rek);+3% Perfekt träff, +15 stickvapen, +10 Undvika anfall, +10% Undvika anfall;Vapensmide 7;1 x Adamantium, 3 x Ekträ, 2 x Alvsilver, 1 x Fjärdingsstål;;0;3500;;;;
897;weapon;Hullingförsedd tortyrspets;Spear;35+;950;Skada 15-24 · Krit 25 + (1% till 5%) · Kritchans 0-6% · Hållbarhet 107 · Block/runda 2 · Dual · Vikt 8 · Ench 1;Kräver att du är av rasen ork, Kräver att du är av rasen troll, 180 Styrka, 155 Stickvapen (rek);+1% Perfekt träff, +15 Styrka, +15 Initiativstyrka;Vapensmide 7;1 x Adamantium, 3 x Ekträ, 2 x Svart valnöt, 1 x Fjärdingsträ;;0;3500;;;;
495;weapon;Trippeldolk;Spear;35+;990;Skada 8-13 · Krit 14 + (1% till 5%) · Kritchans 0-4% · Hållbarhet 193 · Block/runda 2 · Dual · Vikt 2 · Ench 1;80 Styrka, 175 Stickvapen (rek);+5% stickvapen, +7% Undvika anfall, +10 Undvika anfall;;;;;;;;;Trippeldolken ser ut som dubbeldolken, men med ytterligare en klinga utstickande från nederdelen av handtaget. Den är därför ännu svårare att använda, men också ännu svårare att försvara sig mot. Många har frågat sig om trippeldolken faktiskt är ett praktiskt vapen eller om den är ett resultat av en vapensmed som frågade om han kunde istället för om han borde.
808;shield;Orkisk honörssköld;Shield;35+;1200;Absorption 44 · Kritchans 0-6% · Hållbarhet 105 · Block/runda 2 · Vikt 18 · Ench 1;Kräver att du är av rasen ork, 340 Styrka, 115 Sköldar (rek);+2% Perfekt träff, +6% Styrka, +15 Initiativstyrka;Vapensmide 7;1 x Adamantium, 3 x Svart valnöt, 8 x Stål, 1 x Virtuosessens;;0;3500;;;;En extraordinär sköld smidd utav svartstål. Denna sköld är en replika smidd av Brikk som härmar honörssköldarna använda av orkerna under deras flertal krig mot de andra raserna, något som får många gladiatorer att se rött när dem ser dessa sköldar.
558;shield;Dvärgisk runsköld;Shield;35+;1190;Absorption 46 · Kritchans 0-2% · Hållbarhet 154 · Block/runda 2 · Vikt 18 · Ench 1;Kräver att du är av rasen dvärg, 250 Styrka, 160 Sköldar (rek);+25 Bashälsa;Vapensmide 7;2 x Adamantium, 4 x Ekträ, 1 x Fjärdingsträ;;0;3500;;;;Viskningar har hörts utanför dvärgens berg om deras magnifika runsköldar, stora väggar av nästan oförstörbar metall klädd i magiska runor. Varje sköld ett mästerverk sägs dessa endast bäras av deras mest hedrade soldater. Denna sköld är en mästersmeds försök att återskapa ett sådant underverk. Även om dem inte kan mäta sig med sköldar smidda i bergets djupaste masugnar är dessa ändock åtråvärda bland arenans många dvärgar.
497;weapon;Monstruöst dödsgissel;Chain;35+;1395;Skada 20-53 · Krit 54 + (20% till 30%) · Kritchans 0-10% · Hållbarhet 105 · Block/runda 2 · 2H · Vikt 29 · Ench 2;250 Styrka, 160 Kättingvapen (rek);+2% Perfekt träff, +10 kättingvapen;Vapensmide 7;5 x Granträ, 5 x Ekträ, 4 x Svart valnöt, 5 x Järn, 4 x Stål, 4 x Alvsilver;;0;5100;;;;Få vapen har skördat lika många liv som det monstruösa dödsgisslet. Det är inte ett vapen med finess. Det är inte ett vapen med stil. Det är inte ett vapen som kräver mängder av skicklighet för att utnyttja effektivt.Men vad är det då? Fyra enorma stålklot fästa med lika enorma kättingar vid ett massivt skaft. Hur använder man det? Svinga det i din motståndares generella riktning.Vad händer med det som träffas? Det upphör att existera.Få gladiatorer har styrkan att svinga detta titaniska vapen, och färre har den hänsynslösa inställning som krävs för att medvetet rikta dess fruktade styrka mot en annan person. De som äger båda i kombination med vapnet självt kan snarast liknas vid naturkrafter.
1045;shield;Ädelträsköld;Shield;35+;1160;Absorption 38 · Kritchans 0-2% · Hållbarhet 128 · Block/runda 2 · Vikt 6 · Ench 1;135 Styrka, 150 Sköldar (rek);+10 sköldar, +12% Undvika anfall, +12 Undvika anfall;;;;;;;;;
946;weapon;Urskogsvrede;Chain;35+;1140;Skada 13-22 · Krit 23 + (50% till 90%) · Kritchans 0-10% · Hållbarhet 87 · Block/runda 2 · Dual · Vikt 2 · Ench 1;Kräver att du är av rasen alv, 110 Styrka, 170 Kättingvapen (rek);+4% Perfekt träff, +10 Uthållighet, +5 Undvika anfall;;;;;;;;;
597;jewelry;Guldklöver;Trinket;35+;2000;-;-;-1% Bashälsa, +25 Styrka, -5 Initiativstyrka;;;;;;;;;En fyrklöver som varsamt guldpläterats för att behålla sin form och kunna skänka bäraren lycka i all evighet.
601;jewelry;Röd Tjurfigurin;Trinket;35+;2000;-;-;-10 sköldar, +2% Bashälsa, +15 Provokation;;;;;;;;;I de absolut klaraste av röda färger är denna figurin av en tjur något av de mest uppmärksammande en gladiator kan bära. Förberedd dig även på din motståndares uppmärksamhet, då att bära något så uppseendeväckande i strid inte bara drar åt sig vänners blickar.
1007;jewelry;Dvärgens löfte;Neck;35+;;Kritchans 0-8%;Kräver att du är av rasen dvärg;+4% Perfekt träff;;;;;;;;;Hugget ur en ådrad sten från Stenhems inre, inlagt med glödande kristaller som endast syns i mörker. Dvärgens Ed är ett tecken på evig lojalitet och orubblig uthållighet. Den som bär det sviker inte - och glömmer aldrig.
1061;armor;Guldhjälm;Head;35+;;Block 20 (20%) · Vikt 4;-;+35 Ledarskap;;;;;;;;;Om en ensam gladiator äger både Guldhjälm och Guldharnesk så kan dessa låsas ner. Vid nedlåsning blir båda delar själsbundna, och båda delar får ytterligare 25 poäng i ledarskap.
93;enchant;Kestrosphendone;;35+;1;-;-;-8% Undvika anfall, -14 vapenfärdigheten yxor, -14 vapenfärdigheten kättingvapen, -14 vapenfärdigheten hammare, -14 vapenfärdigheten stickvapen, -14 vapenfärdigheten stavar, -14 vapenfärdigheten svärd;;;;;;;;;
127;enchant;Röd runsten;;35+;1;-;-;+3% Perfekt träff;Vapensmide 8;10 x Försvagat runfragment;;0;500;;;;
787;jewelry;Duellisten;Amulet;40+;;-;-;+35 yxor, +35 svärd, +35 stavar, +35 stickvapen;;;;;;;;;Dessa amuletter delas ut till vapenmästare, folk som utmärkt sig som exceptionella med sitt valda krigsredskap. Frågan är om exemplaren som Lirak säljer är sådana som han själv har förtjänat eller om han har fått tag i dem på andra sätt. Oavsett vilket så blir bärarens rörelser lite mer exakta och huggen blir lite mer precisa.Amuletten pryds av ett stiliserat kors omgivet av en flammande cirkel, symbolen för det stridstempel där den tillverkats.
863;jewelry;Sköldmöns offensiv;Bracelet;40+;;Kritchans 0-3%;-;+15 sköldar, -5 Provokation;;;;;;;;;
38;material;Entträ;;-;165;-;-;-;;;;;;Kajsa Fjärdingsväg;Ent, Förvuxen Ent;Exotiskt;En stor bit trä från en fälld ent. Måttligt makabert att arbeta med, men onekligen kraftfullt.
57;material;Ekträ;;-;30;-;-;-;Rustningssmide 2;3 x Granträ;;0;50;Durin Hammarhjälm;Betavarg, Ent, Förvuxen Ent, Gruvtroll, Harpya, Liten trehörning, Mancinellaent, Svärm av Kookaburras, Totemtroll, Uråldrig ek, Utstött svartalv;Trä;Ekträ är ett av de mest pålitliga träsorterna och ger inte vika med tiden.
84;material;Silverpollett;;-;;-;-;-;;;;;;;;;Värd 2 poäng i Olympiaden.
117;material;Virtuosessens;;-;;-;-;-;;;;;;Kajsa Fjärdingsväg;;;
154;material;Kejserligt silver;;-;;-;-;-;;;;;;;;;Kejserligt silver är ett sällsynt och högt aktat ädelmaterial som endast används för föremål avsedda att hedra kejsaren och hans arv. Dess rena lyster symboliserar lojalitet, ära och rikets storhet, och varje föremål smitt av det bär en tydlig prägel av kejserlig värdighet.
161;material;Luftessens;;-;;-;-;-;;;;;;;;;En lätt kraft som bär på vindens snabbhet och rörelse.
1104;weapon;Entgissel;Chain;1+;;Skada 1-58 · Krit 59 + (10% till 40%) · Kritchans 0-8% · Hållbarhet 45 · Block/runda 2 · 2H · Vikt 50 · Ench 2;Kräver att du har bedriften En respektabel träff, 300 Styrka, 230 Kättingvapen (rek);-;;;;;;;;;"""Huvuden kommer rulla..."" - Någon i Nedlimauktionen"
908;weapon;Enkelt nät;Chain;1-19;38;Skada 2-3 · Krit 4 + (0% till 0%) · Kritchans 0-5% · Hållbarhet 29 · Block/runda 2 · Dual · Vikt 4 · Ench 1;30 Styrka, 70 Kättingvapen (rek);+5 kättingvapen;;;;;;;;;Ett enkelt nät gjort i knutet rep som kan användas för att parera en motståndares attacker. Dock sällan speciellt många attacker.
489;jewelry;Skogens essens;Trinket;1+;150;-;Kräver att du är av rasen odöd;-5% Bashälsa, -10% Styrka, +10% Initiativstyrka, +20% Undvika anfall, -10 Inlärningsförmåga;;;;;;;;;Detta löv kommer från ett träd i den tusenåriga skogen. Dock inte vilket träd som helst utan enligt sägnen en av de träd längst in i skogen som stod där långt före de andra. Trots att Debur intygar att det är en längre tid sedan han fick tag på ett fåtal av löven så verkar det inte ha torkat utan ser lika levande ut som om det suttit kvar på trädet det en gång växte på.
490;jewelry;Träskets essens;Trinket;1+;150;Vikt 2;Kräver att du är av rasen odöd;-15% yxor, -20% svärd, -10% hammare, -20% stavar, -15% sköldar, -15% stickvapen, -10% kättingvapen, -20% Obeväpnat, +20% Bashälsa, +30% Styrka, -40% Uthållighet, -40% Initiativstyrka, -60% Undvika anfall, -10 Inlärningsförmåga;;;;;;;;;Den här lilla glaskuben är både mörk, grumlig och har en viss stank som känns även på håll. Innehållet i kuben ser först ut att vara en avbildning av trollens träskmarker, men vid närmre inspektion liknar det allt mer ett levande träsk i miniatyr. Debur menar att föremålet tagits fram under flera rituella stadier och genom diverse blotceremonier. Resultatet är ett stenhårt föremål som ger dess bärare enorm styrka och tålighet.
603;armor;Hennin;Head;1+;220;Block 3 · Vikt 2;40 Styrka;+4 Inlärningsförmåga, +4 Tur, +4 Disciplin, +4 Ledarskap, +4 Provokation;;;;;;;;;En mycket populär huvudbonad bland den kvinnliga adeln. Formad som en strut med en slöja i spetsen väcker den stor uppmärksamhet om den bärs i sammanhang utanför högboret sällskap.
557;jewelry;Öknens essens;Trinket;1+;150;-;Kräver att du är av rasen odöd;-10% Bashälsa, +10% Styrka, +10% Undvika anfall, -10 Inlärningsförmåga;;;;;;;;;"Öknens essens består av exakt trettio sandkorn, uppsamlat från de fyra väderstreckens kantlinjer av öknen; Den snustorra brända sanden i syd, den lätta finkorniga sanden i väst, den något fuktiga sanden i öst och den iskalla och grova, nästan grusliknande sanden i norr. Dessa sandkorn har sedan härdats i både eld och vatten i omgångar, för att slutsligen skapa en mycket liten ädelsten som växlar mellan att avge en havsdoft när det är kyligt ute, men istället påminner om den torra öknen när ädelstenen får värme."
492;jewelry;Krigets essens;Trinket;1+;150;Vikt 1;Kräver att du är av rasen odöd;+10% Styrka, +10% Initiativstyrka, -20% Undvika anfall, -10 Inlärningsförmåga;;;;;;;;;"Rå och brutal styrka, samt mycket kvicka ben, är vad som definierar den som bär detta sällsynta tingest. En liten burk, innehållande blodet av mäktiga krigare från samtliga rödblodsraser; alv, människa och dvärg. Blandningen skapar en rödstark smet, som, om burken får stå stilla ett tag, avslöjar tre lager - dvärgblodet lägger sig tjockast i botten i en mörkt röd ton, följt av människoblodet i ett mittenskikt och det tunna ljusare alvblodet på toppen, likt hur olja separerar från källvatten. De som bär med denna essens in i strid, öppnar det förslutande locket precis före bataljen och andas in aromerna från blandningen djupt ner i lungorna, vilket ger en brännande effekt som oftast utbringar ett vansinnigt vrål."
521;armor;Mörkerstål;Chest;1+;300;Block 6 · Vikt 4;110 Styrka;+3 Styrka, +1 Initiativstyrka, +5 Provokation;;;;;;;;;Mörkerstålet kan lätt förvillas med det hos svartblod omåttligt populära svartstålet. Till skillnad från svartstål bärs mörkerstål av alla raser, då ondska inte alltid är en medfödd egenskap beroende av ras.
439;armor;Protegens hjälm;Head;1+;;Block 2 · Vikt 1;60 Styrka;+1 yxor;Rustningssmide 5;1 x Järn, 1 x Alvsilver, 1 x Läder;;0;1500;;;;En lätt och enkelt utsmyckad rustning gjord för välsponsrade nybörjare i arenan.
828;jewelry;Tusensten;Trinket;1+;;-;Kräver att du är av rasen alv;+5 Inlärningsförmåga, +5 Tur, +5 Disciplin;;;;;;;;;För en alv är alla ting av ursprung från den tusenåriga skogen av värde, så väl gräs, som sten och mossa.
74;consumable;Nyfikenhetens tinktur;;1+;;Varaktighet 360 · Cooldown 12 timmar;-;+10 Inlärningsförmåga;Alkemi 1;3 x Blodpint;;0;150;;;;
128;weapon;Skymningsgissel;Chain;10+;90;Skada 7-14 · Krit 15 + (20% till 50%) · Kritchans 0-5% · Hållbarhet 37 · Block/runda 2 · Vikt 12 · Ench 1;125 Styrka, 80 Kättingvapen (rek);-;;;;;;;;;Det finns två teorier om varifrån detta vapen har fått sitt namn. Den första är att den mörka metallen i huvudet ger associationer till natten och mörker. Den andra, kanske något mer skämtsam, är att detta vapen inte sällan signalerar att motståndarens ”skymning” är kommen.
600;weapon;Romerisk pik;Spear;10+;125;Skada 15-19 · Krit 20 + (1% till 10%) · Kritchans 0-8% · Hållbarhet 60 · Block/runda 2 · 2H · Vikt 10 · Ench 2;Kräver att du är av rasen människa, 90 Styrka, 80 Stickvapen (rek);+1% Perfekt träff, +5 stickvapen, +15 Initiativstyrka;;;;;;;;;Inte mycket lever kvar av det romeriska riket utom ett fåtal ruiner och en handfull vapenmodeller. Denna pik kan ha använts av fotsoldater i krig, då det långa skaftet lämpar sig ytterst väl för att försvara mot anfallande horder.
232;weapon;Trenovën;Spear;10+;160;Skada 14-21 · Krit 22 + (1% till 10%) · Kritchans 0-7% · Hållbarhet 76 · Block/runda 2 · 2H · Vikt 15 · Ench 2;Kräver att du är av rasen ork, Kräver att du är av rasen troll, Kräver att du är av rasen goblin, 95 Styrka, 75 Stickvapen (rek);+1% Perfekt träff, +5 Styrka, +10 Initiativstyrka;;;;;;;;;Detta vapens namn betyder “trehövdad” på ett utdött språk. Var och en av spjutets tre spetsar representerar huvudet på en drakgudomlighet som för sedan länge slutade tillbes. Men namnet lever kvar, och kanske gör därför också gudomligheten det i någon mån, även om den förlorat alla sina troende.
1013;jewelry;Orkens grymtning;Neck;10+;;Kritchans 0-1% · Vikt -1;Kräver att du är av rasen ork;+1% Perfekt träff, +2 Undvika anfall;;;;;;;;;Tillverkat av ben och järn, med spår av gamla meriter inristade i varje led. Orkens Bröl förstärker kraft och vrede i strid. Det sägs att dess rytande energi ekar i bärarens hjärta, redo att explodera vid första blodspillan.
568;jewelry;Silverring;Finger;10+;110;-;-;+2 Bashälsa, +2 Styrka, +2 Uthållighet;Föremålssmide 2;1 x Päls, 1 x Elementsav;;0;600;;;;En enkel ring av silver.
1086;jewelry;Giffel;Trinket;10+;;-;-;+4 Bashälsa, -5 Disciplin;;;;;;;;;Mums, den ser verkligen god ut!
93;consumable;Liten Vit Tinktur;;10+;;Cooldown 0 sekunder;-;-20 Provokation;;;;;;;;;
507;weapon;Rituell trollspets;Spear;15+;400;Skada 12-36 · Krit 37 + (1% till 15%) · Kritchans 0-7% · Hållbarhet 90 · Block/runda 2 · 2H · Vikt 15 · Ench 2;Kräver att du har bedriften Stridens Gladiator, Kräver att du är av rasen troll, 160 Styrka, 85 Stickvapen (rek);+10 stickvapen, +5 Initiativstyrka, +25 Ledarskap;;;;;;;;;Ett gigantiskt spjut som vanligtvis bara går att finna långt in i trollens träskmarker. Enligt sägnen brukade trollen använda spjutet för att utföra vid vissa typer av offerritualer på fångade motståndare som gjort misstaget att kapitulera.Den som tror att spjutet därmed enbart är användbart i rituella sammanhang kommer snabbt bli varse sitt misstag när det sticker in på ena sidan bröstkorgen, och ut igen på den andra sidan.
134;weapon;Lövgissel;Chain;15+;290;Skada 5-21 · Krit 22 + (20% till 50%) · Kritchans 0-9% · Hållbarhet 59 · Block/runda 2 · Vikt 10 · Ench 1;Kräver att du är av rasen människa, Kräver att du är av rasen alv, Kräver att du är av rasen dvärg, 140 Styrka, 110 Kättingvapen (rek);+3% Perfekt träff, +4 kättingvapen, +4 Uthållighet;Vapensmide 3;5 x Stål;;0;1100;;;;Det berättas ibland om en särskild orden av alviska krigare som av tradition stred med gissel, något alver annars brukar dra sig för att göra. Om denna orden finns kvar - eller någonsin har funnits - är oklart, men dessa skickligt smidda vapen är i alla fall inte menade för svartblodshänder.
238;weapon;Mörkerspjut;Spear;15+;270;Skada 18-28 · Krit 29 + (1% till 12%) · Kritchans 0-7% · Hållbarhet 95 · Block/runda 2 · 2H · Vikt 16 · Ench 2;Kräver att du är av rasen troll, Kräver att du är av rasen ork, Kräver att du är av rasen goblin, 140 Styrka, 100 Stickvapen (rek);+1% Perfekt träff, +15 Initiativstyrka;;;;;;;;;Ett spjut tillverkat av svartblodssmeder och välsignat av orkiska shamaner. Det långa skaftet och vingförsedda huvudet gör att det är väldigt svårt att ta sig nära användaren på ett säkert sätt. Spjutet kastar alltid en mycket skarpt definierad skugga, oavsett ljusförhållanden, som också verkar lite större än den borde vara. Det kan göra att det blir än mer förvirrande att försvara sig mot det.
133;weapon;Luftgissel;Chain;15+;240;Skada 8-18 · Krit 19 + (20% till 40%) · Kritchans 0-5% · Hållbarhet 44 · Block/runda 2 · Vikt 10 · Ench 1;130 Styrka, 100 Kättingvapen (rek);+1% Perfekt träff;;;;;;;;;Med sitt osedvanligt långa skaft och sin korta kedja är detta gissel märkligt proportionerat. Det är lättare än de flesta gissel, vilket är varifrån det fått sitt namn, men också något otympligare att använda. Det kräver större precision för att träffa sitt mål korrekt, och även om slagkraften är något mindre än hos andra gissel på grund av den kortare kedjan är det ändå oftast tillräckligt för att krossa ett kranium.
137;weapon;Torngissel;Chain;15+;360;Skada 12-20 · Krit 21 + (20% till 40%) · Kritchans 0-5% · Hållbarhet 53 · Block/runda 2 · Vikt 13 · Ench 1;200 Styrka, 105 Kättingvapen (rek);-;;;;;;;;;
61;jewelry;Silvermynt;Amulet;15+;340;-;-;+4 Styrka, +2 Initiativstyrka;Föremålssmide 3;1 x Läder, 1 x Blodpint, 1 x Flytande guld;;0;1000;;;;Ett alldeles vanligt silvermynt... Eller kanske inte?
157;armor;Tempelhjälm;Head;15+;300;Block 5 · Vikt 2;Kräver att du är av rasen människa, 100 Styrka;+4 svärd, +2 Bashälsa;Rustningssmide 3;2 x Stål, 4 x Päls;;0;500;;;;
263;consumable;Eremitens lugn;;15+;349;Cooldown 1 vecka;-;-;;;;;;;;;En mystisk brygd som skänker lugn och styrka för den som lever i de ödsliga bergen.
88;enchant;Shuriken;;15+;1;-;-;-4 Initiativstyrka, -9 Styrka;;;;;;;;;
86;weapon;Fullmånespjut;Spear;20+;480;Skada 8-17 · Krit 18 + (5% till 10%) · Kritchans 0-7% · Hållbarhet 56 · Block/runda 2 · Dual · Vikt 4 · Ench 1;Kräver att du är av rasen alv, Kräver att du är av rasen människa, 70 Styrka, 140 Stickvapen (rek);+2% Perfekt träff, +12 stickvapen, +12 Initiativstyrka, +5 Undvika anfall;;;;;;;;;Fullmånespjuten kan betecknas lite av en alvisk klassiker. De kommer förstås till sina fulla rätt under fullmånens bleka sken, men även i bländande dagsljus är det ett formidabelt vapen. Månsmedernas talanger är mytomspunna av en anledning.
233;weapon;Mörkerpik;Spear;20+;600;Skada 22-31 · Krit 32 + (1% till 15%) · Kritchans 0-8% · Hållbarhet 80 · Block/runda 2 · 2H · Vikt 18 · Ench 2;Kräver att du är av rasen ork, Kräver att du är av rasen troll, Kräver att du är av rasen goblin, 160 Styrka, 120 Stickvapen (rek);+1% Perfekt träff, +25 Initiativstyrka;;;;;;;;;Ett långt och elegant spjut som tycks omgivet av ett permanent mörker. Gug är mycket hemlighetsfull med var han fått tag i dessa hemska vapen, men han pratar gärna om hur effektiva de är. Längden gör att man kan få en otrolig kraft i stötarna, och den psykologiska effekten av att se en mörkerpik komma mot en ska inte underskattas.
166;jewelry;Träfågel;Trinket;20+;700;-;Kräver att du är av rasen ork, Kräver att du är av rasen troll;+7 Undvika anfall;Föremålssmide 6;3 x Granträ, 2 x Ekträ, 1 x Svart valnöt;;0;1400;;;;
168;jewelry;Silverfågel;Trinket;20+;700;-;Kräver att du är av rasen alv, Kräver att du är av rasen goblin;+7 Bashälsa;Föremålssmide 6;2 x Ekträ, 1 x Siden, 3 x Blodpint;;0;1400;;;;
894;jewelry;Isfågel;Trinket;20+;;-;Kräver att du är av rasen salamanth, Kräver att du är av rasen odöd;+7 Styrka;Föremålssmide 6;2 x Stål, 1 x Alvsilver, 3 x Blodpint;;0;1400;;;;
934;jewelry;Silverörn;Trinket;20+;500;-;-;-13% Bashälsa, +13 Undvika anfall;;;;;;;;;En brosch i silver med en avbildning av en ståtlig örn.
13;consumable;Suspekt mixtur;;20+;300;Varaktighet 90 · Cooldown 0 sekunder;Kräver att du är av rasen goblin, Kräver att du är av rasen troll, Kräver att du är av rasen ork;-3% Bashälsa, +20 Styrka, +10 Initiativstyrka;Alkemi 5;2 x Elementsav, 1 x Flytande guld;;0;1100;;;;En illröd, seg mixtur med suspekta bitar i. Inte för den kräsne
24;consumable;Rituell gruvsmet;;20+;450;Varaktighet 90 · Cooldown 0 sekunder;Kräver att du är av rasen dvärg;+1% Perfekt träff, +4% yxor, +4% svärd, +4% hammare, +4% stavar, +4% sköldar, +4% stickvapen, +4% kättingvapen, +4% Obeväpnat, +5% Bashälsa;Alkemi 5;1 x Adamantium;;0;1500;;;;Ett nästintill uråldrigt mandomsprov inom dvärgasläktet har den rituella gruvsmeten letat sig in bland gladiatorerna. Genom att besmycka sitt ansikte med en allehanda blandning av smälta mineraler, metaller och jordarter uppfylls en dvärg av eufori och att dessutom stå upp när blandningen stelnar i ansiktet betecknar en sann gruvdvärg.
280;consumable;Kejserligt elixir;;20+;;Varaktighet 120 · Cooldown 0 sekunder;-;+2% Perfekt träff, +10 Styrka, +5 Uthållighet, +10 Initiativstyrka;;;;;;;;;Det kejserliga silvret har smälts ner och fått andra ingredienser tillagda för att få fram detta elixir. Du tvekar inte en sekund att dricka det - kejsarens trogna gör sin plikt.
434;weapon;Perun;Axe;25+;;Skada 18-25 · Krit 26 + (20% till 30%) · Kritchans 0-10% · Hållbarhet 147 · Block/runda 2 · Dual · Vikt 10 · Ench 1;Kräver att du har bedriften Legend, 130 Styrka, 160 Yxor (rek);+2% Perfekt träff, +15 Initiativstyrka;;;;;;;;;Skaftet är av hårdaste svartek och en fåra som lyser som eld löper hela vägen längs skaftet upp till bladet, där den sprider ut sig i olika runformationer och får eggen att lysa i rött och orange.När man svingar yxan dånar det som ett åsknedslag och även åskådare gör bäst i att söka skydd.
1072;weapon;Tjogkluven;Axe;25+;;Skada 15-29 · Krit 30 + (1% till 5%) · Kritchans 0-6% · Hållbarhet 147 · Block/runda 2 · Dual · Vikt 9 · Ench 1;Kräver att du har bedriften Legend, 165 Styrka, 170 Yxor (rek);+2% Perfekt träff, +10 Styrka, +10 Initiativstyrka;;;;;;;;;Tjogkluven är en tvåbladig yxa, vars eggar är täckta av över tjugo djupt inristade runor – en för varje liv som togs med ett enda hugg i det tvååriga slaget om Urlandet. Bladen är smidda av mörkt stål med en blodröd lyster vars färg skiftar och skimrar i ljuset. Skaftet är av åldrat ekträ, förstärkt med järnband och inslag av silver.
425;weapon;Misteltörn;Spear;25+;;Skada 40-44 · Krit 45 + (10% till 20%) · Kritchans 0-17% · Hållbarhet 168 · Block/runda 2 · 2H · Vikt 11 · Ench 2;Kräver att du har bedriften Legend, 160 Styrka, 180 Stickvapen (rek);+6% Perfekt träff, +20 stickvapen, +20 Initiativstyrka, +10 Undvika anfall;;;;;;;;;Detta spjut är ett av de nyare tillskotten i det kejserliga förrådet. Under en turnering för cirka tio år sedan briljerade en mystisk främling i alla matcher han deltog i. Många erfarna gladiatorer föll framför hans fötter, och vapnet han höll i bjöd in till mycken spekulation. Det såg ut som ett levande vapen, tillverkat av en taggig gren med en mistel sprungen från mitten av skaftet. Åskådarna tyckte sig se hur vapnet böjde och slingrade sig på sätt som inte skulle vara möjliga.Främlingen vann turneringen utan större problem efter att ha dräpt samtliga sina motståndare med exceptionellt precisionsfyllda attacker. Efter segerceremonin frågade Kejsaren själv om främlingens spjut, och han berättade att vapnet hette Misteltörn och hade en egen vilja, och av sig själv sökte upp motståndarens svagaste punkter och borrade sig in där. Kejsaren blev fascinerad och erbjöd en fullständigt motbjudande summa pengar för vapnet. Främlingen accepterade och lämnade därefter Stenhem för att aldrig synas till igen. Misteltörn förpassades till kejsarens samlingar och vilar där idag.Spetsen är aldrig riktigt still, utan ålar och vrider sig konstant som att den alltid söker efter motstånd att dräpa.
419;weapon;Helig Vel;Spear;25+;;Skada 17-24 · Krit 25 + (1% till 10%) · Kritchans 0-10% · Hållbarhet 115 · Block/runda 2 · Dual · Vikt 5 · Ench 1;Kräver att du har bedriften Legend, 100 Styrka, 180 Stickvapen (rek);+2% Perfekt träff, +5% stickvapen, +5 stickvapen, +4 Uthållighet, +4% Uthållighet, +6 Initiativstyrka, +6% Initiativstyrka, +5% Undvika anfall, +5 Undvika anfall;;;;;;;;;Helig Vel är ett spjut vars spets sägs ha smitts av silver från en fallen stjärna och välsignats av uråldriga präster. Klingan skimrar svagt även i mörker, och där den träffar bränns ondska bort som frost i morgonsolen. Många krigare har burit Helig Vel i rättfärdiga strider, men endast den med ett rent hjärta kan väcka dess fulla kraft och låta dess ljus genomtränga både rustning och mörker.
724;weapon;Månskäregissel;Chain;25+;;Skada 16-30 · Krit 31 + (35% till 70%) · Kritchans 0-6% · Hållbarhet 125 · Block/runda 2 · Vikt 12 · Ench 1;Kräver att du har bedriften Legend, Kräver att du är av rasen alv, Kräver att du är av rasen människa, Kräver att du är av rasen dvärg, 220 Styrka, 150 Kättingvapen (rek);-;;;;;;;;;Bland de alviska smideshelgonen finns det en som står ut från mängden. Hennes skicklighet har vida överstigit sina fränders, och det hon kan åstadkomma med metall är helt utan motstycke. Men tack vare detta vapen är hennes namn tabu att uttala. Huvudet på vapnet är vad som ger det sitt namn, då det är format som en månskåra. Eggen är rakbladsvass, och metallen skimrar med ett överjordiskt ljus i månsken. Skaftet är till synes enkelt, men en närmre titt avslöjar inristade runor längs hela skaftets längd – så subtila att de nästan inte syns. Även dessa skimrar dock i månens sken, som ett resultat av den magi smeden vävt in i vapnet. Exakt vad som gjorde att tillverkarens namn blev tabu är det ingen som vill tala om. Beren verkar veta, men varje gång man frågar honom om det ser han bara sorgsen ut och säger att det inte är en berättelse han har lust att föra vidare. Det han kan säga är att det var han själv som tog vapnet till Kejsaren, som därefter placerade det i förrådet, efter något slags incident i länderna norrut. Vad som än skett är detta ett spektakulärt vapen, och kanske det mest häpnadsväckande som någonsin producerats av alvhänder.
402;weapon;Joyeuse;Sword;25+;;Skada 13-26 · Krit 27 + (1% till 5%) · Kritchans 0-4% · Hållbarhet 195 · Block/runda 2 · Dual · Vikt 11 · Ench 1;Kräver att du har bedriften Legend, 145 Styrka, 155 Svärd (rek);+8 Styrka, +7 Initiativstyrka;;;;;;;;;"Detta svärd som på ett främmande språk är döpt till ""Lycka"" var det svärd en forntida kung använde för att ena en kontinent. Numera ligger kungen död, och svärdet är i Kejsarens ägo."
444;weapon;Hel;Axe;25+;;Skada 25-54 · Krit 55 + (25% till 35%) · Kritchans 0-15% · Hållbarhet 168 · Block/runda 2 · 2H · Vikt 20 · Ench 2;Kräver att du har bedriften Legend, 200 Styrka, 155 Yxor (rek);+7% Perfekt träff, +5% yxor, +15 Initiativstyrka;;;;;;;;;Vapen av hög hantverkskvalitet samt magiskt ursprung har en tendens att överleva sina brukare. Hel är ett sådant vapen.Vapnet har en tendens att börja brinna runt bladet när det svingas av en värdig krigare.Använd av kungar och ståthållare i tusentals år har historien varit bortglömd... tills nu.I en grotta långt bort från staden, på andra sidan om Bal'Dar bergen, fann kejsarens män kvarlevorna efter en eremit. Eremiten höll i en bok där sagan om Hel stod skriven.Hel är smidd av djävulen själv och blev utsläppt i världen för att bränna ner och skada så mycket liv som möjligt på jorden. Hel kan tyckas ha en egen vilja, och har därför tagit sig till arenan för att släcka så många liv den bara kan, innan den rör sig vidare till andra slagfält.
726;weapon;Mörkrets vel;Spear;25+;;Skada 19-26 · Krit 27 + (1% till 10%) · Kritchans 0-7% · Hållbarhet 114 · Block/runda 2 · Dual · Vikt 8 · Ench 1;Kräver att du har bedriften Legend, Kräver att du är av rasen goblin, Kräver att du är av rasen ork, Kräver att du är av rasen troll, 170 Styrka, 155 Stickvapen (rek);+2% Perfekt träff, +20 Styrka, +20 Initiativstyrka, +5 Undvika anfall;;;;;;;;;Detta spjut omges en illvillig aura. I de kejserliga historieböckerna omnämns ett vapen av ren ondska, en förbannelse från helvetets bubblande kärna som spyddes ut på jorden för att orsaka lidande på alla rödblod. Varför denna plåga skapades är okänt. Kanske finns det inget djupare syfte bakom det än rent hat.Detta spjut vägrar låta sig lyftas av någon annan än ett svartblod. När det stöts in i kroppen på ett rödblod kan man nästan tycka sig ana ett hånande skratt från någonstans långt i fjärran.
408;weapon;Torsviggen;Mace;25+;;Skada 20-31 · Krit 32 + (15% till 15%) · Kritchans 0-2% · Hållbarhet 139 · Block/runda 2 · Dual · Vikt 16 · Ench 1;Kräver att du har bedriften Legend, 155 Styrka, 155 Hammare (rek);+10 Initiativstyrka;;;;;;;;;Den största åskstormen på över tusen år, som enligt ögonvittnen inte kunde vara något annat än framkallad av gudarna själva, dundrade en blixt rakt ner i ett område med järnrik jord. Järnet smälte samman till ett ohyggligt stycke järn och sammanfogat av blixten fick järnklumpen oanade krafter. Det tog mästerliga smeder åratal att smida en hammare av järnmassan, då den var ofantligt hård och svårbearbetad. Slutresultatet har sedan många år vilat i det kejserliga förrådet i väntan på att bäras av någon lika kraftfull som den åskstorm som en gång lade dess grund.
1170;weapon;Järnstormen;Chain;25+;;Skada 13-30 · Krit 31 + (20% till 40%) · Kritchans 0-7% · Hållbarhet 120 · Block/runda 2 · Vikt 10 · Ench 1;Kräver att du har bedriften Legend, 185 Styrka, 150 Kättingvapen (rek);+8% kättingvapen;;;;;;;;;Detta vapen tillverkades av Brikk under ett av hans legendomsusade fylleslag. Det består av ett långt skaft, vid vilket ett myller av tunna kedjor har fästs. Varje kedja slutar i ett litet järnklot, en klinga, ytterligare en kedja, eller bara en metallklump. Resultatet är ett vapen som är svårt att svinga effektivt, men också nästan omöjligt att försvara sig mot. Varje slag sänder en storm av järn mot målet, och givetvis är det därifrån det fått sitt namn.Brikk skämdes som en hund när han vaknade och såg vad han hade gjort och skickade vapnet i ett anonymt paket till Kejsaren. Dock hade han glömt att han etsat in sitt namn på varenda kedja, och på skaftet, och på några av huvudena, så det var inte svårt att lista ut vem som tillverkat det.
1173;shield;Regentvärnet;Shield;25+;;Absorption 44 · Hållbarhet 162 · Block/runda 2 · Vikt 14 · Ench 1;Kräver att du har bedriften Legend, 210 Styrka, 125 Sköldar (rek);+30 Ledarskap;;;;;;;;;Denna sköld bars av en dyrkad härskare i ett fjärran land och användes för att krossa hädare. På omvägar hamnade den i det kejserliga förrådet, där den nu väntar på att se strid igen. Ytan är täckt av renaste guld och lyser som en fyr i solljuset. Det sägs att den endast kan lyftas av en krigare värd att följa in i strid, men om så är fallet eller om den gör alla bärare till sådana är svårt att säga.
956;weapon;Járngreipr;Chain;25+;;Skada 6-10 · Krit 11 + (0% till 0%) · Kritchans 0-6% · Hållbarhet 131 · Block/runda 2 · Dual · Vikt 4 · Ench 1;Kräver att du har bedriften Legend, 90 Styrka, 160 Kättingvapen (rek);+2% Perfekt träff, +5 kättingvapen, +5 Uthållighet;;;;;;;;;Detta ohyggliga vapen påstås en gång i tiden ha svingats av en gudason, vars styrka var sådan att varje slag lät som en åskknall.
427;weapon;Gleipner;Chain;25+;;Skada 14-31 · Krit 32 + (30% till 65%) · Kritchans 0-5% · Hållbarhet 130 · Block/runda 2 · Vikt 14 · Ench 1;Kräver att du har bedriften Legend, 300 Styrka, 140 Kättingvapen (rek);+5% Styrka, -10 Uthållighet;;;;;;;;;Utifrån handtaget löper två kedjor fästa i vad som skulle kunna vara två gigantiska bojor.Den tidigare ägaren svor på sägnerna om att dessa bojor en gång tillverkats för att kedja fast självaste Fenrisulven. Hans rykte som skojfrisk mytoman räcker inte för att folket ska skaka av sig misstanken om att ett uns av hans ord kanske ändå är sanning. Bojorna och kedjorna är av mästerligt hantverk, och med dess storlek vad hade de annars kunnat användas till?Den gladiator som också kan bruka skapelsen som ett vapen har sannerligen ett övertag i strid.
1154;weapon;Insikten;Sword;25+;;Skada 17-25 · Krit 26 + (1% till 5%) · Kritchans 0-7% · Hållbarhet 216 · Block/runda 2 · Dual · Vikt 9 · Ench 1;Kräver att du har bedriften Legend, 130 Styrka, 175 Svärd (rek);+2% Perfekt träff, +6% Bashälsa, +15 Inlärningsförmåga;;;;;;;;;"Gängse uppfattning gör gällande att vapensmide är en konst; att det går att lära sig strukturer, mönster och regler men att det i slutändan bara är magkänsla och erfarenhet som ligger bakom de sanna mästerverken. Detta svärd talar för motsatsen. Det tillverkades av en smidesstudent som aldrig tidigare smidit ett vapen, bara studerat konstens alla regler.Så kom dagen då han läst alla manualer, intervjuat alla mästare, observerat varenda klinga han kunde komma över. Han skred till verket, och producerade ett sant mästerverk. Vapnet döptes till Insikten, och efter att ha tillverkat det drog sig smeden tillbaka. Detta är alltså det enda vapen han någonsin smidde. Han gav det till kejsaren, som direkt placerade det i det kejserliga förrådet där det väntar på att få se strid."
401;weapon;Fenixklo;Sword;25+;;Skada 16-23 · Krit 24 + (1% till 5%) · Kritchans 0-5% · Hållbarhet 228 · Block/runda 2 · Dual · Vikt 8 · Ench 1;Kräver att du har bedriften Legend, 105 Styrka, 150 Svärd (rek);+10 svärd, +10 Bashälsa;;;;;;;;;Det sägs att en fenix endast får sin slutgiltiga död efter att den har levt i tiotusen år och har återfötts tusen gånger åter. Detta svärd smiddes tillsammans med systersvärdet Fenixklinga i elden från en sådan fågel, för uppskattningsvis tre tusen år sedan. Mer än så lyckas Kejsarens historiker inte utläsa från de antika texter som bevaras i det låsta biblioteket.
382;armor;Träskets skinn;Legs;25+;;Block 8 · Vikt 3;300 Bashälsa;+5 Bashälsa;;;;;;;;;Långt ute i de öde träskmarkerna utanför all civilisation finns det en klan trollhaggor. Dessa haggor spenderar sina dagar med att uppfinna de hemskaste gift och förbannelser dem kan komma på. Denna rustning är en av deras ohyggliga skapelser, enligt sägner ger den bäraren hälsa på bekostnad av andra varelser runt omkring. En perfekt rustning för att slåss med i arenan med andra ord.
383;armor;Träskets skinn;Shoulders;25+;;Block 5 · Vikt 1;300 Bashälsa;+3 Bashälsa, +2 Uthållighet;;;;;;;;;Långt ute i de öde träskmarkerna utanför all civilisation finns det en klan trollhaggor. Dessa haggor spenderar sina dagar med att uppfinna de hemskaste gift och förbannelser dem kan komma på. Denna rustning är en av deras ohyggliga skapelser, enligt sägner ger den bäraren hälsa på bekostnad av andra varelser runt omkring. En perfekt rustning för att slåss med i arenan med andra ord.
336;jewelry;Kvintessensring;Finger;25+;;-;Kräver att du har bedriften Legend;+3 Styrka, +3 Initiativstyrka, +20 Inlärningsförmåga;;;;;;;;;
316;armor;Gyllene skor;Feet;25+;;Block 10 (15%) · Vikt 1;-;-;;;;;;;;;En legendarisk hjälte vars namn gått förlorad i tiden fann denna rustning efter att han dräpt en gigantisk drake. Kejsarens alkemister och magiker har försökt studera rustning, men ingen har lyckats lista ut vad den är gjord av för material. Oavsett vad det är, så är det starkare än mithril och förlorar aldrig sitt sken.
384;armor;Träskets skinn;Hands;25+;;Block 5 · Träffchans +1 · Vikt 1;300 Bashälsa;+3 Bashälsa, +2 Uthållighet;;;;;;;;;Långt ute i de öde träskmarkerna utanför all civilisation finns det en klan trollhaggor. Dessa haggor spenderar sina dagar med att uppfinna de hemskaste gift och förbannelser dem kan komma på. Denna rustning är en av deras ohyggliga skapelser, enligt sägner ger den bäraren hälsa på bekostnad av andra varelser runt omkring. En perfekt rustning för att slåss med i arenan med andra ord.
328;jewelry;Gyges ring;Finger;25+;;-;Kräver att du har bedriften Legend;+9 Undvika anfall;;;;;;;;;En uråldrig ring av enkelt slag.Enligt den kejserliga förrådsvakten lärs också dess hemliga teknik för att bli osynlig ut vid tillfället att den skulle delas ut till en gladiator. Om det här faktiskt är sant eller ej är upp till den gladiator som lyckas erhålla ringen att berätta.
380;armor;Träskets skinn;Chest;25+;;Block 8 · Vikt 3;300 Bashälsa;+5 Bashälsa;;;;;;;;;Långt ute i de öde träskmarkerna utanför all civilisation finns det en klan trollhaggor. Dessa haggor spenderar sina dagar med att uppfinna de hemskaste gift och förbannelser dem kan komma på. Denna rustning är en av deras ohyggliga skapelser, enligt sägner ger den bäraren hälsa på bekostnad av andra varelser runt omkring. En perfekt rustning för att slåss med i arenan med andra ord.
381;armor;Träskets skinn;Head;25+;;Block 8 · Vikt 3;300 Bashälsa;+5 Bashälsa;;;;;;;;;Långt ute i de öde träskmarkerna utanför all civilisation finns det en klan trollhaggor. Dessa haggor spenderar sina dagar med att uppfinna de hemskaste gift och förbannelser dem kan komma på. Denna rustning är en av deras ohyggliga skapelser, enligt sägner ger den bäraren hälsa på bekostnad av andra varelser runt omkring. En perfekt rustning för att slåss med i arenan med andra ord.
313;armor;Gyllene hjälm;Head;25+;;Block 16 (20%) · Vikt 3;-;-;;;;;;;;;En legendarisk hjälte vars namn gått förlorad i tiden fann denna hjälm efter att han dräpt en gigantisk drake. Kejsarens alkemister och magiker har försökt studera hjälmen, men ingen har lyckats lista ut vad den är gjord av för material. Oavsett vad det är, så är det starkare än mithril och förlorar aldrig sitt sken.
385;armor;Träskets skinn;Feet;25+;;Block 5 · Vikt 1;300 Bashälsa;+3 Bashälsa, +2 Uthållighet;;;;;;;;;Långt ute i de öde träskmarkerna utanför all civilisation finns det en klan trollhaggor. Dessa haggor spenderar sina dagar med att uppfinna de hemskaste gift och förbannelser dem kan komma på. Denna rustning är en av deras ohyggliga skapelser, enligt sägner ger den bäraren hälsa på bekostnad av andra varelser runt omkring. En perfekt rustning för att slåss med i arenan med andra ord.
894;weapon;Honnörspets;Spear;26+;800;Skada 8-25 · Krit 26 + (1% till 5%) · Kritchans 0-5% · Hållbarhet 78 · Block/runda 2 · Dual · Vikt 8 · Ench 1;110 Styrka, 165 Stickvapen (rek);+10 stickvapen, +15 Ledarskap;;;;;;;;;
937;weapon;Tveeggsgissel;Chain;26+;400;Skada 13-25 · Krit 26 + (20% till 50%) · Kritchans 0-5% · Hållbarhet 92 · Block/runda 2 · Vikt 13 · Ench 1;240 Styrka, 135 Kättingvapen (rek);-;Vapensmide 5;2 x Svart valnöt, 5 x Järn, 3 x Stål, 2 x Alvsilver;;0;2000;;;;
218;jewelry;Själsten;Trinket;26+;300;Vikt 1;Kräver att du är av rasen alv;+5 Bashälsa, +5 Styrka, +20 Inlärningsförmåga;;;;;;;;;En ovanlig sten tillverkad av alverna. Sägs att deras anfädrars själar huserar i dessa och vägleder kommande generationer.
267;jewelry;Trolltotem;Trinket;26+;150;Vikt 2;Kräver att du är av rasen troll;+10 Styrka, +7 Uthållighet;;;;;;;;;Ett (för troll) litet snidet trätotem, har speciell signifikans i trollens tro och historia.
748;jewelry;Jerems förlovningsring;Finger;26+;;Kritchans 0-2% · Vikt -1;-;+2% Perfekt träff;;;;;;;;;En simpel men välpolerad guldring som ser nästintill oanvänd ut, längst dess insida kan man utläsa de graverade initialerna K.F. Dess nye ägare vars finger pryds av smycket kan förnimma en sällsam tomhet som stundvis finner boning i innehavarens bröst, som om att någonting, som inte borde, fattades.
885;armor;Whiwinskinnsfötter;Feet;26+;;Block 6;Kräver att du är vuxen, Kräver att du är av rasen salamanth, 160 Styrka;+1 Undvika anfall;Rustningssmide 6;1 x Vulkanaska;1 x Palmtygsskor;0;300;;;;
878;weapon;Virtuosens tvåegg;Axe;35+;990;Skada 8-28 · Krit 29 + (0% till 0%) · Kritchans 0-15% · Hållbarhet 119 · Block/runda 2 · Dual · Vikt 8 · Ench 1;105 Styrka, 190 Yxor (rek);+2% Perfekt träff, +10% Undvika anfall;Vapensmide 7;1 x Adamantium, 2 x Ekträ, 1 x Stål, 2 x Alvsilver, 1 x Virtuosessens;;0;3500;;;;
719;weapon;Klöverkross;Mace;35+;1200;Skada 18-25 · Krit 26 + (10% till 10%) · Kritchans 0-4% · Hållbarhet 155 · Block/runda 2 · Dual · Vikt 12 · Ench 1;155 Styrka, 155 Hammare (rek);+1% Perfekt träff, +5 Styrka;;;;;;;;;En fruktad hammare som avslutat många liv. Dess huvud är täckt av ett stort antal decimeterlånga, sylvassa spikar. Det gör den mycket besvärlig att försvara sig mot, och gör den samtidigt synnerligen lämpad att parera attacker med då motståndarens vapen lätt fastnar.Nackdelen blir dock att den är tung och otymplig, så det är inte många som klarar av att använda den effektivt. Det gör det extra skrämmande att se den i sin motståndares hand, för det är ett tecken på att han troligen vet han gör.
463;weapon;Krokgissel;Chain;35+;1042;Skada 11-30 · Krit 31 + (25% till 60%) · Kritchans 0-4% · Hållbarhet 110 · Block/runda 2 · Vikt 16 · Ench 1;310 Styrka, 145 Kättingvapen (rek);-5 Uthållighet;;;;;;;;;Någon gång, någonstans, var det någon som fick idén att byta ut huvudet på ett stridsgissel till en enorm köttkrok. Resultatet är ett vämjeligt vapen som bara används av de som verkligen vill orsaka skada på sina fiender. Spetsas man av den enorma kroken kan gisslets användare också med lätthet dra en närmare, vilket för det mesta är något man vill undvika.Krokgisslets må vara ett av de vidrigaste vapen som skådats men dess effektivitet går inte att ifrågasätta.
1144;weapon;Hus i helvete;Spear;35+;1000;Skada 13-23 · Krit 24 + (0% till 0%) · Kritchans 0-5% · Hållbarhet 126 · Block/runda 2 · Dual · Vikt 8 · Ench 1;125 Styrka, 170 Stickvapen (rek);+25 sköldar, +10 stickvapen, +10 Initiativstyrka, +10 Provokation;;;;;;;;;Detta långa, slanka spjut är inte känt för att fälla fiender snabbt – det är känt för att reta dem till vansinne. Skaftet är ingraverat med förnedrande ordspråk och förolämpningar på flera språk, och spetsen är smidd så att varje träff piskar upp små, ytliga sår snarare än dödliga skador. Namnet kan tyckas udda, men är helt enkelt döpt utifrån resultatet av att bära med det ut på sanden.En gladiator som bär spjutet söker inte en snabb seger, utan en publik som vrålar av skratt och förakt när motståndaren förlorar humöret. Det är vapnet för den som vill vinna duellen i sinnet först, och på arenans sand sedan.Ryktet säger att den som faller för spjutets hån blir lika sårad i stoltheten som i kroppen – och det såret tar längre tid att läka.
942;weapon;Torneringsgissel;Chain;35+;1010;Skada 13-25 · Krit 26 + (10% till 40%) · Kritchans 0-5% · Hållbarhet 108 · Block/runda 2 · Vikt 11 · Ench 1;Kräver att du är av rasen människa, 250 Styrka, 160 Kättingvapen (rek);+5 Styrka, +5 Initiativstyrka, +15 Ledarskap;;;;;;;;;
600;jewelry;Månsten;Trinket;35+;2000;Kritchans 0--2% · Träffchans +4;-;+9 Initiativstyrka, +6 Undvika anfall;;;;;;;;;Bello försäkrar alla eventuella köpare om äktheten på denna vara. Den har funnits i hans familj i generationer och konstaterats av flertalet av Stenhems vetenskapsmän att dess härkomst inte är av denna jord.
770;armor;Yetipäls;Legs;35+;;Block 8 · Vikt 2;150 Styrka;+4 Bashälsa;;;;;;;;;
1014;jewelry;Trollets puls;Neck;35+;;Kritchans 0-2%;Kräver att du är av rasen troll;-10 sköldar, +4% Bashälsa, +8 Uthållighet, +16 Ledarskap, +8 Provokation;;;;;;;;;Ett tungt smycke, ristat ur en förstenad rot från Tusenåriga skogen och omslutet av läder. Det pulserar svagt när faror närmar sig. Trollets Hjärta skänker tålighet bortom det vanliga - och ibland en glimt av urgammal visdom.
1011;jewelry;Orkens vrål;Neck;35+;;Kritchans 0-2% · Vikt -1;Kräver att du är av rasen ork;+1% Perfekt träff, +5% Initiativstyrka, +5% Undvika anfall, -5 Provokation;;;;;;;;;Tillverkat av ben och järn, med spår av gamla meriter inristade i varje led. Orkens Bröl förstärker kraft och vrede i strid. Det sägs att dess rytande energi ekar i bärarens hjärta, redo att explodera vid första blodspillan.
126;enchant;Grön runsten;;35+;1;-;-;-;Vapensmide 8;10 x Försvagat runfragment;;0;500;;;;Den gröna runstenen, som kanaliserar väktarnas urkraft, kan endast tillverkas av runor från Vulkanön.
131;enchant;Vit runsten;;35+;1;-;-;+10 Undvika anfall;Vapensmide 8;10 x Försvagat runfragment;;0;500;;;;Den vita runstenen, som kanaliserar väktarnas urkraft, kan endast tillverkas av runor från Vulkanön.
785;jewelry;En stor sten i rep;Neck;40+;;Träffchans +-25 · Vikt 25;250 Styrka;+250 Tur;;;;;;;;;“Annalkas, vän, och vila dina ögon på den lyckosten som är min!” utbrister Lirak glatt när du får syn på stenen som hänger i ett rep i hans butik. “Myten den bär på är vidsträckt, lika vidsträckt som skyddsvärnet vilket omger lokaliteten du kallar hem. Varje varelse når vid något ögonblick den tidpunkt i sitt liv då den måste ställa sig själv spörsmålet ‘Känner jag mig tursam?’ Nå, gör du det, vän? Om fallet är sådant råder jag dig att skyndsamt betala för den lyckosten som är min!” Han ler brett mot dig…eller du tror att han gör det i alla fall. Det är lite svårt att avgöra eftersom reptiler inte har läppar.
1070;weapon;Tyrfing;Sword;25+;;Skada 20-24 · Krit 25 + (1% till 5%) · Kritchans 0-3% · Hållbarhet 225 · Block/runda 2 · Dual · Vikt 13 · Ench 1;Kräver att du har bedriften Legend, 150 Styrka, 175 Svärd (rek);-;;;;;;;;;Tyrfing är ett legendariskt svärd smitt av dvärgar och sedan förhäxat med en förbannelse lika kraftfull som dess egg är skarp. Klingan är mörk och skimrande, likt natthimmelns stjärnljus, och runor längs dess blad glöder svagt när det drar blod. Handtaget är svept i djurhud och prydd med en gyllene knopp, en påminnelse om dess kungliga ursprung.
983;weapon;Frostspjut;Spear;26+;870;Skada 24-36 · Krit 37 + (1% till 5%) · Kritchans 0-8% · Hållbarhet 110 · Block/runda 2 · 2H · Vikt 14 · Ench 2;Kräver att du är av rasen salamanth, Kräver att du är av rasen odöd, 145 Styrka, 145 Stickvapen (rek);+7% Bashälsa, +5 Uthållighet, +30 Initiativstyrka;;;;;;;;;Tillverkat av cheimonstål, som är såpass kallt att varmblodiga bara kan hålla i det korta under stunder. Frostspjutet är ett förödande vapen som också bär på mäktiga förtrollningar som gör att bärarens sår inte blöder lika mycket som annars, och därför kan fortsätta strida längre än vanligt.
450;weapon;Grimfrost;Sword;35+;1080;Skada 17-23 · Krit 24 + (1% till 5%) · Kritchans 0-3% · Hållbarhet 184 · Block/runda 2 · Dual · Vikt 10 · Ench 1;130 Styrka, 155 Svärd (rek);+10 svärd;;;;;;;;;Varför kan Brikk titulera sig mästersmed, kanske du undrar?Svaret lyder Grimfrost. Om du kallar det ett svärd har du fel. De som studerar smideskonst kallar det perfektion.Från de djupaste gruvorna kommer små laster av mithril, den ovanligaste och finaste metall dvärgarna någonsin funnit.Från alvernas vidsträckta skogar i väst importeras kronhjortsläder.Långt ner i djupet bortom vågorna i det östra havet dyker människan ner för att söka efter Akoyamusslan och dess magiska pärlor.Låt Brikk i tystnad behandla dessa material över smedjans hungriga eldar och du får Grimfrost.Ett svärd ensamt på toppen.
1043;jewelry;Grön Tjurfigurin;Trinket;35+;2000;-;-;-10 sköldar, +2% Bashälsa, +15 Provokation;;;;;;;;;En mystisk grön tjur, men nog kan den allt förarga motståndaren också, framförallt färgblinda orker...
798;armor;Isförstärkt stålhjälm;Head;40+;500;Block 35 (35%) · Vikt 4;210 Styrka;-1% Bashälsa, -2% Styrka, -2 Uthållighet, -2 Undvika anfall;Rustningssmide 9;4 x Dödens vingar, 3 x Nattskärva, 2 x Svarta tårar, 1 x Dödsstål, 1 x Svartstoft;;0;600;;;;
89;material;Skrynklig vitsopp;;-;1;-;-;-;;;;;;;;;En svamp som tidigare varit mycket värdefull och vacker att beskåda, har nu knappt ett öga på sig längre.
622;weapon;Skogspåk;Mace;1-19;25;Skada 6-8 · Krit 9 + (10% till 10%) · Kritchans 0-1% · Hållbarhet 42 · Block/runda 2 · Dual · Vikt 8 · Ench 1;Kräver att du är av rasen alv, Kräver att du är av rasen människa, 55 Styrka, 55 Hammare (rek);+5 Styrka;;;;;;;;;Ett av Beren Delias mer ovanliga skapelser, en morgonstjärna skapad med alvisk finess och utsmyckning. Oerhört populär bland de människor och alver som väljer att strida med hammare på den blodiga sanden.
907;weapon;Övningsnät;Chain;1-19;5;Skada 1-2 · Krit 3 + (0% till 0%) · Kritchans 0-3% · Hållbarhet 20 · Block/runda 2 · Dual · Vikt 3 · Ench 1;20 Styrka, 45 Kättingvapen (rek);+1% Perfekt träff, +2 kättingvapen;;;;;;;;;Ett ganska rudimentärt nät, vanligen använt till fiske, har hittat sin väg in på arenan. Ett vanligt förstahandsval för en aspirerande gladiator som vill fånga in sin motståndare.
553;jewelry;Släktring;Finger;1+;50;Vikt 1;-;+1 Bashälsa, +1 Uthållighet, +2 Provokation;;;;;;;;;En ring som en gång i tiden utstrålad makt och rikedom, numera ännu en värdelös släktklenod som i moderna mått dessutom anses relativt ful.
7;armor;Tygskor;Feet;1+;1;Block 1;20 Styrka;-;;;;;;;;;Simpla byxor gjorda i någon form av tyg, troligen en blandning av bomull och linne. Ger minimalt skydd men väger knappt någonting vilket ger gladiatorn full möjlighet att röra sig som vanligt.
948;jewelry;Nyårsring;Finger;4+;450;-;-;+2% Perfekt träff, +6 Uthållighet;;;;;;;;;
24;jewelry;Träring;Finger;5+;60;-;-;+2 Undvika anfall;Föremålssmide 1;2 x Granträ;;0;50;;;;En ring gjord utav ett väldigt enkelt träslag
127;weapon;Spikkätting;Chain;10+;84;Skada 6-10 · Krit 11 + (30% till 70%) · Kritchans 0-8% · Hållbarhet 40 · Block/runda 2 · Dual · Vikt 6 · Ench 1;55 Styrka, 100 Kättingvapen (rek);+2% Perfekt träff;Vapensmide 2;2 x Järn, 2 x Stål;;0;650;;;;Ett kättingvapen som består av en kort träpinne med en kedja fastsatt i toppen. Denna kedja är sedan utrustad med vassa, små krokar för att orsaka maximal skada.
133;jewelry;Zurins sigill;Trinket;10+;200;-;Kräver att du har bedriften Stridens Gladiator;+3 Bashälsa, +3 Initiativstyrka, +5 Ledarskap;;;;;;;;;"""Utan ära är vi ingenting"""
7;consumable;Grön Lotus;;10+;30;Varaktighet 90 · Cooldown 0 sekunder;-;+15 Uthållighet, -10 Initiativstyrka;Alkemi 2;2 x Blodpint;;0;150;;;;På kärror och skepp långt bortom rikets södra gräns skördas det som i folkmun kallas Grön Lotus.  I landet där den skördas går den med ett annat namn, men effekten när du röker ett blad av den gröna lotusen blir densamma.Ett rofyllt lugnt sprider sig över ditt sinne och Arenan verkar inte fullt lika förskräcklig längre.
572;jewelry;Gryningsring;Finger;15+;150;-;-;+1% Perfekt träff, +5 Bashälsa;;;;;;;;;En vacker ring vars färger kommer till sin rätta i en sommargrynings första solstrålar.
573;jewelry;Skymningsring;Finger;15+;150;-;-;+1% Perfekt träff, +4 Undvika anfall;;;;;;;;;En till synes färglös ring vars sanna natur endast visas nattetid.
570;jewelry;Virtuosring;Finger;20+;190;Kritchans 0-2%;-;-;Föremålssmide 4;2 x Flytande guld;;0;1500;;;;En typ av ring som sägs härstamma från en klan av vapenmästare från ett fjärran land.
412;weapon;Lorg mór;Mace;25+;;Skada 32-59 · Krit 60 + (10% till 10%) · Kritchans 0-8% · Hållbarhet 230 · Block/runda 2 · 2H · Vikt 29 · Ench 2;Kräver att du har bedriften Legend, 220 Styrka, 145 Hammare (rek);+5% hammare, +5% Styrka;;;;;;;;;Denna mytomspunna klubba vars kraft sägs vara stor nog att ha ihjäl nio fullvuxna man i en rörelse. Få har dock setts uppnå den styrka och skicklighet att förmå utdela ett sådant slag.
418;weapon;Zurins långspjut;Spear;25+;;Skada 16-27 · Krit 28 + (1% till 10%) · Kritchans 0-9% · Hållbarhet 116 · Block/runda 2 · Dual · Vikt 6 · Ench 1;Kräver att du har bedriften Legend, 120 Styrka, 170 Stickvapen (rek);+2% Perfekt träff, +5 stickvapen, +45 Initiativstyrka;;;;;;;;;Detta spjut är det spjut som Zurin själv vann legendturneringen med för många år sedan. Efter att han dragit sig tillbaka från matcher i gammal ålder, gav han spjutet till en av hans lärljungar. Sen dess har spjutet bytt händer otaliga gånger, tills det tillslut hamnade i Kejsarens egna händer.
992;weapon;Skuggväv;Chain;26+;660;Skada 3-6 · Krit 7 + (0% till 0%) · Kritchans 0-3% · Hållbarhet 62 · Block/runda 2 · Dual · Vikt 6 · Ench 1;110 Styrka, 130 Kättingvapen (rek);+7% Bashälsa, +10 Provokation;;;;;;;;;Skuggväv är ett nät vävt av ett sällsynt och mystiskt material som är så mörkt att det nästan verkar absorbera ljus. Trådarna är tunna och fina, smidiga nog att smälta in i skuggorna och bli nästan osynliga för ögat. Nätet är särskilt användbart i nattliga bakhåll eller för att fånga fiender ovetandes. Skuggväven har sitt ursprung bland skuggfolket i den tusenåriga skogen, en hemlighetsfull grupp som lever djupt i de mörkaste delarna av skogen. De lärde sig att spinna dessa nät för att jaga utan att lämna spår. När en fiende fångas i Skuggväv är det nästan omöjligt att slita sig loss, då nätet klibbar fast vid allt det vidrör, som om det själv levde.
1142;weapon;Skymningstörn;Sword;35+;900;Skada 16-20 · Krit 21 + (1% till 5%) · Kritchans 0-2% · Hållbarhet 180 · Block/runda 2 · Dual · Vikt 9 · Ench 1;130 Styrka, 140 Svärd (rek);+4% Bashälsa, +18 Provokation;;;;;;;;;Ett svärd smitt i nattens första timme, när solen just lämnat horisonten och stjärnorna ännu tvekar på att tändas. Klingan är djupt svart, men i dess mörker löper ådror av rödglödande runor som pulserar som om de andades. Varje hugg lämnar en svag skugga efter sig i luften, som om luften spricker en sekund för att sedan slutas igen.Legenden säger att Skymningstörnen inte bara skär i kött och ben, utan även i fiendens minne och vilja. Den som träffas kan plötsligt tappa fokus, glömma varför de strider – eller i värsta fall minnas något de helst velat glömma.De som burit svärdet länge har ofta blivit märkta av dess makt: deras ögon mörknar, deras skratt klingar ihåligt, och deras drömmar fylls av viskningar som ber om mer blod.
19;armor;Onkhvävsskor;Feet;1+;20;Block 2 · Vikt 1;50 Styrka;+1 Bashälsa;Rustningssmide 1;1 x Päls;;0;80;;;;Skor gjorda av vävd onkh-päls, ett material som ger ett något bättre skydd för bäraren än dess motsvarighet av tunnare tyg.  Det mesta talar för att de desperata gatubarn som samlar in onkhernas hår besitter mer mod än de gladiatorer som bär detta plagg.
297;armor;Trähink;Head;1+;;Block 4 (10%) · Vikt 1;-;-;;;;;;;;;"En uppåtnervänd trähink funkar som en temporär hjälm. Durin muttrade någonting om ""amatör"" när du visade ditt senaste rustningssmide, men han är säkert bara avundsjuk."
740;jewelry;Hästhov;Amulet;20+;;-;-;+4 Bashälsa, +3 Undvika anfall;;;;;;;;;Till synes ingenting speciellt - men någonting säger dig att just den här hoven trots allt är någonting extra... Vem vet?
943;weapon;Honnörsnät;Chain;35+;1084;Skada 5-9 · Krit 10 + (0% till 0%) · Kritchans 0-5% · Hållbarhet 108 · Block/runda 2 · Dual · Vikt 5 · Ench 1;120 Styrka, 170 Kättingvapen (rek);+1% Perfekt träff, +10 kättingvapen, +5 Uthållighet;;;;;;;;;
73;weapon;Pik;Spear;10+;150;Skada 16-18 · Krit 19 + (1% till 10%) · Kritchans 0-7% · Hållbarhet 80 · Block/runda 2 · 2H · Vikt 9 · Ench 2;75 Styrka, 80 Stickvapen (rek);+1% Perfekt träff, +15 Initiativstyrka;Vapensmide 2;5 x Granträ, 1 x Ekträ, 3 x Järn;;0;1100;;;;Denna pik har ett otroligt långt skaft, närmare tre meter. Från början användes den av infanteri som i militära formationer befann sig bakom den främre raden som bestod av sköldbärare. Skaftet är långt nog för att pikenärerna kunde sticka anfallarna i trygghet från bakom sköldbärarna.
94;consumable;Stor Vit Tinktur;;26+;;Cooldown 0 sekunder;-;-40 Provokation;;;;;;;;;
59;material;Järn;;-;8;-;-;-;;;;;;Durin Hammarhjälm;Brådmogen goblin, Cyklop, Enorm bergssköldpadda, Enorm sten, Erfaren goblin, Goblin, Goblinsk jägare, Havsjätte, Kungsörn, Mästerlig Goblin, Nyhörning, Rasande Goblin, Röd Känguru, Skogstroll, Ung goblin, Ung svartdvärg;Metall och mineral;Sedan effektiviseringen av brytandet av järnmalm fått genomslag i Stenhem med omnejd har järn blivit ett allt billigare och allt populärare material.
65;weapon;Kortspjut;Spear;1-19;20;Skada 2-5 · Krit 6 + (1% till 5%) · Kritchans 0-6% · Hållbarhet 18 · Block/runda 2 · Dual · Vikt 3 · Ench 1;20 Styrka, 55 Stickvapen (rek);+3% Perfekt träff, +7 Initiativstyrka;;;;;;;;;Före man är van vid riktiga långa spjut är det bra övning att prova med ett kortare.
72;weapon;Månspjut;Spear;10+;140;Skada 6-10 · Krit 11 + (1% till 5%) · Kritchans 0-7% · Hållbarhet 42 · Block/runda 2 · Dual · Vikt 3 · Ench 1;Kräver att du är av rasen alv, 40 Styrka, 115 Stickvapen (rek);+4% Perfekt träff, +5 stickvapen, +10 Initiativstyrka, +10 Undvika anfall;Vapensmide 2;2 x Granträ, 1 x Ekträ, 2 x Stål;;0;800;;;;Många alvsmeder har en särskild koppling till månen och natten. Vissa alviska ritualer blir starkare under månens sken, och med smedernas tekniker kan de ingjuta vissa magiska effekter i sina vapen beroende på vilken fas månen befinner sig i.Det här är den mest rudimentära formen av månspjut, och av tradition är det inte tillåtet för andra än alver att använda dem.
252;weapon;Stålspjut;Spear;15+;270;Skada 9-18 · Krit 19 + (1% till 10%) · Kritchans 0-5% · Hållbarhet 78 · Block/runda 2 · Dual · Vikt 10 · Ench 1;Kräver att du är av rasen dvärg, 110 Styrka, 125 Stickvapen (rek);+10 Styrka, +10 Initiativstyrka;Vapensmide 3;5 x Stål;;0;950;;;;Ett unikt spjut där skaftet och spetsen är smidda i ett stycke. Härstammar från en tid innan handel med människor etablerades, då det rådde brist på trä i gruvorna. I och med den extra vikten blir spjutet svårare att använda och de mest avancerade teknikerna blir oerhört svåra att utföra. För dvärgarna var detta ett mindre problem då de sällan hade smidigheten att använda spjutet på annat sätt än att utföra enklare stötar. Man ser oftast de kungliga vakterna stå med varsitt stålspjut och sköld vid kunglighetens entré.
987;weapon;Stormspjut;Spear;15+;470;Skada 9-19 · Krit 20 + (1% till 5%) · Kritchans 0-9% · Hållbarhet 62 · Block/runda 2 · Dual · Vikt 10 · Ench 1;125 Styrka, 135 Stickvapen (rek);+2% Perfekt träff, +5 Initiativstyrka;;;;;;;;;Stormspjutet är ett majestätiskt vapen, vars långa skaft är smitt av mörkt stål insvept i silverglänsande rundor som skimrar när spjutet svingas i luften. Spetsen är bred och formad som en blixt, gjord av en sällsynt metall som sägs ha fallit från himlen under en stormig natt. Enligt legenden skapades Stormspjutet av en mäktig stormgud, och det sägs att varje gång spjutet kastas, skapar det ett dån av åska och kan till och med framkalla blixtar som slår ner på bärarens fiender. Spjutet som beskrivs ovan existerar inte längre idag. Durins kopior gör dock jobbet alldeles utmärkt och duger till de flesta som vill äntra sanden med ett stabilt spjut i handen.
439;weapon;Påk;Mace;1-19;20;Skada 3-4 · Krit 5 + (10% till 10%) · Kritchans 0-1% · Hållbarhet 36 · Block/runda 2 · Dual · Vikt 9 · Ench 1;35 Styrka, 25 Hammare (rek);-;;;;;;;;;Vissa skulle kanske säga att det inte räknas som vapensmide att gå ut i skogen och hitta en pinne att slåss med. Tur att du har denna påk att uppfostra dem med.
1159;weapon;Urkross;Mace;25+;;Skada 29-58 · Krit 59 + (10% till 10%) · Kritchans 0-6% · Hållbarhet 225 · Block/runda 2 · 2H · Vikt 26 · Ench 1;Kräver att du har bedriften Legend, 240 Styrka, 150 Hammare (rek);+8% hammare, +8% Bashälsa, +8 Uthållighet;;;;;;;;;Urkross är en väldig tvåhandshammare smidd för att krossa det som ingen annan kraft rår på. Dess massiva huvud är täckt av sprickor som glöder svagt när vapnet svingas, som om bergets egen vrede bor i stålet. Legender berättar att varje slag från Urkross kan få marken att skälva och splittra sköldar, murar och ben med samma obevekliga kraft. Få är starka nog att lyfta den, desto färre kan nyttja dess kraft till fullo.
591;jewelry;Onyxkorp;Trinket;35+;2000;Träffchans +1;-;+6% Bashälsa, -10% Uthållighet, -2 Uthållighet, -3 Undvika anfall;;;;;;;;;En mycket vacker kamé i onyx föreställande en korp i flykt. Ålder och härkomst på föremålet är okänt för alla utom försäljaren, Derbur.
1129;jewelry;Åsklänk;Neck;40+;;Kritchans 0-1%;-;+2% Perfekt träff, +8 Styrka, +12 Initiativstyrka;;;;;;;;;I denna lilla glasflaska finns ett fångat åskmoln som blixtrar i vrede. Små gnistor dansar bakom glaset och fyller bäraren med övernaturlig kraft. Den som bär en åsklänk rör sig snabbare, slår hårdare och känner åskans vrede pulsera genom sina ådror.
62;material;Päls;;-;8;-;-;-;;;;;;Durin Hammarhjälm;Muterad prärievarg, Onkh, Onkhpatriark, Rasande grådvärg, Sabeltandad tiger, Skogstroll, Tiger, Ung onkh, Ung tiger, Utstött bhorgol, Utsvulten hyena, Vild silverbjörn, Vildsvin, Vit Stormörn, Vuxen hingst;Textil och läder;Det mest grundläggande materialet för att kunna framställa läder, skinn och andra material.
60;material;Stål;;-;30;-;-;-;Rustningssmide 2;3 x Järn;;0;50;Durin Hammarhjälm;Enorm bergssköldpadda, Enorm sten, Enorm tvåhörning, Erfaren goblin, Förvuxen Tvåhörning, Liten trehörning, Monstruös noshörning, Slavdrivare, Titanus-skalbagge, Ökensköldpadda;Metall och mineral;Överflödet av järn har också lett till ökad produktion av stål, en bearbetad och mer hållbart material framställt ur järnet.
192;consumable;Trollrot;;1+;;Cooldown 0 sekunder;Kräver att du är av rasen troll;-;;;;;;;;;Endast troll skulle mena på att en alldaglig rot skulle ha samma effekt som en välkomponerad mixtur.
76;material;Onyx;;-;150;-;-;-;;;;;;;Onkhpatriark;;
233;consumable;Tornrot;;30-34;;Varaktighet 30 · Cooldown 0 sekunder;-;-5 Bashälsa, -5 Uthållighet, +25 Provokation;Alkemi 6;1 x Okänd njure, 1 x Blodpint;;0;500;;;;
92;material;Ros;;-;;-;-;-;;;;;;;;Unik;
